Ár,Tekju- og gjaldaliðir,Tegund skipa,Rekstraryfirlit fiskveiða 1997-2024
1997,1. Tekjur alls,Samtals,59703
1997,1. Tekjur alls,Bátar undir 10 brl.,5140
1997,1. Tekjur alls,Bátar 10-200 brl.,13572
1997,1. Tekjur alls,Bátar > 200 brl.,2818
1997,1. Tekjur alls,Uppsjávarveiðiskip,10817
1997,1. Tekjur alls,Ísfisktogarar,7972
1997,1. Tekjur alls,Frystitogarar,19384
1997,1.1  Útflutningstekjur,Samtals,24363
1997,1.1  Útflutningstekjur,Bátar undir 10 brl.,82
1997,1.1  Útflutningstekjur,Bátar 10-200 brl.,2056
1997,1.1  Útflutningstekjur,Bátar > 200 brl.,1304
1997,1.1  Útflutningstekjur,Uppsjávarveiðiskip,368
1997,1.1  Útflutningstekjur,Ísfisktogarar,2093
1997,1.1  Útflutningstekjur,Frystitogarar,18459
1997,1.2  Selt hráefni,Samtals,32280
1997,1.2  Selt hráefni,Bátar undir 10 brl.,4136
1997,1.2  Selt hráefni,Bátar 10-200 brl.,10661
1997,1.2  Selt hráefni,Bátar > 200 brl.,1458
1997,1.2  Selt hráefni,Uppsjávarveiðiskip,10334
1997,1.2  Selt hráefni,Ísfisktogarar,5607
1997,1.2  Selt hráefni,Frystitogarar,85
1997,1.3  Aðrar tekjur,Samtals,3060
1997,1.3  Aðrar tekjur,Bátar undir 10 brl.,922
1997,1.3  Aðrar tekjur,Bátar 10-200 brl.,855
1997,1.3  Aðrar tekjur,Bátar > 200 brl.,56
1997,1.3  Aðrar tekjur,Uppsjávarveiðiskip,115
1997,1.3  Aðrar tekjur,Ísfisktogarar,272
1997,1.3  Aðrar tekjur,Frystitogarar,840
1997,2  Gjöld alls,Samtals,49574
1997,2  Gjöld alls,Bátar undir 10 brl.,3895
1997,2  Gjöld alls,Bátar 10-200 brl.,12186
1997,2  Gjöld alls,Bátar > 200 brl.,2422
1997,2  Gjöld alls,Uppsjávarveiðiskip,8014
1997,2  Gjöld alls,Ísfisktogarar,6959
1997,2  Gjöld alls,Frystitogarar,16099
1997,2.1  Aflahlutir,Samtals,17280
1997,2.1  Aflahlutir,Bátar undir 10 brl.,1205
1997,2.1  Aflahlutir,Bátar 10-200 brl.,4179
1997,2.1  Aflahlutir,Bátar > 200 brl.,771
1997,2.1  Aflahlutir,Uppsjávarveiðiskip,3086
1997,2.1  Aflahlutir,Ísfisktogarar,2106
1997,2.1  Aflahlutir,Frystitogarar,5933
1997,2.2  Önnur laun,Samtals,4480
1997,2.2  Önnur laun,Bátar undir 10 brl.,597
1997,2.2  Önnur laun,Bátar 10-200 brl.,1382
1997,2.2  Önnur laun,Bátar > 200 brl.,366
1997,2.2  Önnur laun,Uppsjávarveiðiskip,597
1997,2.2  Önnur laun,Ísfisktogarar,740
1997,2.2  Önnur laun,Frystitogarar,798
1997,2.3  Launatengd gjöld,Samtals,1922
1997,2.3  Launatengd gjöld,Bátar undir 10 brl.,159
1997,2.3  Launatengd gjöld,Bátar 10-200 brl.,491
1997,2.3  Launatengd gjöld,Bátar > 200 brl.,100
1997,2.3  Launatengd gjöld,Uppsjávarveiðiskip,325
1997,2.3  Launatengd gjöld,Ísfisktogarar,251
1997,2.3  Launatengd gjöld,Frystitogarar,595
1997,2.4  Olíur,Samtals,4813
1997,2.4  Olíur,Bátar undir 10 brl.,202
1997,2.4  Olíur,Bátar 10-200 brl.,851
1997,2.4  Olíur,Bátar > 200 brl.,189
1997,2.4  Olíur,Uppsjávarveiðiskip,780
1997,2.4  Olíur,Ísfisktogarar,972
1997,2.4  Olíur,Frystitogarar,1818
1997,2.5  Veiðarfæri,Samtals,3464
1997,2.5  Veiðarfæri,Bátar undir 10 brl.,213
1997,2.5  Veiðarfæri,Bátar 10-200 brl.,721
1997,2.5  Veiðarfæri,Bátar > 200 brl.,150
1997,2.5  Veiðarfæri,Uppsjávarveiðiskip,1053
1997,2.5  Veiðarfæri,Ísfisktogarar,490
1997,2.5  Veiðarfæri,Frystitogarar,838
1997,2.6  Viðhald,Samtals,5167
1997,2.6  Viðhald,Bátar undir 10 brl.,455
1997,2.6  Viðhald,Bátar 10-200 brl.,1413
1997,2.6  Viðhald,Bátar > 200 brl.,322
1997,2.6  Viðhald,Uppsjávarveiðiskip,884
1997,2.6  Viðhald,Ísfisktogarar,827
1997,2.6  Viðhald,Frystitogarar,1265
1997,2.7  Frystikostn. umbúðir og fl.,Samtals,.
1997,2.7  Frystikostn. umbúðir og fl.,Bátar undir 10 brl.,.
1997,2.7  Frystikostn. umbúðir og fl.,Bátar 10-200 brl.,.
1997,2.7  Frystikostn. umbúðir og fl.,Bátar > 200 brl.,.
1997,2.7  Frystikostn. umbúðir og fl.,Uppsjávarveiðiskip,.
1997,2.7  Frystikostn. umbúðir og fl.,Ísfisktogarar,.
1997,2.7  Frystikostn. umbúðir og fl.,Frystitogarar,.
1997,2.8  Flutningskostnaður,Samtals,353
1997,2.8  Flutningskostnaður,Bátar undir 10 brl.,107
1997,2.8  Flutningskostnaður,Bátar 10-200 brl.,94
1997,2.8  Flutningskostnaður,Bátar > 200 brl.,6
1997,2.8  Flutningskostnaður,Uppsjávarveiðiskip,38
1997,2.8  Flutningskostnaður,Ísfisktogarar,32
1997,2.8  Flutningskostnaður,Frystitogarar,77
1997,2.9  Laun v/skrifstofu,Samtals,440
1997,2.9  Laun v/skrifstofu,Bátar undir 10 brl.,6
1997,2.9  Laun v/skrifstofu,Bátar 10-200 brl.,130
1997,2.9  Laun v/skrifstofu,Bátar > 200 brl.,12
1997,2.9  Laun v/skrifstofu,Uppsjávarveiðiskip,100
1997,2.9  Laun v/skrifstofu,Ísfisktogarar,50
1997,2.9  Laun v/skrifstofu,Frystitogarar,142
1997,2.10 Skrifst.kostnaður,Samtals,1408
1997,2.10 Skrifst.kostnaður,Bátar undir 10 brl.,134
1997,2.10 Skrifst.kostnaður,Bátar 10-200 brl.,422
1997,2.10 Skrifst.kostnaður,Bátar > 200 brl.,87
1997,2.10 Skrifst.kostnaður,Uppsjávarveiðiskip,239
1997,2.10 Skrifst.kostnaður,Ísfisktogarar,162
1997,2.10 Skrifst.kostnaður,Frystitogarar,365
1997,2.11  Tryggingar,Samtals,969
1997,2.11  Tryggingar,Bátar undir 10 brl.,101
1997,2.11  Tryggingar,Bátar 10-200 brl.,272
1997,2.11  Tryggingar,Bátar > 200 brl.,28
1997,2.11  Tryggingar,Uppsjávarveiðiskip,140
1997,2.11  Tryggingar,Ísfisktogarar,107
1997,2.11  Tryggingar,Frystitogarar,321
1997,2.12 Sölukostnaður,Samtals,2399
1997,2.12 Sölukostnaður,Bátar undir 10 brl.,111
1997,2.12 Sölukostnaður,Bátar 10-200 brl.,711
1997,2.12 Sölukostnaður,Bátar > 200 brl.,122
1997,2.12 Sölukostnaður,Uppsjávarveiðiskip,11
1997,2.12 Sölukostnaður,Ísfisktogarar,484
1997,2.12 Sölukostnaður,Frystitogarar,962
1997,2.13 Löndunarkostnaður,Samtals,1167
1997,2.13 Löndunarkostnaður,Bátar undir 10 brl.,77
1997,2.13 Löndunarkostnaður,Bátar 10-200 brl.,260
1997,2.13 Löndunarkostnaður,Bátar > 200 brl.,39
1997,2.13 Löndunarkostnaður,Uppsjávarveiðiskip,155
1997,2.13 Löndunarkostnaður,Ísfisktogarar,286
1997,2.13 Löndunarkostnaður,Frystitogarar,350
1997,2.14 Kvótaleiga,Samtals,1282
1997,2.14 Kvótaleiga,Bátar undir 10 brl.,41
1997,2.14 Kvótaleiga,Bátar 10-200 brl.,709
1997,2.14 Kvótaleiga,Bátar > 200 brl.,42
1997,2.14 Kvótaleiga,Uppsjávarveiðiskip,127
1997,2.14 Kvótaleiga,Ísfisktogarar,169
1997,2.14 Kvótaleiga,Frystitogarar,194
1997,2.15 Önnur gjöld,Samtals,4430
1997,2.15 Önnur gjöld,Bátar undir 10 brl.,488
1997,2.15 Önnur gjöld,Bátar 10-200 brl.,549
1997,2.15 Önnur gjöld,Bátar > 200 brl.,189
1997,2.15 Önnur gjöld,Uppsjávarveiðiskip,481
1997,2.15 Önnur gjöld,Ísfisktogarar,283
1997,2.15 Önnur gjöld,Frystitogarar,2440
1997,Verg hlutdeild fjármagns (EBITDA),Samtals,10129
1997,Verg hlutdeild fjármagns (EBITDA),Bátar undir 10 brl.,1245
1997,Verg hlutdeild fjármagns (EBITDA),Bátar 10-200 brl.,1386
1997,Verg hlutdeild fjármagns (EBITDA),Bátar > 200 brl.,397
1997,Verg hlutdeild fjármagns (EBITDA),Uppsjávarveiðiskip,2803
1997,Verg hlutdeild fjármagns (EBITDA),Ísfisktogarar,1014
1997,Verg hlutdeild fjármagns (EBITDA),Frystitogarar,3285
1997,"EBITDA sem hlutfall af tekjum, %",Samtals,17.0
1997,"EBITDA sem hlutfall af tekjum, %",Bátar undir 10 brl.,24.2
1997,"EBITDA sem hlutfall af tekjum, %",Bátar 10-200 brl.,10.2
1997,"EBITDA sem hlutfall af tekjum, %",Bátar > 200 brl.,14.1
1997,"EBITDA sem hlutfall af tekjum, %",Uppsjávarveiðiskip,25.9
1997,"EBITDA sem hlutfall af tekjum, %",Ísfisktogarar,12.7
1997,"EBITDA sem hlutfall af tekjum, %",Frystitogarar,16.9
1997,Afskriftir,Samtals,8053
1997,Afskriftir,Bátar undir 10 brl.,579
1997,Afskriftir,Bátar 10-200 brl.,2084
1997,Afskriftir,Bátar > 200 brl.,451
1997,Afskriftir,Uppsjávarveiðiskip,1430
1997,Afskriftir,Ísfisktogarar,1004
1997,Afskriftir,Frystitogarar,2506
1997,Verðbreytingarfærsla og vextir,Samtals,3117
1997,Verðbreytingarfærsla og vextir,Bátar undir 10 brl.,346
1997,Verðbreytingarfærsla og vextir,Bátar 10-200 brl.,727
1997,Verðbreytingarfærsla og vextir,Bátar > 200 brl.,132
1997,Verðbreytingarfærsla og vextir,Uppsjávarveiðiskip,497
1997,Verðbreytingarfærsla og vextir,Ísfisktogarar,408
1997,Verðbreytingarfærsla og vextir,Frystitogarar,1008
1997,Hreinn hagnaður (EBT),Samtals,-1041
1997,Hreinn hagnaður (EBT),Bátar undir 10 brl.,320
1997,Hreinn hagnaður (EBT),Bátar 10-200 brl.,-1425
1997,Hreinn hagnaður (EBT),Bátar > 200 brl.,-186
1997,Hreinn hagnaður (EBT),Uppsjávarveiðiskip,877
1997,Hreinn hagnaður (EBT),Ísfisktogarar,-398
1997,Hreinn hagnaður (EBT),Frystitogarar,-228
1997,"Hreinn hagnaður sem hlutfall af tekjum, %",Samtals,-1.7
1997,"Hreinn hagnaður sem hlutfall af tekjum, %",Bátar undir 10 brl.,6.2
1997,"Hreinn hagnaður sem hlutfall af tekjum, %",Bátar 10-200 brl.,-10.5
1997,"Hreinn hagnaður sem hlutfall af tekjum, %",Bátar > 200 brl.,-6.6
1997,"Hreinn hagnaður sem hlutfall af tekjum, %",Uppsjávarveiðiskip,8.1
1997,"Hreinn hagnaður sem hlutfall af tekjum, %",Ísfisktogarar,-5.0
1997,"Hreinn hagnaður sem hlutfall af tekjum, %",Frystitogarar,-1.2
1997,"Árgreiðsla, 6%",Samtals,10034.0
1997,"Árgreiðsla, 6%",Bátar undir 10 brl.,835.0
1997,"Árgreiðsla, 6%",Bátar 10-200 brl.,1850.0
1997,"Árgreiðsla, 6%",Bátar > 200 brl.,582.0
1997,"Árgreiðsla, 6%",Uppsjávarveiðiskip,1455.0
1997,"Árgreiðsla, 6%",Ísfisktogarar,1363.0
1997,"Árgreiðsla, 6%",Frystitogarar,3949.0
1997,Hreinn hagnaður - árgreiðsla,Samtals,95
1997,Hreinn hagnaður - árgreiðsla,Bátar undir 10 brl.,409
1997,Hreinn hagnaður - árgreiðsla,Bátar 10-200 brl.,-464
1997,Hreinn hagnaður - árgreiðsla,Bátar > 200 brl.,-185
1997,Hreinn hagnaður - árgreiðsla,Uppsjávarveiðiskip,1348
1997,Hreinn hagnaður - árgreiðsla,Ísfisktogarar,-349
1997,Hreinn hagnaður - árgreiðsla,Frystitogarar,-664
1997,"sem hlutfall af tekjum, %",Samtals,0.2
1997,"sem hlutfall af tekjum, %",Bátar undir 10 brl.,8.0
1997,"sem hlutfall af tekjum, %",Bátar 10-200 brl.,-3.4
1997,"sem hlutfall af tekjum, %",Bátar > 200 brl.,-6.6
1997,"sem hlutfall af tekjum, %",Uppsjávarveiðiskip,12.5
1997,"sem hlutfall af tekjum, %",Ísfisktogarar,-4.4
1997,"sem hlutfall af tekjum, %",Frystitogarar,-3.4
1998,1. Tekjur alls,Samtals,62787
1998,1. Tekjur alls,Bátar undir 10 brl.,6433
1998,1. Tekjur alls,Bátar 10-200 brl.,13269
1998,1. Tekjur alls,Bátar > 200 brl.,2943
1998,1. Tekjur alls,Uppsjávarveiðiskip,9187
1998,1. Tekjur alls,Ísfisktogarar,7984
1998,1. Tekjur alls,Frystitogarar,22972
1998,1.1  Útflutningstekjur,Samtals,26256
1998,1.1  Útflutningstekjur,Bátar undir 10 brl.,61
1998,1.1  Útflutningstekjur,Bátar 10-200 brl.,2137
1998,1.1  Útflutningstekjur,Bátar > 200 brl.,498
1998,1.1  Útflutningstekjur,Uppsjávarveiðiskip,212
1998,1.1  Útflutningstekjur,Ísfisktogarar,1840
1998,1.1  Útflutningstekjur,Frystitogarar,21509
1998,1.2  Selt hráefni,Samtals,33227
1998,1.2  Selt hráefni,Bátar undir 10 brl.,5595
1998,1.2  Selt hráefni,Bátar 10-200 brl.,10369
1998,1.2  Selt hráefni,Bátar > 200 brl.,2304
1998,1.2  Selt hráefni,Uppsjávarveiðiskip,8762
1998,1.2  Selt hráefni,Ísfisktogarar,5944
1998,1.2  Selt hráefni,Frystitogarar,252
1998,1.3  Aðrar tekjur,Samtals,3304
1998,1.3  Aðrar tekjur,Bátar undir 10 brl.,776
1998,1.3  Aðrar tekjur,Bátar 10-200 brl.,763
1998,1.3  Aðrar tekjur,Bátar > 200 brl.,141
1998,1.3  Aðrar tekjur,Uppsjávarveiðiskip,213
1998,1.3  Aðrar tekjur,Ísfisktogarar,200
1998,1.3  Aðrar tekjur,Frystitogarar,1211
1998,2  Gjöld alls,Samtals,50391
1998,2  Gjöld alls,Bátar undir 10 brl.,4993
1998,2  Gjöld alls,Bátar 10-200 brl.,11656
1998,2  Gjöld alls,Bátar > 200 brl.,2232
1998,2  Gjöld alls,Uppsjávarveiðiskip,6981
1998,2  Gjöld alls,Ísfisktogarar,6830
1998,2  Gjöld alls,Frystitogarar,17699
1998,2.1  Aflahlutir,Samtals,18554
1998,2.1  Aflahlutir,Bátar undir 10 brl.,1483
1998,2.1  Aflahlutir,Bátar 10-200 brl.,4308
1998,2.1  Aflahlutir,Bátar > 200 brl.,823
1998,2.1  Aflahlutir,Uppsjávarveiðiskip,2723
1998,2.1  Aflahlutir,Ísfisktogarar,2251
1998,2.1  Aflahlutir,Frystitogarar,6967
1998,2.2  Önnur laun,Samtals,3674
1998,2.2  Önnur laun,Bátar undir 10 brl.,0
1998,2.2  Önnur laun,Bátar 10-200 brl.,1061
1998,2.2  Önnur laun,Bátar > 200 brl.,371
1998,2.2  Önnur laun,Uppsjávarveiðiskip,660
1998,2.2  Önnur laun,Ísfisktogarar,634
1998,2.2  Önnur laun,Frystitogarar,949
1998,2.3  Launatengd gjöld,Samtals,1959
1998,2.3  Launatengd gjöld,Bátar undir 10 brl.,131
1998,2.3  Launatengd gjöld,Bátar 10-200 brl.,473
1998,2.3  Launatengd gjöld,Bátar > 200 brl.,106
1998,2.3  Launatengd gjöld,Uppsjávarveiðiskip,298
1998,2.3  Launatengd gjöld,Ísfisktogarar,254
1998,2.3  Launatengd gjöld,Frystitogarar,697
1998,2.4  Olíur,Samtals,3445
1998,2.4  Olíur,Bátar undir 10 brl.,145
1998,2.4  Olíur,Bátar 10-200 brl.,517
1998,2.4  Olíur,Bátar > 200 brl.,143
1998,2.4  Olíur,Uppsjávarveiðiskip,497
1998,2.4  Olíur,Ísfisktogarar,684
1998,2.4  Olíur,Frystitogarar,1458
1998,2.5  Veiðarfæri,Samtals,3484
1998,2.5  Veiðarfæri,Bátar undir 10 brl.,215
1998,2.5  Veiðarfæri,Bátar 10-200 brl.,675
1998,2.5  Veiðarfæri,Bátar > 200 brl.,129
1998,2.5  Veiðarfæri,Uppsjávarveiðiskip,1047
1998,2.5  Veiðarfæri,Ísfisktogarar,493
1998,2.5  Veiðarfæri,Frystitogarar,925
1998,2.6  Viðhald,Samtals,5167
1998,2.6  Viðhald,Bátar undir 10 brl.,734
1998,2.6  Viðhald,Bátar 10-200 brl.,1255
1998,2.6  Viðhald,Bátar > 200 brl.,224
1998,2.6  Viðhald,Uppsjávarveiðiskip,752
1998,2.6  Viðhald,Ísfisktogarar,829
1998,2.6  Viðhald,Frystitogarar,1374
1998,2.7  Frystikostn. umbúðir og fl.,Samtals,.
1998,2.7  Frystikostn. umbúðir og fl.,Bátar undir 10 brl.,.
1998,2.7  Frystikostn. umbúðir og fl.,Bátar 10-200 brl.,.
1998,2.7  Frystikostn. umbúðir og fl.,Bátar > 200 brl.,.
1998,2.7  Frystikostn. umbúðir og fl.,Uppsjávarveiðiskip,.
1998,2.7  Frystikostn. umbúðir og fl.,Ísfisktogarar,.
1998,2.7  Frystikostn. umbúðir og fl.,Frystitogarar,.
1998,2.8  Flutningskostnaður,Samtals,362
1998,2.8  Flutningskostnaður,Bátar undir 10 brl.,152
1998,2.8  Flutningskostnaður,Bátar 10-200 brl.,108
1998,2.8  Flutningskostnaður,Bátar > 200 brl.,2
1998,2.8  Flutningskostnaður,Uppsjávarveiðiskip,19
1998,2.8  Flutningskostnaður,Ísfisktogarar,32
1998,2.8  Flutningskostnaður,Frystitogarar,49
1998,2.9  Laun v/skrifstofu,Samtals,1847
1998,2.9  Laun v/skrifstofu,Bátar undir 10 brl.,873
1998,2.9  Laun v/skrifstofu,Bátar 10-200 brl.,262
1998,2.9  Laun v/skrifstofu,Bátar > 200 brl.,8
1998,2.9  Laun v/skrifstofu,Uppsjávarveiðiskip,179
1998,2.9  Laun v/skrifstofu,Ísfisktogarar,120
1998,2.9  Laun v/skrifstofu,Frystitogarar,404
1998,2.10 Skrifst.kostnaður,Samtals,1309
1998,2.10 Skrifst.kostnaður,Bátar undir 10 brl.,185
1998,2.10 Skrifst.kostnaður,Bátar 10-200 brl.,339
1998,2.10 Skrifst.kostnaður,Bátar > 200 brl.,76
1998,2.10 Skrifst.kostnaður,Uppsjávarveiðiskip,223
1998,2.10 Skrifst.kostnaður,Ísfisktogarar,148
1998,2.10 Skrifst.kostnaður,Frystitogarar,339
1998,2.11  Tryggingar,Samtals,808
1998,2.11  Tryggingar,Bátar undir 10 brl.,157
1998,2.11  Tryggingar,Bátar 10-200 brl.,218
1998,2.11  Tryggingar,Bátar > 200 brl.,22
1998,2.11  Tryggingar,Uppsjávarveiðiskip,66
1998,2.11  Tryggingar,Ísfisktogarar,105
1998,2.11  Tryggingar,Frystitogarar,240
1998,2.12 Sölukostnaður,Samtals,2971
1998,2.12 Sölukostnaður,Bátar undir 10 brl.,164
1998,2.12 Sölukostnaður,Bátar 10-200 brl.,890
1998,2.12 Sölukostnaður,Bátar > 200 brl.,117
1998,2.12 Sölukostnaður,Uppsjávarveiðiskip,6
1998,2.12 Sölukostnaður,Ísfisktogarar,512
1998,2.12 Sölukostnaður,Frystitogarar,1283
1998,2.13 Löndunarkostnaður,Samtals,1213
1998,2.13 Löndunarkostnaður,Bátar undir 10 brl.,163
1998,2.13 Löndunarkostnaður,Bátar 10-200 brl.,240
1998,2.13 Löndunarkostnaður,Bátar > 200 brl.,43
1998,2.13 Löndunarkostnaður,Uppsjávarveiðiskip,123
1998,2.13 Löndunarkostnaður,Ísfisktogarar,277
1998,2.13 Löndunarkostnaður,Frystitogarar,366
1998,2.14 Kvótaleiga,Samtals,2115
1998,2.14 Kvótaleiga,Bátar undir 10 brl.,209
1998,2.14 Kvótaleiga,Bátar 10-200 brl.,1132
1998,2.14 Kvótaleiga,Bátar > 200 brl.,7
1998,2.14 Kvótaleiga,Uppsjávarveiðiskip,61
1998,2.14 Kvótaleiga,Ísfisktogarar,218
1998,2.14 Kvótaleiga,Frystitogarar,488
1998,2.15 Önnur gjöld,Samtals,3482
1998,2.15 Önnur gjöld,Bátar undir 10 brl.,381
1998,2.15 Önnur gjöld,Bátar 10-200 brl.,177
1998,2.15 Önnur gjöld,Bátar > 200 brl.,162
1998,2.15 Önnur gjöld,Uppsjávarveiðiskip,327
1998,2.15 Önnur gjöld,Ísfisktogarar,275
1998,2.15 Önnur gjöld,Frystitogarar,2160
1998,Verg hlutdeild fjármagns (EBITDA),Samtals,12396
1998,Verg hlutdeild fjármagns (EBITDA),Bátar undir 10 brl.,1439
1998,Verg hlutdeild fjármagns (EBITDA),Bátar 10-200 brl.,1612
1998,Verg hlutdeild fjármagns (EBITDA),Bátar > 200 brl.,711
1998,Verg hlutdeild fjármagns (EBITDA),Uppsjávarveiðiskip,2206
1998,Verg hlutdeild fjármagns (EBITDA),Ísfisktogarar,1154
1998,Verg hlutdeild fjármagns (EBITDA),Frystitogarar,5274
1998,"EBITDA sem hlutfall af tekjum, %",Samtals,19.7
1998,"EBITDA sem hlutfall af tekjum, %",Bátar undir 10 brl.,22.4
1998,"EBITDA sem hlutfall af tekjum, %",Bátar 10-200 brl.,12.2
1998,"EBITDA sem hlutfall af tekjum, %",Bátar > 200 brl.,24.2
1998,"EBITDA sem hlutfall af tekjum, %",Uppsjávarveiðiskip,24.0
1998,"EBITDA sem hlutfall af tekjum, %",Ísfisktogarar,14.5
1998,"EBITDA sem hlutfall af tekjum, %",Frystitogarar,23.0
1998,Afskriftir,Samtals,9638
1998,Afskriftir,Bátar undir 10 brl.,900
1998,Afskriftir,Bátar 10-200 brl.,2102
1998,Afskriftir,Bátar > 200 brl.,478
1998,Afskriftir,Uppsjávarveiðiskip,1342
1998,Afskriftir,Ísfisktogarar,1211
1998,Afskriftir,Frystitogarar,3606
1998,Verðbreytingarfærsla og vextir,Samtals,3428
1998,Verðbreytingarfærsla og vextir,Bátar undir 10 brl.,408
1998,Verðbreytingarfærsla og vextir,Bátar 10-200 brl.,663
1998,Verðbreytingarfærsla og vextir,Bátar > 200 brl.,204
1998,Verðbreytingarfærsla og vextir,Uppsjávarveiðiskip,389
1998,Verðbreytingarfærsla og vextir,Ísfisktogarar,392
1998,Verðbreytingarfærsla og vextir,Frystitogarar,1372
1998,Hreinn hagnaður (EBT),Samtals,670
1998,Hreinn hagnaður (EBT),Bátar undir 10 brl.,131
1998,Hreinn hagnaður (EBT),Bátar 10-200 brl.,-1152
1998,Hreinn hagnaður (EBT),Bátar > 200 brl.,28
1998,Hreinn hagnaður (EBT),Uppsjávarveiðiskip,475
1998,Hreinn hagnaður (EBT),Ísfisktogarar,-448
1998,Hreinn hagnaður (EBT),Frystitogarar,296
1998,"Hreinn hagnaður sem hlutfall af tekjum, %",Samtals,1.1
1998,"Hreinn hagnaður sem hlutfall af tekjum, %",Bátar undir 10 brl.,2.0
1998,"Hreinn hagnaður sem hlutfall af tekjum, %",Bátar 10-200 brl.,-8.7
1998,"Hreinn hagnaður sem hlutfall af tekjum, %",Bátar > 200 brl.,1.0
1998,"Hreinn hagnaður sem hlutfall af tekjum, %",Uppsjávarveiðiskip,5.2
1998,"Hreinn hagnaður sem hlutfall af tekjum, %",Ísfisktogarar,-5.6
1998,"Hreinn hagnaður sem hlutfall af tekjum, %",Frystitogarar,1.3
1998,"Árgreiðsla, 6%",Samtals,9999.0
1998,"Árgreiðsla, 6%",Bátar undir 10 brl.,835.0
1998,"Árgreiðsla, 6%",Bátar 10-200 brl.,1869.0
1998,"Árgreiðsla, 6%",Bátar > 200 brl.,596.0
1998,"Árgreiðsla, 6%",Uppsjávarveiðiskip,1642.0
1998,"Árgreiðsla, 6%",Ísfisktogarar,1327.0
1998,"Árgreiðsla, 6%",Frystitogarar,3729.0
1998,Hreinn hagnaður - árgreiðsla,Samtals,2397
1998,Hreinn hagnaður - árgreiðsla,Bátar undir 10 brl.,604
1998,Hreinn hagnaður - árgreiðsla,Bátar 10-200 brl.,-257
1998,Hreinn hagnaður - árgreiðsla,Bátar > 200 brl.,115
1998,Hreinn hagnaður - árgreiðsla,Uppsjávarveiðiskip,564
1998,Hreinn hagnaður - árgreiðsla,Ísfisktogarar,-173
1998,Hreinn hagnaður - árgreiðsla,Frystitogarar,1544
1998,"sem hlutfall af tekjum, %",Samtals,3.8
1998,"sem hlutfall af tekjum, %",Bátar undir 10 brl.,9.4
1998,"sem hlutfall af tekjum, %",Bátar 10-200 brl.,-1.9
1998,"sem hlutfall af tekjum, %",Bátar > 200 brl.,3.9
1998,"sem hlutfall af tekjum, %",Uppsjávarveiðiskip,6.1
1998,"sem hlutfall af tekjum, %",Ísfisktogarar,-2.2
1998,"sem hlutfall af tekjum, %",Frystitogarar,6.7
1999,1. Tekjur alls,Samtals,64023
1999,1. Tekjur alls,Bátar undir 10 brl.,7445
1999,1. Tekjur alls,Bátar 10-200 brl.,15136
1999,1. Tekjur alls,Bátar > 200 brl.,3755
1999,1. Tekjur alls,Uppsjávarveiðiskip,5967
1999,1. Tekjur alls,Ísfisktogarar,8894
1999,1. Tekjur alls,Frystitogarar,22827
1999,1.1  Útflutningstekjur,Samtals,26775
1999,1.1  Útflutningstekjur,Bátar undir 10 brl.,211
1999,1.1  Útflutningstekjur,Bátar 10-200 brl.,2387
1999,1.1  Útflutningstekjur,Bátar > 200 brl.,665
1999,1.1  Útflutningstekjur,Uppsjávarveiðiskip,151
1999,1.1  Útflutningstekjur,Ísfisktogarar,2035
1999,1.1  Útflutningstekjur,Frystitogarar,21325
1999,1.2  Selt hráefni,Samtals,33954
1999,1.2  Selt hráefni,Bátar undir 10 brl.,6497
1999,1.2  Selt hráefni,Bátar 10-200 brl.,11615
1999,1.2  Selt hráefni,Bátar > 200 brl.,2990
1999,1.2  Selt hráefni,Uppsjávarveiðiskip,5735
1999,1.2  Selt hráefni,Ísfisktogarar,6703
1999,1.2  Selt hráefni,Frystitogarar,414
1999,1.3  Aðrar tekjur,Samtals,3294
1999,1.3  Aðrar tekjur,Bátar undir 10 brl.,737
1999,1.3  Aðrar tekjur,Bátar 10-200 brl.,1134
1999,1.3  Aðrar tekjur,Bátar > 200 brl.,99
1999,1.3  Aðrar tekjur,Uppsjávarveiðiskip,80
1999,1.3  Aðrar tekjur,Ísfisktogarar,156
1999,1.3  Aðrar tekjur,Frystitogarar,1088
1999,2  Gjöld alls,Samtals,52130
1999,2  Gjöld alls,Bátar undir 10 brl.,5494
1999,2  Gjöld alls,Bátar 10-200 brl.,13341
1999,2  Gjöld alls,Bátar > 200 brl.,2845
1999,2  Gjöld alls,Uppsjávarveiðiskip,5845
1999,2  Gjöld alls,Ísfisktogarar,7323
1999,2  Gjöld alls,Frystitogarar,17283
1999,2.1  Aflahlutir,Samtals,18693
1999,2.1  Aflahlutir,Bátar undir 10 brl.,1458
1999,2.1  Aflahlutir,Bátar 10-200 brl.,4797
1999,2.1  Aflahlutir,Bátar > 200 brl.,1067
1999,2.1  Aflahlutir,Uppsjávarveiðiskip,1775
1999,2.1  Aflahlutir,Ísfisktogarar,2510
1999,2.1  Aflahlutir,Frystitogarar,7086
1999,2.2  Önnur laun,Samtals,3828
1999,2.2  Önnur laun,Bátar undir 10 brl.,72
1999,2.2  Önnur laun,Bátar 10-200 brl.,1318
1999,2.2  Önnur laun,Bátar > 200 brl.,506
1999,2.2  Önnur laun,Uppsjávarveiðiskip,729
1999,2.2  Önnur laun,Ísfisktogarar,521
1999,2.2  Önnur laun,Frystitogarar,681
1999,2.3  Launatengd gjöld,Samtals,1985
1999,2.3  Launatengd gjöld,Bátar undir 10 brl.,135
1999,2.3  Launatengd gjöld,Bátar 10-200 brl.,539
1999,2.3  Launatengd gjöld,Bátar > 200 brl.,139
1999,2.3  Launatengd gjöld,Uppsjávarveiðiskip,221
1999,2.3  Launatengd gjöld,Ísfisktogarar,266
1999,2.3  Launatengd gjöld,Frystitogarar,685
1999,2.4  Olíur,Samtals,3334
1999,2.4  Olíur,Bátar undir 10 brl.,127
1999,2.4  Olíur,Bátar 10-200 brl.,615
1999,2.4  Olíur,Bátar > 200 brl.,189
1999,2.4  Olíur,Uppsjávarveiðiskip,464
1999,2.4  Olíur,Ísfisktogarar,670
1999,2.4  Olíur,Frystitogarar,1269
1999,2.5  Veiðarfæri,Samtals,3193
1999,2.5  Veiðarfæri,Bátar undir 10 brl.,213
1999,2.5  Veiðarfæri,Bátar 10-200 brl.,674
1999,2.5  Veiðarfæri,Bátar > 200 brl.,200
1999,2.5  Veiðarfæri,Uppsjávarveiðiskip,774
1999,2.5  Veiðarfæri,Ísfisktogarar,504
1999,2.5  Veiðarfæri,Frystitogarar,828
1999,2.6  Viðhald,Samtals,5067
1999,2.6  Viðhald,Bátar undir 10 brl.,586
1999,2.6  Viðhald,Bátar 10-200 brl.,1300
1999,2.6  Viðhald,Bátar > 200 brl.,279
1999,2.6  Viðhald,Uppsjávarveiðiskip,711
1999,2.6  Viðhald,Ísfisktogarar,898
1999,2.6  Viðhald,Frystitogarar,1292
1999,2.7  Frystikostn. umbúðir og fl.,Samtals,.
1999,2.7  Frystikostn. umbúðir og fl.,Bátar undir 10 brl.,.
1999,2.7  Frystikostn. umbúðir og fl.,Bátar 10-200 brl.,.
1999,2.7  Frystikostn. umbúðir og fl.,Bátar > 200 brl.,.
1999,2.7  Frystikostn. umbúðir og fl.,Uppsjávarveiðiskip,.
1999,2.7  Frystikostn. umbúðir og fl.,Ísfisktogarar,.
1999,2.7  Frystikostn. umbúðir og fl.,Frystitogarar,.
1999,2.8  Flutningskostnaður,Samtals,368
1999,2.8  Flutningskostnaður,Bátar undir 10 brl.,155
1999,2.8  Flutningskostnaður,Bátar 10-200 brl.,91
1999,2.8  Flutningskostnaður,Bátar > 200 brl.,3
1999,2.8  Flutningskostnaður,Uppsjávarveiðiskip,27
1999,2.8  Flutningskostnaður,Ísfisktogarar,25
1999,2.8  Flutningskostnaður,Frystitogarar,67
1999,2.9  Laun v/skrifstofu,Samtals,2267
1999,2.9  Laun v/skrifstofu,Bátar undir 10 brl.,1051
1999,2.9  Laun v/skrifstofu,Bátar 10-200 brl.,381
1999,2.9  Laun v/skrifstofu,Bátar > 200 brl.,94
1999,2.9  Laun v/skrifstofu,Uppsjávarveiðiskip,134
1999,2.9  Laun v/skrifstofu,Ísfisktogarar,163
1999,2.9  Laun v/skrifstofu,Frystitogarar,444
1999,2.10 Skrifst.kostnaður,Samtals,1208
1999,2.10 Skrifst.kostnaður,Bátar undir 10 brl.,179
1999,2.10 Skrifst.kostnaður,Bátar 10-200 brl.,323
1999,2.10 Skrifst.kostnaður,Bátar > 200 brl.,88
1999,2.10 Skrifst.kostnaður,Uppsjávarveiðiskip,244
1999,2.10 Skrifst.kostnaður,Ísfisktogarar,132
1999,2.10 Skrifst.kostnaður,Frystitogarar,241
1999,2.11  Tryggingar,Samtals,1247
1999,2.11  Tryggingar,Bátar undir 10 brl.,174
1999,2.11  Tryggingar,Bátar 10-200 brl.,280
1999,2.11  Tryggingar,Bátar > 200 brl.,26
1999,2.11  Tryggingar,Uppsjávarveiðiskip,95
1999,2.11  Tryggingar,Ísfisktogarar,180
1999,2.11  Tryggingar,Frystitogarar,491
1999,2.12 Sölukostnaður,Samtals,3213
1999,2.12 Sölukostnaður,Bátar undir 10 brl.,265
1999,2.12 Sölukostnaður,Bátar 10-200 brl.,1055
1999,2.12 Sölukostnaður,Bátar > 200 brl.,150
1999,2.12 Sölukostnaður,Uppsjávarveiðiskip,39
1999,2.12 Sölukostnaður,Ísfisktogarar,548
1999,2.12 Sölukostnaður,Frystitogarar,1156
1999,2.13 Löndunarkostnaður,Samtals,1472
1999,2.13 Löndunarkostnaður,Bátar undir 10 brl.,145
1999,2.13 Löndunarkostnaður,Bátar 10-200 brl.,264
1999,2.13 Löndunarkostnaður,Bátar > 200 brl.,63
1999,2.13 Löndunarkostnaður,Uppsjávarveiðiskip,99
1999,2.13 Löndunarkostnaður,Ísfisktogarar,270
1999,2.13 Löndunarkostnaður,Frystitogarar,632
1999,2.14 Kvótaleiga,Samtals,2696
1999,2.14 Kvótaleiga,Bátar undir 10 brl.,471
1999,2.14 Kvótaleiga,Bátar 10-200 brl.,1522
1999,2.14 Kvótaleiga,Bátar > 200 brl.,0
1999,2.14 Kvótaleiga,Uppsjávarveiðiskip,1
1999,2.14 Kvótaleiga,Ísfisktogarar,235
1999,2.14 Kvótaleiga,Frystitogarar,467
1999,2.15 Önnur gjöld,Samtals,3560
1999,2.15 Önnur gjöld,Bátar undir 10 brl.,464
1999,2.15 Önnur gjöld,Bátar 10-200 brl.,182
1999,2.15 Önnur gjöld,Bátar > 200 brl.,39
1999,2.15 Önnur gjöld,Uppsjávarveiðiskip,532
1999,2.15 Önnur gjöld,Ísfisktogarar,400
1999,2.15 Önnur gjöld,Frystitogarar,1943
1999,Verg hlutdeild fjármagns (EBITDA),Samtals,11893
1999,Verg hlutdeild fjármagns (EBITDA),Bátar undir 10 brl.,1951
1999,Verg hlutdeild fjármagns (EBITDA),Bátar 10-200 brl.,1795
1999,Verg hlutdeild fjármagns (EBITDA),Bátar > 200 brl.,910
1999,Verg hlutdeild fjármagns (EBITDA),Uppsjávarveiðiskip,122
1999,Verg hlutdeild fjármagns (EBITDA),Ísfisktogarar,1571
1999,Verg hlutdeild fjármagns (EBITDA),Frystitogarar,5545
1999,"EBITDA sem hlutfall af tekjum, %",Samtals,18.6
1999,"EBITDA sem hlutfall af tekjum, %",Bátar undir 10 brl.,26.2
1999,"EBITDA sem hlutfall af tekjum, %",Bátar 10-200 brl.,11.9
1999,"EBITDA sem hlutfall af tekjum, %",Bátar > 200 brl.,24.2
1999,"EBITDA sem hlutfall af tekjum, %",Uppsjávarveiðiskip,2.0
1999,"EBITDA sem hlutfall af tekjum, %",Ísfisktogarar,17.7
1999,"EBITDA sem hlutfall af tekjum, %",Frystitogarar,24.3
1999,Afskriftir,Samtals,9797
1999,Afskriftir,Bátar undir 10 brl.,979
1999,Afskriftir,Bátar 10-200 brl.,2090
1999,Afskriftir,Bátar > 200 brl.,508
1999,Afskriftir,Uppsjávarveiðiskip,1325
1999,Afskriftir,Ísfisktogarar,1533
1999,Afskriftir,Frystitogarar,3363
1999,Verðbreytingarfærsla og vextir,Samtals,1961
1999,Verðbreytingarfærsla og vextir,Bátar undir 10 brl.,361
1999,Verðbreytingarfærsla og vextir,Bátar 10-200 brl.,677
1999,Verðbreytingarfærsla og vextir,Bátar > 200 brl.,-38
1999,Verðbreytingarfærsla og vextir,Uppsjávarveiðiskip,189
1999,Verðbreytingarfærsla og vextir,Ísfisktogarar,48
1999,Verðbreytingarfærsla og vextir,Frystitogarar,723
1999,Hreinn hagnaður (EBT),Samtals,135
1999,Hreinn hagnaður (EBT),Bátar undir 10 brl.,611
1999,Hreinn hagnaður (EBT),Bátar 10-200 brl.,-972
1999,Hreinn hagnaður (EBT),Bátar > 200 brl.,439
1999,Hreinn hagnaður (EBT),Uppsjávarveiðiskip,-1393
1999,Hreinn hagnaður (EBT),Ísfisktogarar,-9
1999,Hreinn hagnaður (EBT),Frystitogarar,1459
1999,"Hreinn hagnaður sem hlutfall af tekjum, %",Samtals,0.2
1999,"Hreinn hagnaður sem hlutfall af tekjum, %",Bátar undir 10 brl.,8.2
1999,"Hreinn hagnaður sem hlutfall af tekjum, %",Bátar 10-200 brl.,6.4
1999,"Hreinn hagnaður sem hlutfall af tekjum, %",Bátar > 200 brl.,11.7
1999,"Hreinn hagnaður sem hlutfall af tekjum, %",Uppsjávarveiðiskip,-23.3
1999,"Hreinn hagnaður sem hlutfall af tekjum, %",Ísfisktogarar,-0.1
1999,"Hreinn hagnaður sem hlutfall af tekjum, %",Frystitogarar,6.4
1999,"Árgreiðsla, 6%",Samtals,10052.0
1999,"Árgreiðsla, 6%",Bátar undir 10 brl.,835.0
1999,"Árgreiðsla, 6%",Bátar 10-200 brl.,2032.0
1999,"Árgreiðsla, 6%",Bátar > 200 brl.,873.0
1999,"Árgreiðsla, 6%",Uppsjávarveiðiskip,1682.0
1999,"Árgreiðsla, 6%",Ísfisktogarar,1347.0
1999,"Árgreiðsla, 6%",Frystitogarar,3282.0
1999,Hreinn hagnaður - árgreiðsla,Samtals,1842
1999,Hreinn hagnaður - árgreiðsla,Bátar undir 10 brl.,1115
1999,Hreinn hagnaður - árgreiðsla,Bátar 10-200 brl.,-237
1999,Hreinn hagnaður - árgreiðsla,Bátar > 200 brl.,37
1999,Hreinn hagnaður - árgreiðsla,Uppsjávarveiðiskip,-1561
1999,Hreinn hagnaður - árgreiðsla,Ísfisktogarar,225
1999,Hreinn hagnaður - árgreiðsla,Frystitogarar,2263
1999,"sem hlutfall af tekjum, %",Samtals,2.9
1999,"sem hlutfall af tekjum, %",Bátar undir 10 brl.,15.0
1999,"sem hlutfall af tekjum, %",Bátar 10-200 brl.,-1.6
1999,"sem hlutfall af tekjum, %",Bátar > 200 brl.,3.9
1999,"sem hlutfall af tekjum, %",Uppsjávarveiðiskip,-26.2
1999,"sem hlutfall af tekjum, %",Ísfisktogarar,2.5
1999,"sem hlutfall af tekjum, %",Frystitogarar,9.9
2000,1. Tekjur alls,Samtals,62548
2000,1. Tekjur alls,Bátar undir 10 brl.,8041
2000,1. Tekjur alls,Bátar 10-200 brl.,14868
2000,1. Tekjur alls,Bátar > 200 brl.,4578
2000,1. Tekjur alls,Uppsjávarveiðiskip,7097
2000,1. Tekjur alls,Ísfisktogarar,8188
2000,1. Tekjur alls,Frystitogarar,19776
2000,1.1  Útflutningstekjur,Samtals,25273
2000,1.1  Útflutningstekjur,Bátar undir 10 brl.,365
2000,1.1  Útflutningstekjur,Bátar 10-200 brl.,2253
2000,1.1  Útflutningstekjur,Bátar > 200 brl.,792
2000,1.1  Útflutningstekjur,Uppsjávarveiðiskip,478
2000,1.1  Útflutningstekjur,Ísfisktogarar,1930
2000,1.1  Útflutningstekjur,Frystitogarar,19456
2000,1.2  Selt hráefni,Samtals,33737
2000,1.2  Selt hráefni,Bátar undir 10 brl.,6616
2000,1.2  Selt hráefni,Bátar 10-200 brl.,11342
2000,1.2  Selt hráefni,Bátar > 200 brl.,3598
2000,1.2  Selt hráefni,Uppsjávarveiðiskip,6224
2000,1.2  Selt hráefni,Ísfisktogarar,5936
2000,1.2  Selt hráefni,Frystitogarar,21
2000,1.3  Aðrar tekjur,Samtals,3538
2000,1.3  Aðrar tekjur,Bátar undir 10 brl.,1060
2000,1.3  Aðrar tekjur,Bátar 10-200 brl.,1273
2000,1.3  Aðrar tekjur,Bátar > 200 brl.,188
2000,1.3  Aðrar tekjur,Uppsjávarveiðiskip,395
2000,1.3  Aðrar tekjur,Ísfisktogarar,323
2000,1.3  Aðrar tekjur,Frystitogarar,300
2000,2  Gjöld alls,Samtals,50427
2000,2  Gjöld alls,Bátar undir 10 brl.,6054
2000,2  Gjöld alls,Bátar 10-200 brl.,12433
2000,2  Gjöld alls,Bátar > 200 brl.,3623
2000,2  Gjöld alls,Uppsjávarveiðiskip,6593
2000,2  Gjöld alls,Ísfisktogarar,6741
2000,2  Gjöld alls,Frystitogarar,14983
2000,2.1  Aflahlutir,Samtals,16791
2000,2.1  Aflahlutir,Bátar undir 10 brl.,1374
2000,2.1  Aflahlutir,Bátar 10-200 brl.,4241
2000,2.1  Aflahlutir,Bátar > 200 brl.,1172
2000,2.1  Aflahlutir,Uppsjávarveiðiskip,1837
2000,2.1  Aflahlutir,Ísfisktogarar,2063
2000,2.1  Aflahlutir,Frystitogarar,6104
2000,2.2  Önnur laun,Samtals,5105
2000,2.2  Önnur laun,Bátar undir 10 brl.,574
2000,2.2  Önnur laun,Bátar 10-200 brl.,1473
2000,2.2  Önnur laun,Bátar > 200 brl.,566
2000,2.2  Önnur laun,Uppsjávarveiðiskip,709
2000,2.2  Önnur laun,Ísfisktogarar,697
2000,2.2  Önnur laun,Frystitogarar,1086
2000,2.3  Launatengd gjöld,Samtals,1930
2000,2.3  Launatengd gjöld,Bátar undir 10 brl.,172
2000,2.3  Launatengd gjöld,Bátar 10-200 brl.,502
2000,2.3  Launatengd gjöld,Bátar > 200 brl.,154
2000,2.3  Launatengd gjöld,Uppsjávarveiðiskip,225
2000,2.3  Launatengd gjöld,Ísfisktogarar,242
2000,2.3  Launatengd gjöld,Frystitogarar,635
2000,2.4  Olíur,Samtals,6001
2000,2.4  Olíur,Bátar undir 10 brl.,215
2000,2.4  Olíur,Bátar 10-200 brl.,984
2000,2.4  Olíur,Bátar > 200 brl.,320
2000,2.4  Olíur,Uppsjávarveiðiskip,1289
2000,2.4  Olíur,Ísfisktogarar,1155
2000,2.4  Olíur,Frystitogarar,2038
2000,2.5  Veiðarfæri,Samtals,3037
2000,2.5  Veiðarfæri,Bátar undir 10 brl.,229
2000,2.5  Veiðarfæri,Bátar 10-200 brl.,559
2000,2.5  Veiðarfæri,Bátar > 200 brl.,239
2000,2.5  Veiðarfæri,Uppsjávarveiðiskip,843
2000,2.5  Veiðarfæri,Ísfisktogarar,450
2000,2.5  Veiðarfæri,Frystitogarar,718
2000,2.6  Viðhald,Samtals,4916
2000,2.6  Viðhald,Bátar undir 10 brl.,511
2000,2.6  Viðhald,Bátar 10-200 brl.,1166
2000,2.6  Viðhald,Bátar > 200 brl.,499
2000,2.6  Viðhald,Uppsjávarveiðiskip,710
2000,2.6  Viðhald,Ísfisktogarar,726
2000,2.6  Viðhald,Frystitogarar,1304
2000,2.7  Frystikostn. umbúðir og fl.,Samtals,.
2000,2.7  Frystikostn. umbúðir og fl.,Bátar undir 10 brl.,.
2000,2.7  Frystikostn. umbúðir og fl.,Bátar 10-200 brl.,.
2000,2.7  Frystikostn. umbúðir og fl.,Bátar > 200 brl.,.
2000,2.7  Frystikostn. umbúðir og fl.,Uppsjávarveiðiskip,.
2000,2.7  Frystikostn. umbúðir og fl.,Ísfisktogarar,.
2000,2.7  Frystikostn. umbúðir og fl.,Frystitogarar,.
2000,2.8  Flutningskostnaður,Samtals,460
2000,2.8  Flutningskostnaður,Bátar undir 10 brl.,198
2000,2.8  Flutningskostnaður,Bátar 10-200 brl.,108
2000,2.8  Flutningskostnaður,Bátar > 200 brl.,13
2000,2.8  Flutningskostnaður,Uppsjávarveiðiskip,36
2000,2.8  Flutningskostnaður,Ísfisktogarar,41
2000,2.8  Flutningskostnaður,Frystitogarar,63
2000,2.9  Laun v/skrifstofu,Samtals,1672
2000,2.9  Laun v/skrifstofu,Bátar undir 10 brl.,760
2000,2.9  Laun v/skrifstofu,Bátar 10-200 brl.,307
2000,2.9  Laun v/skrifstofu,Bátar > 200 brl.,40
2000,2.9  Laun v/skrifstofu,Uppsjávarveiðiskip,145
2000,2.9  Laun v/skrifstofu,Ísfisktogarar,154
2000,2.9  Laun v/skrifstofu,Frystitogarar,266
2000,2.10 Skrifst.kostnaður,Samtals,1207
2000,2.10 Skrifst.kostnaður,Bátar undir 10 brl.,167
2000,2.10 Skrifst.kostnaður,Bátar 10-200 brl.,367
2000,2.10 Skrifst.kostnaður,Bátar > 200 brl.,106
2000,2.10 Skrifst.kostnaður,Uppsjávarveiðiskip,242
2000,2.10 Skrifst.kostnaður,Ísfisktogarar,109
2000,2.10 Skrifst.kostnaður,Frystitogarar,217
2000,2.11  Tryggingar,Samtals,1329
2000,2.11  Tryggingar,Bátar undir 10 brl.,323
2000,2.11  Tryggingar,Bátar 10-200 brl.,351
2000,2.11  Tryggingar,Bátar > 200 brl.,58
2000,2.11  Tryggingar,Uppsjávarveiðiskip,104
2000,2.11  Tryggingar,Ísfisktogarar,146
2000,2.11  Tryggingar,Frystitogarar,347
2000,2.12 Sölukostnaður,Samtals,2699
2000,2.12 Sölukostnaður,Bátar undir 10 brl.,329
2000,2.12 Sölukostnaður,Bátar 10-200 brl.,851
2000,2.12 Sölukostnaður,Bátar > 200 brl.,131
2000,2.12 Sölukostnaður,Uppsjávarveiðiskip,89
2000,2.12 Sölukostnaður,Ísfisktogarar,462
2000,2.12 Sölukostnaður,Frystitogarar,837
2000,2.13 Löndunarkostnaður,Samtals,1504
2000,2.13 Löndunarkostnaður,Bátar undir 10 brl.,169
2000,2.13 Löndunarkostnaður,Bátar 10-200 brl.,288
2000,2.13 Löndunarkostnaður,Bátar > 200 brl.,112
2000,2.13 Löndunarkostnaður,Uppsjávarveiðiskip,158
2000,2.13 Löndunarkostnaður,Ísfisktogarar,348
2000,2.13 Löndunarkostnaður,Frystitogarar,428
2000,2.14 Kvótaleiga,Samtals,2113
2000,2.14 Kvótaleiga,Bátar undir 10 brl.,486
2000,2.14 Kvótaleiga,Bátar 10-200 brl.,1048
2000,2.14 Kvótaleiga,Bátar > 200 brl.,117
2000,2.14 Kvótaleiga,Uppsjávarveiðiskip,65
2000,2.14 Kvótaleiga,Ísfisktogarar,126
2000,2.14 Kvótaleiga,Frystitogarar,270
2000,2.15 Önnur gjöld,Samtals,1666
2000,2.15 Önnur gjöld,Bátar undir 10 brl.,546
2000,2.15 Önnur gjöld,Bátar 10-200 brl.,188
2000,2.15 Önnur gjöld,Bátar > 200 brl.,98
2000,2.15 Önnur gjöld,Uppsjávarveiðiskip,141
2000,2.15 Önnur gjöld,Ísfisktogarar,22
2000,2.15 Önnur gjöld,Frystitogarar,671
2000,Verg hlutdeild fjármagns (EBITDA),Samtals,12120
2000,Verg hlutdeild fjármagns (EBITDA),Bátar undir 10 brl.,1988
2000,Verg hlutdeild fjármagns (EBITDA),Bátar 10-200 brl.,2435
2000,Verg hlutdeild fjármagns (EBITDA),Bátar > 200 brl.,955
2000,Verg hlutdeild fjármagns (EBITDA),Uppsjávarveiðiskip,504
2000,Verg hlutdeild fjármagns (EBITDA),Ísfisktogarar,1447
2000,Verg hlutdeild fjármagns (EBITDA),Frystitogarar,4793
2000,"EBITDA sem hlutfall af tekjum, %",Samtals,19.4
2000,"EBITDA sem hlutfall af tekjum, %",Bátar undir 10 brl.,24.7
2000,"EBITDA sem hlutfall af tekjum, %",Bátar 10-200 brl.,16.4
2000,"EBITDA sem hlutfall af tekjum, %",Bátar > 200 brl.,20.9
2000,"EBITDA sem hlutfall af tekjum, %",Uppsjávarveiðiskip,7.1
2000,"EBITDA sem hlutfall af tekjum, %",Ísfisktogarar,17.7
2000,"EBITDA sem hlutfall af tekjum, %",Frystitogarar,24.2
2000,Afskriftir,Samtals,9069
2000,Afskriftir,Bátar undir 10 brl.,1100
2000,Afskriftir,Bátar 10-200 brl.,2098
2000,Afskriftir,Bátar > 200 brl.,623
2000,Afskriftir,Uppsjávarveiðiskip,1239
2000,Afskriftir,Ísfisktogarar,1370
2000,Afskriftir,Frystitogarar,2639
2000,Verðbreytingarfærsla og vextir,Samtals,7868
2000,Verðbreytingarfærsla og vextir,Bátar undir 10 brl.,616
2000,Verðbreytingarfærsla og vextir,Bátar 10-200 brl.,2107
2000,Verðbreytingarfærsla og vextir,Bátar > 200 brl.,526
2000,Verðbreytingarfærsla og vextir,Uppsjávarveiðiskip,1159
2000,Verðbreytingarfærsla og vextir,Ísfisktogarar,1242
2000,Verðbreytingarfærsla og vextir,Frystitogarar,2216
2000,Hreinn hagnaður (EBT),Samtals,-4816
2000,Hreinn hagnaður (EBT),Bátar undir 10 brl.,271
2000,Hreinn hagnaður (EBT),Bátar 10-200 brl.,-1771
2000,Hreinn hagnaður (EBT),Bátar > 200 brl.,-194
2000,Hreinn hagnaður (EBT),Uppsjávarveiðiskip,-1895
2000,Hreinn hagnaður (EBT),Ísfisktogarar,-1166
2000,Hreinn hagnaður (EBT),Frystitogarar,-62
2000,"Hreinn hagnaður sem hlutfall af tekjum, %",Samtals,-7.7
2000,"Hreinn hagnaður sem hlutfall af tekjum, %",Bátar undir 10 brl.,3.4
2000,"Hreinn hagnaður sem hlutfall af tekjum, %",Bátar 10-200 brl.,-11.9
2000,"Hreinn hagnaður sem hlutfall af tekjum, %",Bátar > 200 brl.,-4.2
2000,"Hreinn hagnaður sem hlutfall af tekjum, %",Uppsjávarveiðiskip,-26.7
2000,"Hreinn hagnaður sem hlutfall af tekjum, %",Ísfisktogarar,-14.2
2000,"Hreinn hagnaður sem hlutfall af tekjum, %",Frystitogarar,-0.3
2000,"Árgreiðsla, 6%",Samtals,9477.5
2000,"Árgreiðsla, 6%",Bátar undir 10 brl.,835.4
2000,"Árgreiðsla, 6%",Bátar 10-200 brl.,1920.7
2000,"Árgreiðsla, 6%",Bátar > 200 brl.,595.6
2000,"Árgreiðsla, 6%",Uppsjávarveiðiskip,1994.5
2000,"Árgreiðsla, 6%",Ísfisktogarar,1225.8
2000,"Árgreiðsla, 6%",Frystitogarar,2905.6
2000,Hreinn hagnaður - árgreiðsla,Samtals,2643
2000,Hreinn hagnaður - árgreiðsla,Bátar undir 10 brl.,1152
2000,Hreinn hagnaður - árgreiðsla,Bátar 10-200 brl.,514
2000,Hreinn hagnaður - árgreiðsla,Bátar > 200 brl.,359
2000,Hreinn hagnaður - árgreiðsla,Uppsjávarveiðiskip,-1491
2000,Hreinn hagnaður - árgreiðsla,Ísfisktogarar,221
2000,Hreinn hagnaður - árgreiðsla,Frystitogarar,1887
2000,"sem hlutfall af tekjum, %",Samtals,4.2
2000,"sem hlutfall af tekjum, %",Bátar undir 10 brl.,14.3
2000,"sem hlutfall af tekjum, %",Bátar 10-200 brl.,3.5
2000,"sem hlutfall af tekjum, %",Bátar > 200 brl.,7.8
2000,"sem hlutfall af tekjum, %",Uppsjávarveiðiskip,-21.0
2000,"sem hlutfall af tekjum, %",Ísfisktogarar,2.7
2000,"sem hlutfall af tekjum, %",Frystitogarar,9.5
2001,1. Tekjur alls,Samtals,76043
2001,1. Tekjur alls,Bátar undir 10 brl.,9096
2001,1. Tekjur alls,Bátar 10-200 brl.,19346
2001,1. Tekjur alls,Bátar > 200 brl.,5804
2001,1. Tekjur alls,Uppsjávarveiðiskip,10747
2001,1. Tekjur alls,Ísfisktogarar,7303
2001,1. Tekjur alls,Frystitogarar,23748
2001,1.1  Útflutningstekjur,Samtals,30189
2001,1.1  Útflutningstekjur,Bátar undir 10 brl.,421
2001,1.1  Útflutningstekjur,Bátar 10-200 brl.,3146
2001,1.1  Útflutningstekjur,Bátar > 200 brl.,967
2001,1.1  Útflutningstekjur,Uppsjávarveiðiskip,1078
2001,1.1  Útflutningstekjur,Ísfisktogarar,1668
2001,1.1  Útflutningstekjur,Frystitogarar,22908
2001,1.2  Selt hráefni,Samtals,41583
2001,1.2  Selt hráefni,Bátar undir 10 brl.,7896
2001,1.2  Selt hráefni,Bátar 10-200 brl.,14004
2001,1.2  Selt hráefni,Bátar > 200 brl.,4619
2001,1.2  Selt hráefni,Uppsjávarveiðiskip,9177
2001,1.2  Selt hráefni,Ísfisktogarar,5434
2001,1.2  Selt hráefni,Frystitogarar,453
2001,1.3  Aðrar tekjur,Samtals,4272
2001,1.3  Aðrar tekjur,Bátar undir 10 brl.,779
2001,1.3  Aðrar tekjur,Bátar 10-200 brl.,2196
2001,1.3  Aðrar tekjur,Bátar > 200 brl.,218
2001,1.3  Aðrar tekjur,Uppsjávarveiðiskip,492
2001,1.3  Aðrar tekjur,Ísfisktogarar,200
2001,1.3  Aðrar tekjur,Frystitogarar,387
2001,2  Gjöld alls,Samtals,57464
2001,2  Gjöld alls,Bátar undir 10 brl.,7061
2001,2  Gjöld alls,Bátar 10-200 brl.,14771
2001,2  Gjöld alls,Bátar > 200 brl.,4700
2001,2  Gjöld alls,Uppsjávarveiðiskip,8090
2001,2  Gjöld alls,Ísfisktogarar,6184
2001,2  Gjöld alls,Frystitogarar,16656
2001,2.1  Aflahlutir,Samtals,20582
2001,2.1  Aflahlutir,Bátar undir 10 brl.,1648
2001,2.1  Aflahlutir,Bátar 10-200 brl.,5370
2001,2.1  Aflahlutir,Bátar > 200 brl.,1497
2001,2.1  Aflahlutir,Uppsjávarveiðiskip,2828
2001,2.1  Aflahlutir,Ísfisktogarar,1875
2001,2.1  Aflahlutir,Frystitogarar,7364
2001,2.2  Önnur laun,Samtals,5804
2001,2.2  Önnur laun,Bátar undir 10 brl.,1354
2001,2.2  Önnur laun,Bátar 10-200 brl.,1328
2001,2.2  Önnur laun,Bátar > 200 brl.,653
2001,2.2  Önnur laun,Uppsjávarveiðiskip,707
2001,2.2  Önnur laun,Ísfisktogarar,783
2001,2.2  Önnur laun,Frystitogarar,978
2001,2.3  Launatengd gjöld,Samtals,2329
2001,2.3  Launatengd gjöld,Bátar undir 10 brl.,265
2001,2.3  Launatengd gjöld,Bátar 10-200 brl.,591
2001,2.3  Launatengd gjöld,Bátar > 200 brl.,190
2001,2.3  Launatengd gjöld,Uppsjávarveiðiskip,313
2001,2.3  Launatengd gjöld,Ísfisktogarar,235
2001,2.3  Launatengd gjöld,Frystitogarar,736
2001,2.4  Olíur,Samtals,6600
2001,2.4  Olíur,Bátar undir 10 brl.,225
2001,2.4  Olíur,Bátar 10-200 brl.,1170
2001,2.4  Olíur,Bátar > 200 brl.,417
2001,2.4  Olíur,Uppsjávarveiðiskip,1591
2001,2.4  Olíur,Ísfisktogarar,979
2001,2.4  Olíur,Frystitogarar,2218
2001,2.5  Veiðarfæri,Samtals,3067
2001,2.5  Veiðarfæri,Bátar undir 10 brl.,172
2001,2.5  Veiðarfæri,Bátar 10-200 brl.,701
2001,2.5  Veiðarfæri,Bátar > 200 brl.,325
2001,2.5  Veiðarfæri,Uppsjávarveiðiskip,818
2001,2.5  Veiðarfæri,Ísfisktogarar,322
2001,2.5  Veiðarfæri,Frystitogarar,729
2001,2.6  Viðhald,Samtals,4968
2001,2.6  Viðhald,Bátar undir 10 brl.,492
2001,2.6  Viðhald,Bátar 10-200 brl.,1261
2001,2.6  Viðhald,Bátar > 200 brl.,529
2001,2.6  Viðhald,Uppsjávarveiðiskip,763
2001,2.6  Viðhald,Ísfisktogarar,627
2001,2.6  Viðhald,Frystitogarar,1295
2001,2.7  Frystikostn. umbúðir og fl.,Samtals,.
2001,2.7  Frystikostn. umbúðir og fl.,Bátar undir 10 brl.,.
2001,2.7  Frystikostn. umbúðir og fl.,Bátar 10-200 brl.,.
2001,2.7  Frystikostn. umbúðir og fl.,Bátar > 200 brl.,.
2001,2.7  Frystikostn. umbúðir og fl.,Uppsjávarveiðiskip,.
2001,2.7  Frystikostn. umbúðir og fl.,Ísfisktogarar,.
2001,2.7  Frystikostn. umbúðir og fl.,Frystitogarar,.
2001,2.8  Flutningskostnaður,Samtals,461
2001,2.8  Flutningskostnaður,Bátar undir 10 brl.,196
2001,2.8  Flutningskostnaður,Bátar 10-200 brl.,98
2001,2.8  Flutningskostnaður,Bátar > 200 brl.,36
2001,2.8  Flutningskostnaður,Uppsjávarveiðiskip,58
2001,2.8  Flutningskostnaður,Ísfisktogarar,29
2001,2.8  Flutningskostnaður,Frystitogarar,44
2001,2.9  Laun v/skrifstofu,Samtals,1173
2001,2.9  Laun v/skrifstofu,Bátar undir 10 brl.,39
2001,2.9  Laun v/skrifstofu,Bátar 10-200 brl.,280
2001,2.9  Laun v/skrifstofu,Bátar > 200 brl.,89
2001,2.9  Laun v/skrifstofu,Uppsjávarveiðiskip,221
2001,2.9  Laun v/skrifstofu,Ísfisktogarar,175
2001,2.9  Laun v/skrifstofu,Frystitogarar,369
2001,2.10 Skrifst.kostnaður,Samtals,1253
2001,2.10 Skrifst.kostnaður,Bátar undir 10 brl.,162
2001,2.10 Skrifst.kostnaður,Bátar 10-200 brl.,390
2001,2.10 Skrifst.kostnaður,Bátar > 200 brl.,119
2001,2.10 Skrifst.kostnaður,Uppsjávarveiðiskip,251
2001,2.10 Skrifst.kostnaður,Ísfisktogarar,95
2001,2.10 Skrifst.kostnaður,Frystitogarar,237
2001,2.11  Tryggingar,Samtals,1061
2001,2.11  Tryggingar,Bátar undir 10 brl.,271
2001,2.11  Tryggingar,Bátar 10-200 brl.,288
2001,2.11  Tryggingar,Bátar > 200 brl.,86
2001,2.11  Tryggingar,Uppsjávarveiðiskip,66
2001,2.11  Tryggingar,Ísfisktogarar,117
2001,2.11  Tryggingar,Frystitogarar,232
2001,2.12 Sölukostnaður,Samtals,3247
2001,2.12 Sölukostnaður,Bátar undir 10 brl.,415
2001,2.12 Sölukostnaður,Bátar 10-200 brl.,1265
2001,2.12 Sölukostnaður,Bátar > 200 brl.,236
2001,2.12 Sölukostnaður,Uppsjávarveiðiskip,145
2001,2.12 Sölukostnaður,Ísfisktogarar,395
2001,2.12 Sölukostnaður,Frystitogarar,791
2001,2.13 Löndunarkostnaður,Samtals,1508
2001,2.13 Löndunarkostnaður,Bátar undir 10 brl.,169
2001,2.13 Löndunarkostnaður,Bátar 10-200 brl.,317
2001,2.13 Löndunarkostnaður,Bátar > 200 brl.,138
2001,2.13 Löndunarkostnaður,Uppsjávarveiðiskip,154
2001,2.13 Löndunarkostnaður,Ísfisktogarar,262
2001,2.13 Löndunarkostnaður,Frystitogarar,468
2001,2.14 Kvótaleiga,Samtals,2948
2001,2.14 Kvótaleiga,Bátar undir 10 brl.,941
2001,2.14 Kvótaleiga,Bátar 10-200 brl.,1509
2001,2.14 Kvótaleiga,Bátar > 200 brl.,211
2001,2.14 Kvótaleiga,Uppsjávarveiðiskip,35
2001,2.14 Kvótaleiga,Ísfisktogarar,92
2001,2.14 Kvótaleiga,Frystitogarar,161
2001,2.15 Önnur gjöld,Samtals,2463
2001,2.15 Önnur gjöld,Bátar undir 10 brl.,713
2001,2.15 Önnur gjöld,Bátar 10-200 brl.,203
2001,2.15 Önnur gjöld,Bátar > 200 brl.,174
2001,2.15 Önnur gjöld,Uppsjávarveiðiskip,141
2001,2.15 Önnur gjöld,Ísfisktogarar,199
2001,2.15 Önnur gjöld,Frystitogarar,1034
2001,Verg hlutdeild fjármagns (EBITDA),Samtals,18580
2001,Verg hlutdeild fjármagns (EBITDA),Bátar undir 10 brl.,2035
2001,Verg hlutdeild fjármagns (EBITDA),Bátar 10-200 brl.,4575
2001,Verg hlutdeild fjármagns (EBITDA),Bátar > 200 brl.,1104
2001,Verg hlutdeild fjármagns (EBITDA),Uppsjávarveiðiskip,2657
2001,Verg hlutdeild fjármagns (EBITDA),Ísfisktogarar,1118
2001,Verg hlutdeild fjármagns (EBITDA),Frystitogarar,7092
2001,"EBITDA sem hlutfall af tekjum, %",Samtals,24.4
2001,"EBITDA sem hlutfall af tekjum, %",Bátar undir 10 brl.,22.4
2001,"EBITDA sem hlutfall af tekjum, %",Bátar 10-200 brl.,23.7
2001,"EBITDA sem hlutfall af tekjum, %",Bátar > 200 brl.,19.0
2001,"EBITDA sem hlutfall af tekjum, %",Uppsjávarveiðiskip,24.7
2001,"EBITDA sem hlutfall af tekjum, %",Ísfisktogarar,15.3
2001,"EBITDA sem hlutfall af tekjum, %",Frystitogarar,29.9
2001,Afskriftir,Samtals,8691
2001,Afskriftir,Bátar undir 10 brl.,904
2001,Afskriftir,Bátar 10-200 brl.,2067
2001,Afskriftir,Bátar > 200 brl.,746
2001,Afskriftir,Uppsjávarveiðiskip,1567
2001,Afskriftir,Ísfisktogarar,804
2001,Afskriftir,Frystitogarar,2603
2001,Verðbreytingarfærsla og vextir,Samtals,11459
2001,Verðbreytingarfærsla og vextir,Bátar undir 10 brl.,707
2001,Verðbreytingarfærsla og vextir,Bátar 10-200 brl.,2801
2001,Verðbreytingarfærsla og vextir,Bátar > 200 brl.,966
2001,Verðbreytingarfærsla og vextir,Uppsjávarveiðiskip,2335
2001,Verðbreytingarfærsla og vextir,Ísfisktogarar,1244
2001,Verðbreytingarfærsla og vextir,Frystitogarar,3407
2001,Hreinn hagnaður (EBT),Samtals,-1571
2001,Hreinn hagnaður (EBT),Bátar undir 10 brl.,424
2001,Hreinn hagnaður (EBT),Bátar 10-200 brl.,-294
2001,Hreinn hagnaður (EBT),Bátar > 200 brl.,-608
2001,Hreinn hagnaður (EBT),Uppsjávarveiðiskip,-1246
2001,Hreinn hagnaður (EBT),Ísfisktogarar,-930
2001,Hreinn hagnaður (EBT),Frystitogarar,1082
2001,"Hreinn hagnaður sem hlutfall af tekjum, %",Samtals,-2.1
2001,"Hreinn hagnaður sem hlutfall af tekjum, %",Bátar undir 10 brl.,4.7
2001,"Hreinn hagnaður sem hlutfall af tekjum, %",Bátar 10-200 brl.,-1.5
2001,"Hreinn hagnaður sem hlutfall af tekjum, %",Bátar > 200 brl.,-10.5
2001,"Hreinn hagnaður sem hlutfall af tekjum, %",Uppsjávarveiðiskip,-11.6
2001,"Hreinn hagnaður sem hlutfall af tekjum, %",Ísfisktogarar,-12.7
2001,"Hreinn hagnaður sem hlutfall af tekjum, %",Frystitogarar,4.6
2001,"Árgreiðsla, 6%",Samtals,9434.0
2001,"Árgreiðsla, 6%",Bátar undir 10 brl.,831.0
2001,"Árgreiðsla, 6%",Bátar 10-200 brl.,1967.0
2001,"Árgreiðsla, 6%",Bátar > 200 brl.,700.0
2001,"Árgreiðsla, 6%",Uppsjávarveiðiskip,2050.0
2001,"Árgreiðsla, 6%",Ísfisktogarar,918.0
2001,"Árgreiðsla, 6%",Frystitogarar,2967.0
2001,Hreinn hagnaður - árgreiðsla,Samtals,9146
2001,Hreinn hagnaður - árgreiðsla,Bátar undir 10 brl.,1203
2001,Hreinn hagnaður - árgreiðsla,Bátar 10-200 brl.,2608
2001,Hreinn hagnaður - árgreiðsla,Bátar > 200 brl.,404
2001,Hreinn hagnaður - árgreiðsla,Uppsjávarveiðiskip,607
2001,Hreinn hagnaður - árgreiðsla,Ísfisktogarar,200
2001,Hreinn hagnaður - árgreiðsla,Frystitogarar,4125
2001,"sem hlutfall af tekjum, %",Samtals,12.0
2001,"sem hlutfall af tekjum, %",Bátar undir 10 brl.,13.2
2001,"sem hlutfall af tekjum, %",Bátar 10-200 brl.,13.5
2001,"sem hlutfall af tekjum, %",Bátar > 200 brl.,7.0
2001,"sem hlutfall af tekjum, %",Uppsjávarveiðiskip,5.6
2001,"sem hlutfall af tekjum, %",Ísfisktogarar,2.7
2001,"sem hlutfall af tekjum, %",Frystitogarar,17.4
2002,1. Tekjur alls,Samtals,82734
2002,1. Tekjur alls,Bátar undir 10 brl.,8478
2002,1. Tekjur alls,Bátar 10-200 brl.,10262
2002,1. Tekjur alls,Bátar > 200 brl.,13636
2002,1. Tekjur alls,Uppsjávarveiðiskip,13466
2002,1. Tekjur alls,Ísfisktogarar,10460
2002,1. Tekjur alls,Frystitogarar,26432
2002,1.1  Útflutningstekjur,Samtals,30481
2002,1.1  Útflutningstekjur,Bátar undir 10 brl.,68
2002,1.1  Útflutningstekjur,Bátar 10-200 brl.,458
2002,1.1  Útflutningstekjur,Bátar > 200 brl.,1909
2002,1.1  Útflutningstekjur,Uppsjávarveiðiskip,1012
2002,1.1  Útflutningstekjur,Ísfisktogarar,1839
2002,1.1  Útflutningstekjur,Frystitogarar,25195
2002,1.2  Selt hráefni,Samtals,47778
2002,1.2  Selt hráefni,Bátar undir 10 brl.,7231
2002,1.2  Selt hráefni,Bátar 10-200 brl.,8468
2002,1.2  Selt hráefni,Bátar > 200 brl.,10980
2002,1.2  Selt hráefni,Uppsjávarveiðiskip,11862
2002,1.2  Selt hráefni,Ísfisktogarar,8174
2002,1.2  Selt hráefni,Frystitogarar,1063
2002,1.3  Aðrar tekjur,Samtals,4475
2002,1.3  Aðrar tekjur,Bátar undir 10 brl.,1179
2002,1.3  Aðrar tekjur,Bátar 10-200 brl.,1336
2002,1.3  Aðrar tekjur,Bátar > 200 brl.,748
2002,1.3  Aðrar tekjur,Uppsjávarveiðiskip,591
2002,1.3  Aðrar tekjur,Ísfisktogarar,447
2002,1.3  Aðrar tekjur,Frystitogarar,173
2002,2  Gjöld alls,Samtals,63306
2002,2  Gjöld alls,Bátar undir 10 brl.,7337
2002,2  Gjöld alls,Bátar 10-200 brl.,7741
2002,2  Gjöld alls,Bátar > 200 brl.,9887
2002,2  Gjöld alls,Uppsjávarveiðiskip,10406
2002,2  Gjöld alls,Ísfisktogarar,8084
2002,2  Gjöld alls,Frystitogarar,19850
2002,2.1  Aflahlutir,Samtals,22806
2002,2.1  Aflahlutir,Bátar undir 10 brl.,1505
2002,2.1  Aflahlutir,Bátar 10-200 brl.,2961
2002,2.1  Aflahlutir,Bátar > 200 brl.,3567
2002,2.1  Aflahlutir,Uppsjávarveiðiskip,3668
2002,2.1  Aflahlutir,Ísfisktogarar,2752
2002,2.1  Aflahlutir,Frystitogarar,8353
2002,2.2  Önnur laun,Samtals,6976
2002,2.2  Önnur laun,Bátar undir 10 brl.,1508
2002,2.2  Önnur laun,Bátar 10-200 brl.,576
2002,2.2  Önnur laun,Bátar > 200 brl.,1355
2002,2.2  Önnur laun,Uppsjávarveiðiskip,1109
2002,2.2  Önnur laun,Ísfisktogarar,860
2002,2.2  Önnur laun,Frystitogarar,1568
2002,2.3  Launatengd gjöld,Samtals,2632
2002,2.3  Launatengd gjöld,Bátar undir 10 brl.,266
2002,2.3  Launatengd gjöld,Bátar 10-200 brl.,312
2002,2.3  Launatengd gjöld,Bátar > 200 brl.,436
2002,2.3  Launatengd gjöld,Uppsjávarveiðiskip,423
2002,2.3  Launatengd gjöld,Ísfisktogarar,320
2002,2.3  Launatengd gjöld,Frystitogarar,876
2002,2.4  Olíur,Samtals,6724
2002,2.4  Olíur,Bátar undir 10 brl.,282
2002,2.4  Olíur,Bátar 10-200 brl.,489
2002,2.4  Olíur,Bátar > 200 brl.,868
2002,2.4  Olíur,Uppsjávarveiðiskip,1467
2002,2.4  Olíur,Ísfisktogarar,1144
2002,2.4  Olíur,Frystitogarar,2473
2002,2.5  Veiðarfæri,Samtals,3734
2002,2.5  Veiðarfæri,Bátar undir 10 brl.,203
2002,2.5  Veiðarfæri,Bátar 10-200 brl.,334
2002,2.5  Veiðarfæri,Bátar > 200 brl.,621
2002,2.5  Veiðarfæri,Uppsjávarveiðiskip,1073
2002,2.5  Veiðarfæri,Ísfisktogarar,444
2002,2.5  Veiðarfæri,Frystitogarar,1059
2002,2.6  Viðhald,Samtals,5958
2002,2.6  Viðhald,Bátar undir 10 brl.,459
2002,2.6  Viðhald,Bátar 10-200 brl.,630
2002,2.6  Viðhald,Bátar > 200 brl.,1062
2002,2.6  Viðhald,Uppsjávarveiðiskip,1193
2002,2.6  Viðhald,Ísfisktogarar,831
2002,2.6  Viðhald,Frystitogarar,1782
2002,2.7  Frystikostn. umbúðir og fl.,Samtals,681
2002,2.7  Frystikostn. umbúðir og fl.,Bátar undir 10 brl.,.
2002,2.7  Frystikostn. umbúðir og fl.,Bátar 10-200 brl.,.
2002,2.7  Frystikostn. umbúðir og fl.,Bátar > 200 brl.,.
2002,2.7  Frystikostn. umbúðir og fl.,Uppsjávarveiðiskip,.
2002,2.7  Frystikostn. umbúðir og fl.,Ísfisktogarar,.
2002,2.7  Frystikostn. umbúðir og fl.,Frystitogarar,681
2002,2.8  Flutningskostnaður,Samtals,381
2002,2.8  Flutningskostnaður,Bátar undir 10 brl.,142
2002,2.8  Flutningskostnaður,Bátar 10-200 brl.,43
2002,2.8  Flutningskostnaður,Bátar > 200 brl.,52
2002,2.8  Flutningskostnaður,Uppsjávarveiðiskip,45
2002,2.8  Flutningskostnaður,Ísfisktogarar,48
2002,2.8  Flutningskostnaður,Frystitogarar,52
2002,2.9  Laun v/skrifstofu,Samtals,1095
2002,2.9  Laun v/skrifstofu,Bátar undir 10 brl.,80
2002,2.9  Laun v/skrifstofu,Bátar 10-200 brl.,126
2002,2.9  Laun v/skrifstofu,Bátar > 200 brl.,82
2002,2.9  Laun v/skrifstofu,Uppsjávarveiðiskip,184
2002,2.9  Laun v/skrifstofu,Ísfisktogarar,235
2002,2.9  Laun v/skrifstofu,Frystitogarar,388
2002,2.10 Skrifst.kostnaður,Samtals,1481
2002,2.10 Skrifst.kostnaður,Bátar undir 10 brl.,260
2002,2.10 Skrifst.kostnaður,Bátar 10-200 brl.,177
2002,2.10 Skrifst.kostnaður,Bátar > 200 brl.,293
2002,2.10 Skrifst.kostnaður,Uppsjávarveiðiskip,212
2002,2.10 Skrifst.kostnaður,Ísfisktogarar,212
2002,2.10 Skrifst.kostnaður,Frystitogarar,328
2002,2.11  Tryggingar,Samtals,1214
2002,2.11  Tryggingar,Bátar undir 10 brl.,135
2002,2.11  Tryggingar,Bátar 10-200 brl.,181
2002,2.11  Tryggingar,Bátar > 200 brl.,178
2002,2.11  Tryggingar,Uppsjávarveiðiskip,266
2002,2.11  Tryggingar,Ísfisktogarar,145
2002,2.11  Tryggingar,Frystitogarar,308
2002,2.12 Sölukostnaður,Samtals,1854
2002,2.12 Sölukostnaður,Bátar undir 10 brl.,263
2002,2.12 Sölukostnaður,Bátar 10-200 brl.,363
2002,2.12 Sölukostnaður,Bátar > 200 brl.,467
2002,2.12 Sölukostnaður,Uppsjávarveiðiskip,113
2002,2.12 Sölukostnaður,Ísfisktogarar,438
2002,2.12 Sölukostnaður,Frystitogarar,210
2002,2.13 Löndunarkostnaður,Samtals,1963
2002,2.13 Löndunarkostnaður,Bátar undir 10 brl.,233
2002,2.13 Löndunarkostnaður,Bátar 10-200 brl.,203
2002,2.13 Löndunarkostnaður,Bátar > 200 brl.,349
2002,2.13 Löndunarkostnaður,Uppsjávarveiðiskip,200
2002,2.13 Löndunarkostnaður,Ísfisktogarar,357
2002,2.13 Löndunarkostnaður,Frystitogarar,623
2002,2.14 Kvótaleiga,Samtals,2983
2002,2.14 Kvótaleiga,Bátar undir 10 brl.,1201
2002,2.14 Kvótaleiga,Bátar 10-200 brl.,1012
2002,2.14 Kvótaleiga,Bátar > 200 brl.,162
2002,2.14 Kvótaleiga,Uppsjávarveiðiskip,93
2002,2.14 Kvótaleiga,Ísfisktogarar,176
2002,2.14 Kvótaleiga,Frystitogarar,338
2002,2.15 Önnur gjöld,Samtals,2824
2002,2.15 Önnur gjöld,Bátar undir 10 brl.,800
2002,2.15 Önnur gjöld,Bátar 10-200 brl.,333
2002,2.15 Önnur gjöld,Bátar > 200 brl.,396
2002,2.15 Önnur gjöld,Uppsjávarveiðiskip,361
2002,2.15 Önnur gjöld,Ísfisktogarar,122
2002,2.15 Önnur gjöld,Frystitogarar,811
2002,Verg hlutdeild fjármagns (EBITDA),Samtals,19428
2002,Verg hlutdeild fjármagns (EBITDA),Bátar undir 10 brl.,1140
2002,Verg hlutdeild fjármagns (EBITDA),Bátar 10-200 brl.,2521
2002,Verg hlutdeild fjármagns (EBITDA),Bátar > 200 brl.,3750
2002,Verg hlutdeild fjármagns (EBITDA),Uppsjávarveiðiskip,3060
2002,Verg hlutdeild fjármagns (EBITDA),Ísfisktogarar,2376
2002,Verg hlutdeild fjármagns (EBITDA),Frystitogarar,6581
2002,"EBITDA sem hlutfall af tekjum, %",Samtals,23.5
2002,"EBITDA sem hlutfall af tekjum, %",Bátar undir 10 brl.,13.5
2002,"EBITDA sem hlutfall af tekjum, %",Bátar 10-200 brl.,24.6
2002,"EBITDA sem hlutfall af tekjum, %",Bátar > 200 brl.,27.5
2002,"EBITDA sem hlutfall af tekjum, %",Uppsjávarveiðiskip,22.7
2002,"EBITDA sem hlutfall af tekjum, %",Ísfisktogarar,22.7
2002,"EBITDA sem hlutfall af tekjum, %",Frystitogarar,24.9
2002,Afskriftir,Samtals,11805
2002,Afskriftir,Bátar undir 10 brl.,626
2002,Afskriftir,Bátar 10-200 brl.,1154
2002,Afskriftir,Bátar > 200 brl.,2219
2002,Afskriftir,Uppsjávarveiðiskip,2735
2002,Afskriftir,Ísfisktogarar,1548
2002,Afskriftir,Frystitogarar,3523
2002,Verðbreytingarfærsla og vextir,Samtals,-5415
2002,Verðbreytingarfærsla og vextir,Bátar undir 10 brl.,432
2002,Verðbreytingarfærsla og vextir,Bátar 10-200 brl.,-289
2002,Verðbreytingarfærsla og vextir,Bátar > 200 brl.,-542
2002,Verðbreytingarfærsla og vextir,Uppsjávarveiðiskip,-1452
2002,Verðbreytingarfærsla og vextir,Ísfisktogarar,-1077
2002,Verðbreytingarfærsla og vextir,Frystitogarar,-2487
2002,Hreinn hagnaður (EBT),Samtals,13038
2002,Hreinn hagnaður (EBT),Bátar undir 10 brl.,82
2002,Hreinn hagnaður (EBT),Bátar 10-200 brl.,1656
2002,Hreinn hagnaður (EBT),Bátar > 200 brl.,2073
2002,Hreinn hagnaður (EBT),Uppsjávarveiðiskip,1777
2002,Hreinn hagnaður (EBT),Ísfisktogarar,1905
2002,Hreinn hagnaður (EBT),Frystitogarar,5545
2002,"Hreinn hagnaður sem hlutfall af tekjum, %",Samtals,15.8
2002,"Hreinn hagnaður sem hlutfall af tekjum, %",Bátar undir 10 brl.,1.0
2002,"Hreinn hagnaður sem hlutfall af tekjum, %",Bátar 10-200 brl.,16.1
2002,"Hreinn hagnaður sem hlutfall af tekjum, %",Bátar > 200 brl.,15.2
2002,"Hreinn hagnaður sem hlutfall af tekjum, %",Uppsjávarveiðiskip,13.2
2002,"Hreinn hagnaður sem hlutfall af tekjum, %",Ísfisktogarar,18.2
2002,"Hreinn hagnaður sem hlutfall af tekjum, %",Frystitogarar,21.0
2002,"Árgreiðsla, 6%",Samtals,10088.0
2002,"Árgreiðsla, 6%",Bátar undir 10 brl.,824.0
2002,"Árgreiðsla, 6%",Bátar 10-200 brl.,2147.0
2002,"Árgreiðsla, 6%",Bátar > 200 brl.,778.0
2002,"Árgreiðsla, 6%",Uppsjávarveiðiskip,2418.0
2002,"Árgreiðsla, 6%",Ísfisktogarar,1150.0
2002,"Árgreiðsla, 6%",Frystitogarar,2771.0
2002,Hreinn hagnaður - árgreiðsla,Samtals,9340
2002,Hreinn hagnaður - árgreiðsla,Bátar undir 10 brl.,317
2002,Hreinn hagnaður - árgreiðsla,Bátar 10-200 brl.,373
2002,Hreinn hagnaður - árgreiðsla,Bátar > 200 brl.,2971
2002,Hreinn hagnaður - árgreiðsla,Uppsjávarveiðiskip,642
2002,Hreinn hagnaður - árgreiðsla,Ísfisktogarar,1227
2002,Hreinn hagnaður - árgreiðsla,Frystitogarar,3811
2002,"sem hlutfall af tekjum, %",Samtals,11.3
2002,"sem hlutfall af tekjum, %",Bátar undir 10 brl.,3.7
2002,"sem hlutfall af tekjum, %",Bátar 10-200 brl.,3.6
2002,"sem hlutfall af tekjum, %",Bátar > 200 brl.,21.8
2002,"sem hlutfall af tekjum, %",Uppsjávarveiðiskip,4.8
2002,"sem hlutfall af tekjum, %",Ísfisktogarar,11.7
2002,"sem hlutfall af tekjum, %",Frystitogarar,14.4
2003,1. Tekjur alls,Samtals,70492
2003,1. Tekjur alls,Bátar undir 10 brl.,6728
2003,1. Tekjur alls,Bátar 10-200 brl.,8960
2003,1. Tekjur alls,Bátar > 200 brl.,12691
2003,1. Tekjur alls,Uppsjávarveiðiskip,13249
2003,1. Tekjur alls,Ísfisktogarar,9025
2003,1. Tekjur alls,Frystitogarar,19840
2003,1.1  Útflutningstekjur,Samtals,27230
2003,1.1  Útflutningstekjur,Bátar undir 10 brl.,170
2003,1.1  Útflutningstekjur,Bátar 10-200 brl.,502
2003,1.1  Útflutningstekjur,Bátar > 200 brl.,2603
2003,1.1  Útflutningstekjur,Uppsjávarveiðiskip,3321
2003,1.1  Útflutningstekjur,Ísfisktogarar,1401
2003,1.1  Útflutningstekjur,Frystitogarar,19232
2003,1.2  Selt hráefni,Samtals,41392
2003,1.2  Selt hráefni,Bátar undir 10 brl.,5892
2003,1.2  Selt hráefni,Bátar 10-200 brl.,8081
2003,1.2  Selt hráefni,Bátar > 200 brl.,9977
2003,1.2  Selt hráefni,Uppsjávarveiðiskip,9479
2003,1.2  Selt hráefni,Ísfisktogarar,7486
2003,1.2  Selt hráefni,Frystitogarar,478
2003,1.3  Aðrar tekjur,Samtals,1870
2003,1.3  Aðrar tekjur,Bátar undir 10 brl.,666
2003,1.3  Aðrar tekjur,Bátar 10-200 brl.,377
2003,1.3  Aðrar tekjur,Bátar > 200 brl.,111
2003,1.3  Aðrar tekjur,Uppsjávarveiðiskip,448
2003,1.3  Aðrar tekjur,Ísfisktogarar,138
2003,1.3  Aðrar tekjur,Frystitogarar,129
2003,2  Gjöld alls,Samtals,55455
2003,2  Gjöld alls,Bátar undir 10 brl.,5940
2003,2  Gjöld alls,Bátar 10-200 brl.,6810
2003,2  Gjöld alls,Bátar > 200 brl.,9399
2003,2  Gjöld alls,Uppsjávarveiðiskip,10734
2003,2  Gjöld alls,Ísfisktogarar,7219
2003,2  Gjöld alls,Frystitogarar,15352
2003,2.1  Aflahlutir,Samtals,19227
2003,2.1  Aflahlutir,Bátar undir 10 brl.,1191
2003,2.1  Aflahlutir,Bátar 10-200 brl.,2721
2003,2.1  Aflahlutir,Bátar > 200 brl.,3297
2003,2.1  Aflahlutir,Uppsjávarveiðiskip,3510
2003,2.1  Aflahlutir,Ísfisktogarar,2357
2003,2.1  Aflahlutir,Frystitogarar,6150
2003,2.2  Önnur laun,Samtals,6128
2003,2.2  Önnur laun,Bátar undir 10 brl.,1462
2003,2.2  Önnur laun,Bátar 10-200 brl.,498
2003,2.2  Önnur laun,Bátar > 200 brl.,1509
2003,2.2  Önnur laun,Uppsjávarveiðiskip,727
2003,2.2  Önnur laun,Ísfisktogarar,602
2003,2.2  Önnur laun,Frystitogarar,1329
2003,2.3  Launatengd gjöld,Samtals,2243
2003,2.3  Launatengd gjöld,Bátar undir 10 brl.,234
2003,2.3  Launatengd gjöld,Bátar 10-200 brl.,284
2003,2.3  Launatengd gjöld,Bátar > 200 brl.,425
2003,2.3  Launatengd gjöld,Uppsjávarveiðiskip,375
2003,2.3  Launatengd gjöld,Ísfisktogarar,262
2003,2.3  Launatengd gjöld,Frystitogarar,662
2003,2.4  Olíur,Samtals,6140
2003,2.4  Olíur,Bátar undir 10 brl.,162
2003,2.4  Olíur,Bátar 10-200 brl.,578
2003,2.4  Olíur,Bátar > 200 brl.,680
2003,2.4  Olíur,Uppsjávarveiðiskip,1741
2003,2.4  Olíur,Ísfisktogarar,1079
2003,2.4  Olíur,Frystitogarar,1900
2003,2.5  Veiðarfæri,Samtals,3279
2003,2.5  Veiðarfæri,Bátar undir 10 brl.,96
2003,2.5  Veiðarfæri,Bátar 10-200 brl.,368
2003,2.5  Veiðarfæri,Bátar > 200 brl.,687
2003,2.5  Veiðarfæri,Uppsjávarveiðiskip,981
2003,2.5  Veiðarfæri,Ísfisktogarar,452
2003,2.5  Veiðarfæri,Frystitogarar,694
2003,2.6  Viðhald,Samtals,5135
2003,2.6  Viðhald,Bátar undir 10 brl.,655
2003,2.6  Viðhald,Bátar 10-200 brl.,629
2003,2.6  Viðhald,Bátar > 200 brl.,896
2003,2.6  Viðhald,Uppsjávarveiðiskip,934
2003,2.6  Viðhald,Ísfisktogarar,726
2003,2.6  Viðhald,Frystitogarar,1294
2003,2.7  Frystikostn. umbúðir og fl.,Samtals,565
2003,2.7  Frystikostn. umbúðir og fl.,Bátar undir 10 brl.,.
2003,2.7  Frystikostn. umbúðir og fl.,Bátar 10-200 brl.,.
2003,2.7  Frystikostn. umbúðir og fl.,Bátar > 200 brl.,.
2003,2.7  Frystikostn. umbúðir og fl.,Uppsjávarveiðiskip,.
2003,2.7  Frystikostn. umbúðir og fl.,Ísfisktogarar,.
2003,2.7  Frystikostn. umbúðir og fl.,Frystitogarar,565
2003,2.8  Flutningskostnaður,Samtals,392
2003,2.8  Flutningskostnaður,Bátar undir 10 brl.,201
2003,2.8  Flutningskostnaður,Bátar 10-200 brl.,45
2003,2.8  Flutningskostnaður,Bátar > 200 brl.,41
2003,2.8  Flutningskostnaður,Uppsjávarveiðiskip,33
2003,2.8  Flutningskostnaður,Ísfisktogarar,34
2003,2.8  Flutningskostnaður,Frystitogarar,38
2003,2.9  Laun v/skrifstofu,Samtals,837
2003,2.9  Laun v/skrifstofu,Bátar undir 10 brl.,2
2003,2.9  Laun v/skrifstofu,Bátar 10-200 brl.,193
2003,2.9  Laun v/skrifstofu,Bátar > 200 brl.,196
2003,2.9  Laun v/skrifstofu,Uppsjávarveiðiskip,154
2003,2.9  Laun v/skrifstofu,Ísfisktogarar,108
2003,2.9  Laun v/skrifstofu,Frystitogarar,183
2003,2.10 Skrifst.kostnaður,Samtals,1277
2003,2.10 Skrifst.kostnaður,Bátar undir 10 brl.,129
2003,2.10 Skrifst.kostnaður,Bátar 10-200 brl.,178
2003,2.10 Skrifst.kostnaður,Bátar > 200 brl.,242
2003,2.10 Skrifst.kostnaður,Uppsjávarveiðiskip,302
2003,2.10 Skrifst.kostnaður,Ísfisktogarar,162
2003,2.10 Skrifst.kostnaður,Frystitogarar,264
2003,2.11  Tryggingar,Samtals,1495
2003,2.11  Tryggingar,Bátar undir 10 brl.,268
2003,2.11  Tryggingar,Bátar 10-200 brl.,176
2003,2.11  Tryggingar,Bátar > 200 brl.,211
2003,2.11  Tryggingar,Uppsjávarveiðiskip,213
2003,2.11  Tryggingar,Ísfisktogarar,191
2003,2.11  Tryggingar,Frystitogarar,437
2003,2.12 Sölukostnaður,Samtals,1801
2003,2.12 Sölukostnaður,Bátar undir 10 brl.,191
2003,2.12 Sölukostnaður,Bátar 10-200 brl.,439
2003,2.12 Sölukostnaður,Bátar > 200 brl.,501
2003,2.12 Sölukostnaður,Uppsjávarveiðiskip,131
2003,2.12 Sölukostnaður,Ísfisktogarar,401
2003,2.12 Sölukostnaður,Frystitogarar,137
2003,2.13 Löndunarkostnaður,Samtals,2308
2003,2.13 Löndunarkostnaður,Bátar undir 10 brl.,184
2003,2.13 Löndunarkostnaður,Bátar 10-200 brl.,279
2003,2.13 Löndunarkostnaður,Bátar > 200 brl.,414
2003,2.13 Löndunarkostnaður,Uppsjávarveiðiskip,319
2003,2.13 Löndunarkostnaður,Ísfisktogarar,465
2003,2.13 Löndunarkostnaður,Frystitogarar,647
2003,2.14 Kvótaleiga,Samtals,1263
2003,2.14 Kvótaleiga,Bátar undir 10 brl.,240
2003,2.14 Kvótaleiga,Bátar 10-200 brl.,98
2003,2.14 Kvótaleiga,Bátar > 200 brl.,146
2003,2.14 Kvótaleiga,Uppsjávarveiðiskip,306
2003,2.14 Kvótaleiga,Ísfisktogarar,200
2003,2.14 Kvótaleiga,Frystitogarar,273
2003,2.15 Önnur gjöld,Samtals,3367
2003,2.15 Önnur gjöld,Bátar undir 10 brl.,924
2003,2.15 Önnur gjöld,Bátar 10-200 brl.,324
2003,2.15 Önnur gjöld,Bátar > 200 brl.,154
2003,2.15 Önnur gjöld,Uppsjávarveiðiskip,1007
2003,2.15 Önnur gjöld,Ísfisktogarar,179
2003,2.15 Önnur gjöld,Frystitogarar,779
2003,Verg hlutdeild fjármagns (EBITDA),Samtals,15037
2003,Verg hlutdeild fjármagns (EBITDA),Bátar undir 10 brl.,788
2003,Verg hlutdeild fjármagns (EBITDA),Bátar 10-200 brl.,2150
2003,Verg hlutdeild fjármagns (EBITDA),Bátar > 200 brl.,3292
2003,Verg hlutdeild fjármagns (EBITDA),Uppsjávarveiðiskip,2515
2003,Verg hlutdeild fjármagns (EBITDA),Ísfisktogarar,1805
2003,Verg hlutdeild fjármagns (EBITDA),Frystitogarar,4487
2003,"EBITDA sem hlutfall af tekjum, %",Samtals,21.3
2003,"EBITDA sem hlutfall af tekjum, %",Bátar undir 10 brl.,11.7
2003,"EBITDA sem hlutfall af tekjum, %",Bátar 10-200 brl.,24.0
2003,"EBITDA sem hlutfall af tekjum, %",Bátar > 200 brl.,25.9
2003,"EBITDA sem hlutfall af tekjum, %",Uppsjávarveiðiskip,19.0
2003,"EBITDA sem hlutfall af tekjum, %",Ísfisktogarar,20.0
2003,"EBITDA sem hlutfall af tekjum, %",Frystitogarar,22.6
2003,Afskriftir,Samtals,12409
2003,Afskriftir,Bátar undir 10 brl.,1216
2003,Afskriftir,Bátar 10-200 brl.,1530
2003,Afskriftir,Bátar > 200 brl.,2286
2003,Afskriftir,Uppsjávarveiðiskip,2623
2003,Afskriftir,Ísfisktogarar,1571
2003,Afskriftir,Frystitogarar,3184
2003,Verðbreytingarfærsla og vextir,Samtals,158
2003,Verðbreytingarfærsla og vextir,Bátar undir 10 brl.,482
2003,Verðbreytingarfærsla og vextir,Bátar 10-200 brl.,-7
2003,Verðbreytingarfærsla og vextir,Bátar > 200 brl.,263
2003,Verðbreytingarfærsla og vextir,Uppsjávarveiðiskip,186
2003,Verðbreytingarfærsla og vextir,Ísfisktogarar,-217
2003,Verðbreytingarfærsla og vextir,Frystitogarar,-548
2003,Hreinn hagnaður (EBT),Samtals,2470
2003,Hreinn hagnaður (EBT),Bátar undir 10 brl.,-910
2003,Hreinn hagnaður (EBT),Bátar 10-200 brl.,627
2003,Hreinn hagnaður (EBT),Bátar > 200 brl.,743
2003,Hreinn hagnaður (EBT),Uppsjávarveiðiskip,-294
2003,Hreinn hagnaður (EBT),Ísfisktogarar,452
2003,Hreinn hagnaður (EBT),Frystitogarar,1852
2003,"Hreinn hagnaður sem hlutfall af tekjum, %",Samtals,3.5
2003,"Hreinn hagnaður sem hlutfall af tekjum, %",Bátar undir 10 brl.,-13.5
2003,"Hreinn hagnaður sem hlutfall af tekjum, %",Bátar 10-200 brl.,7.0
2003,"Hreinn hagnaður sem hlutfall af tekjum, %",Bátar > 200 brl.,5.9
2003,"Hreinn hagnaður sem hlutfall af tekjum, %",Uppsjávarveiðiskip,-2.2
2003,"Hreinn hagnaður sem hlutfall af tekjum, %",Ísfisktogarar,5.0
2003,"Hreinn hagnaður sem hlutfall af tekjum, %",Frystitogarar,9.3
2003,"Árgreiðsla, 6%",Samtals,8812.0
2003,"Árgreiðsla, 6%",Bátar undir 10 brl.,695.0
2003,"Árgreiðsla, 6%",Bátar 10-200 brl.,1074.0
2003,"Árgreiðsla, 6%",Bátar > 200 brl.,1367.0
2003,"Árgreiðsla, 6%",Uppsjávarveiðiskip,2492.0
2003,"Árgreiðsla, 6%",Ísfisktogarar,811.0
2003,"Árgreiðsla, 6%",Frystitogarar,2373.0
2003,Hreinn hagnaður - árgreiðsla,Samtals,6225
2003,Hreinn hagnaður - árgreiðsla,Bátar undir 10 brl.,92
2003,Hreinn hagnaður - árgreiðsla,Bátar 10-200 brl.,1076
2003,Hreinn hagnaður - árgreiðsla,Bátar > 200 brl.,1925
2003,Hreinn hagnaður - árgreiðsla,Uppsjávarveiðiskip,23
2003,Hreinn hagnaður - árgreiðsla,Ísfisktogarar,994
2003,Hreinn hagnaður - árgreiðsla,Frystitogarar,2114
2003,"sem hlutfall af tekjum, %",Samtals,8.8
2003,"sem hlutfall af tekjum, %",Bátar undir 10 brl.,1.4
2003,"sem hlutfall af tekjum, %",Bátar 10-200 brl.,12.0
2003,"sem hlutfall af tekjum, %",Bátar > 200 brl.,15.2
2003,"sem hlutfall af tekjum, %",Uppsjávarveiðiskip,0.2
2003,"sem hlutfall af tekjum, %",Ísfisktogarar,11.0
2003,"sem hlutfall af tekjum, %",Frystitogarar,10.7
2004,1. Tekjur alls,Samtals,71481
2004,1. Tekjur alls,Bátar undir 10 brl.,5818
2004,1. Tekjur alls,Bátar 10-200 brl.,10106
2004,1. Tekjur alls,Bátar > 200 brl.,13809
2004,1. Tekjur alls,Uppsjávarveiðiskip,7633
2004,1. Tekjur alls,Ísfisktogarar,10699
2004,1. Tekjur alls,Frystitogarar,23415
2004,1.1  Útflutningstekjur,Samtals,30326
2004,1.1  Útflutningstekjur,Bátar undir 10 brl.,361
2004,1.1  Útflutningstekjur,Bátar 10-200 brl.,1308
2004,1.1  Útflutningstekjur,Bátar > 200 brl.,3600
2004,1.1  Útflutningstekjur,Uppsjávarveiðiskip,337
2004,1.1  Útflutningstekjur,Ísfisktogarar,2924
2004,1.1  Útflutningstekjur,Frystitogarar,21796
2004,1.2  Selt hráefni,Samtals,38876
2004,1.2  Selt hráefni,Bátar undir 10 brl.,5012
2004,1.2  Selt hráefni,Bátar 10-200 brl.,8285
2004,1.2  Selt hráefni,Bátar > 200 brl.,9861
2004,1.2  Selt hráefni,Uppsjávarveiðiskip,7183
2004,1.2  Selt hráefni,Ísfisktogarar,7466
2004,1.2  Selt hráefni,Frystitogarar,1070
2004,1.3  Aðrar tekjur,Samtals,2279
2004,1.3  Aðrar tekjur,Bátar undir 10 brl.,445
2004,1.3  Aðrar tekjur,Bátar 10-200 brl.,513
2004,1.3  Aðrar tekjur,Bátar > 200 brl.,348
2004,1.3  Aðrar tekjur,Uppsjávarveiðiskip,114
2004,1.3  Aðrar tekjur,Ísfisktogarar,309
2004,1.3  Aðrar tekjur,Frystitogarar,549
2004,2  Gjöld alls,Samtals,59227
2004,2  Gjöld alls,Bátar undir 10 brl.,5354
2004,2  Gjöld alls,Bátar 10-200 brl.,7921
2004,2  Gjöld alls,Bátar > 200 brl.,11289
2004,2  Gjöld alls,Uppsjávarveiðiskip,6348
2004,2  Gjöld alls,Ísfisktogarar,9369
2004,2  Gjöld alls,Frystitogarar,18945
2004,2.1  Aflahlutir,Samtals,19328
2004,2.1  Aflahlutir,Bátar undir 10 brl.,1044
2004,2.1  Aflahlutir,Bátar 10-200 brl.,2992
2004,2.1  Aflahlutir,Bátar > 200 brl.,3469
2004,2.1  Aflahlutir,Uppsjávarveiðiskip,2040
2004,2.1  Aflahlutir,Ísfisktogarar,2676
2004,2.1  Aflahlutir,Frystitogarar,7108
2004,2.2  Önnur laun,Samtals,5828
2004,2.2  Önnur laun,Bátar undir 10 brl.,1273
2004,2.2  Önnur laun,Bátar 10-200 brl.,447
2004,2.2  Önnur laun,Bátar > 200 brl.,1510
2004,2.2  Önnur laun,Uppsjávarveiðiskip,434
2004,2.2  Önnur laun,Ísfisktogarar,1150
2004,2.2  Önnur laun,Frystitogarar,1013
2004,2.3  Launatengd gjöld,Samtals,2219
2004,2.3  Launatengd gjöld,Bátar undir 10 brl.,204
2004,2.3  Launatengd gjöld,Bátar 10-200 brl.,303
2004,2.3  Launatengd gjöld,Bátar > 200 brl.,441
2004,2.3  Launatengd gjöld,Uppsjávarveiðiskip,219
2004,2.3  Launatengd gjöld,Ísfisktogarar,339
2004,2.3  Launatengd gjöld,Frystitogarar,714
2004,2.4  Olíur,Samtals,6511
2004,2.4  Olíur,Bátar undir 10 brl.,138
2004,2.4  Olíur,Bátar 10-200 brl.,439
2004,2.4  Olíur,Bátar > 200 brl.,861
2004,2.4  Olíur,Uppsjávarveiðiskip,1004
2004,2.4  Olíur,Ísfisktogarar,1214
2004,2.4  Olíur,Frystitogarar,2855
2004,2.5  Veiðarfæri,Samtals,3000
2004,2.5  Veiðarfæri,Bátar undir 10 brl.,132
2004,2.5  Veiðarfæri,Bátar 10-200 brl.,229
2004,2.5  Veiðarfæri,Bátar > 200 brl.,623
2004,2.5  Veiðarfæri,Uppsjávarveiðiskip,614
2004,2.5  Veiðarfæri,Ísfisktogarar,523
2004,2.5  Veiðarfæri,Frystitogarar,878
2004,2.6  Viðhald,Samtals,5022
2004,2.6  Viðhald,Bátar undir 10 brl.,544
2004,2.6  Viðhald,Bátar 10-200 brl.,594
2004,2.6  Viðhald,Bátar > 200 brl.,1034
2004,2.6  Viðhald,Uppsjávarveiðiskip,598
2004,2.6  Viðhald,Ísfisktogarar,813
2004,2.6  Viðhald,Frystitogarar,1438
2004,2.7  Frystikostn. umbúðir og fl.,Samtals,527
2004,2.7  Frystikostn. umbúðir og fl.,Bátar undir 10 brl.,.
2004,2.7  Frystikostn. umbúðir og fl.,Bátar 10-200 brl.,.
2004,2.7  Frystikostn. umbúðir og fl.,Bátar > 200 brl.,.
2004,2.7  Frystikostn. umbúðir og fl.,Uppsjávarveiðiskip,.
2004,2.7  Frystikostn. umbúðir og fl.,Ísfisktogarar,.
2004,2.7  Frystikostn. umbúðir og fl.,Frystitogarar,527
2004,2.8  Flutningskostnaður,Samtals,698
2004,2.8  Flutningskostnaður,Bátar undir 10 brl.,165
2004,2.8  Flutningskostnaður,Bátar 10-200 brl.,102
2004,2.8  Flutningskostnaður,Bátar > 200 brl.,61
2004,2.8  Flutningskostnaður,Uppsjávarveiðiskip,28
2004,2.8  Flutningskostnaður,Ísfisktogarar,88
2004,2.8  Flutningskostnaður,Frystitogarar,254
2004,2.9  Laun v/skrifstofu,Samtals,1211
2004,2.9  Laun v/skrifstofu,Bátar undir 10 brl.,37
2004,2.9  Laun v/skrifstofu,Bátar 10-200 brl.,53
2004,2.9  Laun v/skrifstofu,Bátar > 200 brl.,177
2004,2.9  Laun v/skrifstofu,Uppsjávarveiðiskip,66
2004,2.9  Laun v/skrifstofu,Ísfisktogarar,136
2004,2.9  Laun v/skrifstofu,Frystitogarar,741
2004,2.10 Skrifst.kostnaður,Samtals,1398
2004,2.10 Skrifst.kostnaður,Bátar undir 10 brl.,134
2004,2.10 Skrifst.kostnaður,Bátar 10-200 brl.,198
2004,2.10 Skrifst.kostnaður,Bátar > 200 brl.,292
2004,2.10 Skrifst.kostnaður,Uppsjávarveiðiskip,160
2004,2.10 Skrifst.kostnaður,Ísfisktogarar,209
2004,2.10 Skrifst.kostnaður,Frystitogarar,406
2004,2.11  Tryggingar,Samtals,1633
2004,2.11  Tryggingar,Bátar undir 10 brl.,310
2004,2.11  Tryggingar,Bátar 10-200 brl.,379
2004,2.11  Tryggingar,Bátar > 200 brl.,205
2004,2.11  Tryggingar,Uppsjávarveiðiskip,153
2004,2.11  Tryggingar,Ísfisktogarar,182
2004,2.11  Tryggingar,Frystitogarar,404
2004,2.12 Sölukostnaður,Samtals,2545
2004,2.12 Sölukostnaður,Bátar undir 10 brl.,194
2004,2.12 Sölukostnaður,Bátar 10-200 brl.,429
2004,2.12 Sölukostnaður,Bátar > 200 brl.,1002
2004,2.12 Sölukostnaður,Uppsjávarveiðiskip,43
2004,2.12 Sölukostnaður,Ísfisktogarar,760
2004,2.12 Sölukostnaður,Frystitogarar,117
2004,2.13 Löndunarkostnaður,Samtals,2448
2004,2.13 Löndunarkostnaður,Bátar undir 10 brl.,173
2004,2.13 Löndunarkostnaður,Bátar 10-200 brl.,306
2004,2.13 Löndunarkostnaður,Bátar > 200 brl.,372
2004,2.13 Löndunarkostnaður,Uppsjávarveiðiskip,250
2004,2.13 Löndunarkostnaður,Ísfisktogarar,498
2004,2.13 Löndunarkostnaður,Frystitogarar,848
2004,2.14 Kvótaleiga,Samtals,2974
2004,2.14 Kvótaleiga,Bátar undir 10 brl.,400
2004,2.14 Kvótaleiga,Bátar 10-200 brl.,1130
2004,2.14 Kvótaleiga,Bátar > 200 brl.,712
2004,2.14 Kvótaleiga,Uppsjávarveiðiskip,58
2004,2.14 Kvótaleiga,Ísfisktogarar,424
2004,2.14 Kvótaleiga,Frystitogarar,251
2004,2.15 Önnur gjöld,Samtals,3886
2004,2.15 Önnur gjöld,Bátar undir 10 brl.,605
2004,2.15 Önnur gjöld,Bátar 10-200 brl.,319
2004,2.15 Önnur gjöld,Bátar > 200 brl.,532
2004,2.15 Önnur gjöld,Uppsjávarveiðiskip,681
2004,2.15 Önnur gjöld,Ísfisktogarar,358
2004,2.15 Önnur gjöld,Frystitogarar,1391
2004,Verg hlutdeild fjármagns (EBITDA),Samtals,12254
2004,Verg hlutdeild fjármagns (EBITDA),Bátar undir 10 brl.,464
2004,Verg hlutdeild fjármagns (EBITDA),Bátar 10-200 brl.,2186
2004,Verg hlutdeild fjármagns (EBITDA),Bátar > 200 brl.,2520
2004,Verg hlutdeild fjármagns (EBITDA),Uppsjávarveiðiskip,1284
2004,Verg hlutdeild fjármagns (EBITDA),Ísfisktogarar,1330
2004,Verg hlutdeild fjármagns (EBITDA),Frystitogarar,4470
2004,"EBITDA sem hlutfall af tekjum, %",Samtals,17.1
2004,"EBITDA sem hlutfall af tekjum, %",Bátar undir 10 brl.,8.0
2004,"EBITDA sem hlutfall af tekjum, %",Bátar 10-200 brl.,21.6
2004,"EBITDA sem hlutfall af tekjum, %",Bátar > 200 brl.,18.3
2004,"EBITDA sem hlutfall af tekjum, %",Uppsjávarveiðiskip,16.8
2004,"EBITDA sem hlutfall af tekjum, %",Ísfisktogarar,12.4
2004,"EBITDA sem hlutfall af tekjum, %",Frystitogarar,19.1
2004,Afskriftir,Samtals,11735
2004,Afskriftir,Bátar undir 10 brl.,496
2004,Afskriftir,Bátar 10-200 brl.,1412
2004,Afskriftir,Bátar > 200 brl.,2220
2004,Afskriftir,Uppsjávarveiðiskip,1711
2004,Afskriftir,Ísfisktogarar,2016
2004,Afskriftir,Frystitogarar,3881
2004,Verðbreytingarfærsla og vextir,Samtals,-2164
2004,Verðbreytingarfærsla og vextir,Bátar undir 10 brl.,454
2004,Verðbreytingarfærsla og vextir,Bátar 10-200 brl.,-39
2004,Verðbreytingarfærsla og vextir,Bátar > 200 brl.,-406
2004,Verðbreytingarfærsla og vextir,Uppsjávarveiðiskip,-319
2004,Verðbreytingarfærsla og vextir,Ísfisktogarar,-743
2004,Verðbreytingarfærsla og vextir,Frystitogarar,-1111
2004,Hreinn hagnaður (EBT),Samtals,2683
2004,Hreinn hagnaður (EBT),Bátar undir 10 brl.,-486
2004,Hreinn hagnaður (EBT),Bátar 10-200 brl.,813
2004,Hreinn hagnaður (EBT),Bátar > 200 brl.,706
2004,Hreinn hagnaður (EBT),Uppsjávarveiðiskip,-107
2004,Hreinn hagnaður (EBT),Ísfisktogarar,57
2004,Hreinn hagnaður (EBT),Frystitogarar,1700
2004,"Hreinn hagnaður sem hlutfall af tekjum, %",Samtals,3.8
2004,"Hreinn hagnaður sem hlutfall af tekjum, %",Bátar undir 10 brl.,-8.4
2004,"Hreinn hagnaður sem hlutfall af tekjum, %",Bátar 10-200 brl.,8.0
2004,"Hreinn hagnaður sem hlutfall af tekjum, %",Bátar > 200 brl.,5.1
2004,"Hreinn hagnaður sem hlutfall af tekjum, %",Uppsjávarveiðiskip,-1.4
2004,"Hreinn hagnaður sem hlutfall af tekjum, %",Ísfisktogarar,0.5
2004,"Hreinn hagnaður sem hlutfall af tekjum, %",Frystitogarar,7.3
2004,"Árgreiðsla, 6%",Samtals,8420.0
2004,"Árgreiðsla, 6%",Bátar undir 10 brl.,678.0
2004,"Árgreiðsla, 6%",Bátar 10-200 brl.,1778.0
2004,"Árgreiðsla, 6%",Bátar > 200 brl.,619.0
2004,"Árgreiðsla, 6%",Uppsjávarveiðiskip,1564.0
2004,"Árgreiðsla, 6%",Ísfisktogarar,1009.0
2004,"Árgreiðsla, 6%",Frystitogarar,2773.0
2004,Hreinn hagnaður - árgreiðsla,Samtals,3834
2004,Hreinn hagnaður - árgreiðsla,Bátar undir 10 brl.,-214
2004,Hreinn hagnaður - árgreiðsla,Bátar 10-200 brl.,408
2004,Hreinn hagnaður - árgreiðsla,Bátar > 200 brl.,1901
2004,Hreinn hagnaður - árgreiðsla,Uppsjávarveiðiskip,-280
2004,Hreinn hagnaður - árgreiðsla,Ísfisktogarar,321
2004,Hreinn hagnaður - árgreiðsla,Frystitogarar,1697
2004,"sem hlutfall af tekjum, %",Samtals,5.4
2004,"sem hlutfall af tekjum, %",Bátar undir 10 brl.,-3.7
2004,"sem hlutfall af tekjum, %",Bátar 10-200 brl.,4.0
2004,"sem hlutfall af tekjum, %",Bátar > 200 brl.,13.8
2004,"sem hlutfall af tekjum, %",Uppsjávarveiðiskip,-3.7
2004,"sem hlutfall af tekjum, %",Ísfisktogarar,3.0
2004,"sem hlutfall af tekjum, %",Frystitogarar,7.2
2005,1. Tekjur alls,Samtals,74575
2005,1. Tekjur alls,Bátar undir 10 brl.,4752
2005,1. Tekjur alls,Bátar 10-200 brl.,10630
2005,1. Tekjur alls,Bátar > 200 brl.,12882
2005,1. Tekjur alls,Uppsjávarveiðiskip,6341
2005,1. Tekjur alls,Ísfisktogarar,10098
2005,1. Tekjur alls,Frystitogarar,29871
2005,1.1  Útflutningstekjur,Samtals,33516
2005,1.1  Útflutningstekjur,Bátar undir 10 brl.,272
2005,1.1  Útflutningstekjur,Bátar 10-200 brl.,1519
2005,1.1  Útflutningstekjur,Bátar > 200 brl.,2851
2005,1.1  Útflutningstekjur,Uppsjávarveiðiskip,82
2005,1.1  Útflutningstekjur,Ísfisktogarar,3107
2005,1.1  Útflutningstekjur,Frystitogarar,25684
2005,1.2  Selt hráefni,Samtals,35401
2005,1.2  Selt hráefni,Bátar undir 10 brl.,3980
2005,1.2  Selt hráefni,Bátar 10-200 brl.,8628
2005,1.2  Selt hráefni,Bátar > 200 brl.,9291
2005,1.2  Selt hráefni,Uppsjávarveiðiskip,5846
2005,1.2  Selt hráefni,Ísfisktogarar,6366
2005,1.2  Selt hráefni,Frystitogarar,1289
2005,1.3  Aðrar tekjur,Samtals,5658
2005,1.3  Aðrar tekjur,Bátar undir 10 brl.,501
2005,1.3  Aðrar tekjur,Bátar 10-200 brl.,483
2005,1.3  Aðrar tekjur,Bátar > 200 brl.,740
2005,1.3  Aðrar tekjur,Uppsjávarveiðiskip,412
2005,1.3  Aðrar tekjur,Ísfisktogarar,624
2005,1.3  Aðrar tekjur,Frystitogarar,2898
2005,2  Gjöld alls,Samtals,60027
2005,2  Gjöld alls,Bátar undir 10 brl.,3833
2005,2  Gjöld alls,Bátar 10-200 brl.,9162
2005,2  Gjöld alls,Bátar > 200 brl.,10570
2005,2  Gjöld alls,Uppsjávarveiðiskip,5425
2005,2  Gjöld alls,Ísfisktogarar,8155
2005,2  Gjöld alls,Frystitogarar,22883
2005,2.1  Aflahlutir,Samtals,19459
2005,2.1  Aflahlutir,Bátar undir 10 brl.,823
2005,2.1  Aflahlutir,Bátar 10-200 brl.,3132
2005,2.1  Aflahlutir,Bátar > 200 brl.,3131
2005,2.1  Aflahlutir,Uppsjávarveiðiskip,1607
2005,2.1  Aflahlutir,Ísfisktogarar,2394
2005,2.1  Aflahlutir,Frystitogarar,8372
2005,2.2  Önnur laun,Samtals,6191
2005,2.2  Önnur laun,Bátar undir 10 brl.,611
2005,2.2  Önnur laun,Bátar 10-200 brl.,425
2005,2.2  Önnur laun,Bátar > 200 brl.,1283
2005,2.2  Önnur laun,Uppsjávarveiðiskip,555
2005,2.2  Önnur laun,Ísfisktogarar,1005
2005,2.2  Önnur laun,Frystitogarar,2313
2005,2.3  Launatengd gjöld,Samtals,2270
2005,2.3  Launatengd gjöld,Bátar undir 10 brl.,127
2005,2.3  Launatengd gjöld,Bátar 10-200 brl.,315
2005,2.3  Launatengd gjöld,Bátar > 200 brl.,391
2005,2.3  Launatengd gjöld,Uppsjávarveiðiskip,191
2005,2.3  Launatengd gjöld,Ísfisktogarar,301
2005,2.3  Launatengd gjöld,Frystitogarar,946
2005,2.4  Olíur,Samtals,9109
2005,2.4  Olíur,Bátar undir 10 brl.,428
2005,2.4  Olíur,Bátar 10-200 brl.,1063
2005,2.4  Olíur,Bátar > 200 brl.,1288
2005,2.4  Olíur,Uppsjávarveiðiskip,1014
2005,2.4  Olíur,Ísfisktogarar,1343
2005,2.4  Olíur,Frystitogarar,3973
2005,2.5  Veiðarfæri,Samtals,3390
2005,2.5  Veiðarfæri,Bátar undir 10 brl.,145
2005,2.5  Veiðarfæri,Bátar 10-200 brl.,117
2005,2.5  Veiðarfæri,Bátar > 200 brl.,1341
2005,2.5  Veiðarfæri,Uppsjávarveiðiskip,575
2005,2.5  Veiðarfæri,Ísfisktogarar,370
2005,2.5  Veiðarfæri,Frystitogarar,842
2005,2.6  Viðhald,Samtals,5234
2005,2.6  Viðhald,Bátar undir 10 brl.,292
2005,2.6  Viðhald,Bátar 10-200 brl.,600
2005,2.6  Viðhald,Bátar > 200 brl.,1047
2005,2.6  Viðhald,Uppsjávarveiðiskip,660
2005,2.6  Viðhald,Ísfisktogarar,540
2005,2.6  Viðhald,Frystitogarar,2095
2005,2.7  Frystikostn. umbúðir og fl.,Samtals,540
2005,2.7  Frystikostn. umbúðir og fl.,Bátar undir 10 brl.,.
2005,2.7  Frystikostn. umbúðir og fl.,Bátar 10-200 brl.,.
2005,2.7  Frystikostn. umbúðir og fl.,Bátar > 200 brl.,.
2005,2.7  Frystikostn. umbúðir og fl.,Uppsjávarveiðiskip,.
2005,2.7  Frystikostn. umbúðir og fl.,Ísfisktogarar,.
2005,2.7  Frystikostn. umbúðir og fl.,Frystitogarar,540
2005,2.8  Flutningskostnaður,Samtals,1046
2005,2.8  Flutningskostnaður,Bátar undir 10 brl.,174
2005,2.8  Flutningskostnaður,Bátar 10-200 brl.,205
2005,2.8  Flutningskostnaður,Bátar > 200 brl.,322
2005,2.8  Flutningskostnaður,Uppsjávarveiðiskip,3
2005,2.8  Flutningskostnaður,Ísfisktogarar,139
2005,2.8  Flutningskostnaður,Frystitogarar,203
2005,2.9  Laun v/skrifstofu,Samtals,14
2005,2.9  Laun v/skrifstofu,Bátar undir 10 brl.,0
2005,2.9  Laun v/skrifstofu,Bátar 10-200 brl.,5
2005,2.9  Laun v/skrifstofu,Bátar > 200 brl.,.
2005,2.9  Laun v/skrifstofu,Uppsjávarveiðiskip,.
2005,2.9  Laun v/skrifstofu,Ísfisktogarar,9
2005,2.9  Laun v/skrifstofu,Frystitogarar,.
2005,2.10 Skrifst.kostnaður,Samtals,2288
2005,2.10 Skrifst.kostnaður,Bátar undir 10 brl.,417
2005,2.10 Skrifst.kostnaður,Bátar 10-200 brl.,775
2005,2.10 Skrifst.kostnaður,Bátar > 200 brl.,634
2005,2.10 Skrifst.kostnaður,Uppsjávarveiðiskip,53
2005,2.10 Skrifst.kostnaður,Ísfisktogarar,335
2005,2.10 Skrifst.kostnaður,Frystitogarar,75
2005,2.11  Tryggingar,Samtals,1086
2005,2.11  Tryggingar,Bátar undir 10 brl.,48
2005,2.11  Tryggingar,Bátar 10-200 brl.,106
2005,2.11  Tryggingar,Bátar > 200 brl.,129
2005,2.11  Tryggingar,Uppsjávarveiðiskip,60
2005,2.11  Tryggingar,Ísfisktogarar,100
2005,2.11  Tryggingar,Frystitogarar,642
2005,2.12 Sölukostnaður,Samtals,1979
2005,2.12 Sölukostnaður,Bátar undir 10 brl.,68
2005,2.12 Sölukostnaður,Bátar 10-200 brl.,365
2005,2.12 Sölukostnaður,Bátar > 200 brl.,705
2005,2.12 Sölukostnaður,Uppsjávarveiðiskip,22
2005,2.12 Sölukostnaður,Ísfisktogarar,763
2005,2.12 Sölukostnaður,Frystitogarar,57
2005,2.13 Löndunarkostnaður,Samtals,765
2005,2.13 Löndunarkostnaður,Bátar undir 10 brl.,0
2005,2.13 Löndunarkostnaður,Bátar 10-200 brl.,25
2005,2.13 Löndunarkostnaður,Bátar > 200 brl.,33
2005,2.13 Löndunarkostnaður,Uppsjávarveiðiskip,122
2005,2.13 Löndunarkostnaður,Ísfisktogarar,290
2005,2.13 Löndunarkostnaður,Frystitogarar,296
2005,2.14 Kvótaleiga,Samtals,-
2005,2.14 Kvótaleiga,Bátar undir 10 brl.,-
2005,2.14 Kvótaleiga,Bátar 10-200 brl.,-
2005,2.14 Kvótaleiga,Bátar > 200 brl.,-
2005,2.14 Kvótaleiga,Uppsjávarveiðiskip,-
2005,2.14 Kvótaleiga,Ísfisktogarar,-
2005,2.14 Kvótaleiga,Frystitogarar,-
2005,2.15 Önnur gjöld,Samtals,6655
2005,2.15 Önnur gjöld,Bátar undir 10 brl.,701
2005,2.15 Önnur gjöld,Bátar 10-200 brl.,2029
2005,2.15 Önnur gjöld,Bátar > 200 brl.,268
2005,2.15 Önnur gjöld,Uppsjávarveiðiskip,564
2005,2.15 Önnur gjöld,Ísfisktogarar,565
2005,2.15 Önnur gjöld,Frystitogarar,2528
2005,Verg hlutdeild fjármagns (EBITDA),Samtals,14548
2005,Verg hlutdeild fjármagns (EBITDA),Bátar undir 10 brl.,920
2005,Verg hlutdeild fjármagns (EBITDA),Bátar 10-200 brl.,1468
2005,Verg hlutdeild fjármagns (EBITDA),Bátar > 200 brl.,2312
2005,Verg hlutdeild fjármagns (EBITDA),Uppsjávarveiðiskip,915
2005,Verg hlutdeild fjármagns (EBITDA),Ísfisktogarar,1943
2005,Verg hlutdeild fjármagns (EBITDA),Frystitogarar,6989
2005,"EBITDA sem hlutfall af tekjum, %",Samtals,19.5
2005,"EBITDA sem hlutfall af tekjum, %",Bátar undir 10 brl.,19.4
2005,"EBITDA sem hlutfall af tekjum, %",Bátar 10-200 brl.,13.8
2005,"EBITDA sem hlutfall af tekjum, %",Bátar > 200 brl.,17.9
2005,"EBITDA sem hlutfall af tekjum, %",Uppsjávarveiðiskip,14.4
2005,"EBITDA sem hlutfall af tekjum, %",Ísfisktogarar,19.2
2005,"EBITDA sem hlutfall af tekjum, %",Frystitogarar,23.4
2005,Afskriftir,Samtals,9028
2005,Afskriftir,Bátar undir 10 brl.,491
2005,Afskriftir,Bátar 10-200 brl.,1086
2005,Afskriftir,Bátar > 200 brl.,1347
2005,Afskriftir,Uppsjávarveiðiskip,860
2005,Afskriftir,Ísfisktogarar,1088
2005,Afskriftir,Frystitogarar,4156
2005,Verðbreytingarfærsla og vextir,Samtals,-3120
2005,Verðbreytingarfærsla og vextir,Bátar undir 10 brl.,284
2005,Verðbreytingarfærsla og vextir,Bátar 10-200 brl.,-53
2005,Verðbreytingarfærsla og vextir,Bátar > 200 brl.,-583
2005,Verðbreytingarfærsla og vextir,Uppsjávarveiðiskip,-184
2005,Verðbreytingarfærsla og vextir,Ísfisktogarar,-309
2005,Verðbreytingarfærsla og vextir,Frystitogarar,-2274
2005,Hreinn hagnaður (EBT),Samtals,8640
2005,Hreinn hagnaður (EBT),Bátar undir 10 brl.,146
2005,Hreinn hagnaður (EBT),Bátar 10-200 brl.,435
2005,Hreinn hagnaður (EBT),Bátar > 200 brl.,1549
2005,Hreinn hagnaður (EBT),Uppsjávarveiðiskip,240
2005,Hreinn hagnaður (EBT),Ísfisktogarar,1164
2005,Hreinn hagnaður (EBT),Frystitogarar,5106
2005,"Hreinn hagnaður sem hlutfall af tekjum, %",Samtals,11.6
2005,"Hreinn hagnaður sem hlutfall af tekjum, %",Bátar undir 10 brl.,3.1
2005,"Hreinn hagnaður sem hlutfall af tekjum, %",Bátar 10-200 brl.,4.1
2005,"Hreinn hagnaður sem hlutfall af tekjum, %",Bátar > 200 brl.,12.0
2005,"Hreinn hagnaður sem hlutfall af tekjum, %",Uppsjávarveiðiskip,3.8
2005,"Hreinn hagnaður sem hlutfall af tekjum, %",Ísfisktogarar,11.5
2005,"Hreinn hagnaður sem hlutfall af tekjum, %",Frystitogarar,17.1
2005,"Árgreiðsla, 6%",Samtals,8057.0
2005,"Árgreiðsla, 6%",Bátar undir 10 brl.,745.0
2005,"Árgreiðsla, 6%",Bátar 10-200 brl.,974.0
2005,"Árgreiðsla, 6%",Bátar > 200 brl.,1267.0
2005,"Árgreiðsla, 6%",Uppsjávarveiðiskip,1397.0
2005,"Árgreiðsla, 6%",Ísfisktogarar,1062.0
2005,"Árgreiðsla, 6%",Frystitogarar,2612.0
2005,Hreinn hagnaður - árgreiðsla,Samtals,6491
2005,Hreinn hagnaður - árgreiðsla,Bátar undir 10 brl.,175
2005,Hreinn hagnaður - árgreiðsla,Bátar 10-200 brl.,495
2005,Hreinn hagnaður - árgreiðsla,Bátar > 200 brl.,1045
2005,Hreinn hagnaður - árgreiðsla,Uppsjávarveiðiskip,-482
2005,Hreinn hagnaður - árgreiðsla,Ísfisktogarar,881
2005,Hreinn hagnaður - árgreiðsla,Frystitogarar,4377
2005,"sem hlutfall af tekjum, %",Samtals,8.7
2005,"sem hlutfall af tekjum, %",Bátar undir 10 brl.,3.7
2005,"sem hlutfall af tekjum, %",Bátar 10-200 brl.,4.7
2005,"sem hlutfall af tekjum, %",Bátar > 200 brl.,8.1
2005,"sem hlutfall af tekjum, %",Uppsjávarveiðiskip,-7.6
2005,"sem hlutfall af tekjum, %",Ísfisktogarar,8.7
2005,"sem hlutfall af tekjum, %",Frystitogarar,14.7
2006,1. Tekjur alls,Samtals,81533
2006,1. Tekjur alls,Bátar undir 10 brl.,5159
2006,1. Tekjur alls,Bátar 10-200 brl.,12627
2006,1. Tekjur alls,Bátar > 200 brl.,15481
2006,1. Tekjur alls,Uppsjávarveiðiskip,9402
2006,1. Tekjur alls,Ísfisktogarar,10655
2006,1. Tekjur alls,Frystitogarar,28209
2006,1.1  Útflutningstekjur,Samtals,34823
2006,1.1  Útflutningstekjur,Bátar undir 10 brl.,295
2006,1.1  Útflutningstekjur,Bátar 10-200 brl.,975
2006,1.1  Útflutningstekjur,Bátar > 200 brl.,3430
2006,1.1  Útflutningstekjur,Uppsjávarveiðiskip,902
2006,1.1  Útflutningstekjur,Ísfisktogarar,3430
2006,1.1  Útflutningstekjur,Frystitogarar,25790
2006,1.2  Selt hráefni,Samtals,42720
2006,1.2  Selt hráefni,Bátar undir 10 brl.,4360
2006,1.2  Selt hráefni,Bátar 10-200 brl.,11077
2006,1.2  Selt hráefni,Bátar > 200 brl.,11262
2006,1.2  Selt hráefni,Uppsjávarveiðiskip,8015
2006,1.2  Selt hráefni,Ísfisktogarar,6429
2006,1.2  Selt hráefni,Frystitogarar,1577
2006,1.3  Aðrar tekjur,Samtals,3989
2006,1.3  Aðrar tekjur,Bátar undir 10 brl.,504
2006,1.3  Aðrar tekjur,Bátar 10-200 brl.,575
2006,1.3  Aðrar tekjur,Bátar > 200 brl.,789
2006,1.3  Aðrar tekjur,Uppsjávarveiðiskip,484
2006,1.3  Aðrar tekjur,Ísfisktogarar,796
2006,1.3  Aðrar tekjur,Frystitogarar,842
2006,2  Gjöld alls,Samtals,61748
2006,2  Gjöld alls,Bátar undir 10 brl.,3892
2006,2  Gjöld alls,Bátar 10-200 brl.,10092
2006,2  Gjöld alls,Bátar > 200 brl.,11292
2006,2  Gjöld alls,Uppsjávarveiðiskip,7767
2006,2  Gjöld alls,Ísfisktogarar,7904
2006,2  Gjöld alls,Frystitogarar,20800
2006,2.1  Aflahlutir,Samtals,21876
2006,2.1  Aflahlutir,Bátar undir 10 brl.,901
2006,2.1  Aflahlutir,Bátar 10-200 brl.,3773
2006,2.1  Aflahlutir,Bátar > 200 brl.,3792
2006,2.1  Aflahlutir,Uppsjávarveiðiskip,2423
2006,2.1  Aflahlutir,Ísfisktogarar,2480
2006,2.1  Aflahlutir,Frystitogarar,8508
2006,2.2  Önnur laun,Samtals,5367
2006,2.2  Önnur laun,Bátar undir 10 brl.,595
2006,2.2  Önnur laun,Bátar 10-200 brl.,472
2006,2.2  Önnur laun,Bátar > 200 brl.,1292
2006,2.2  Önnur laun,Uppsjávarveiðiskip,765
2006,2.2  Önnur laun,Ísfisktogarar,696
2006,2.2  Önnur laun,Frystitogarar,1548
2006,2.3  Launatengd gjöld,Samtals,2411
2006,2.3  Launatengd gjöld,Bátar undir 10 brl.,132
2006,2.3  Launatengd gjöld,Bátar 10-200 brl.,376
2006,2.3  Launatengd gjöld,Bátar > 200 brl.,450
2006,2.3  Launatengd gjöld,Uppsjávarveiðiskip,282
2006,2.3  Launatengd gjöld,Ísfisktogarar,281
2006,2.3  Launatengd gjöld,Frystitogarar,890
2006,2.4  Olíur,Samtals,9832
2006,2.4  Olíur,Bátar undir 10 brl.,490
2006,2.4  Olíur,Bátar 10-200 brl.,1200
2006,2.4  Olíur,Bátar > 200 brl.,1471
2006,2.4  Olíur,Uppsjávarveiðiskip,1179
2006,2.4  Olíur,Ísfisktogarar,1356
2006,2.4  Olíur,Frystitogarar,4137
2006,2.5  Veiðarfæri,Samtals,2741
2006,2.5  Veiðarfæri,Bátar undir 10 brl.,52
2006,2.5  Veiðarfæri,Bátar 10-200 brl.,88
2006,2.5  Veiðarfæri,Bátar > 200 brl.,1056
2006,2.5  Veiðarfæri,Uppsjávarveiðiskip,586
2006,2.5  Veiðarfæri,Ísfisktogarar,302
2006,2.5  Veiðarfæri,Frystitogarar,657
2006,2.6  Viðhald,Samtals,4220
2006,2.6  Viðhald,Bátar undir 10 brl.,266
2006,2.6  Viðhald,Bátar 10-200 brl.,620
2006,2.6  Viðhald,Bátar > 200 brl.,792
2006,2.6  Viðhald,Uppsjávarveiðiskip,688
2006,2.6  Viðhald,Ísfisktogarar,479
2006,2.6  Viðhald,Frystitogarar,1375
2006,2.7  Frystikostn. umbúðir og fl.,Samtals,431
2006,2.7  Frystikostn. umbúðir og fl.,Bátar undir 10 brl.,.
2006,2.7  Frystikostn. umbúðir og fl.,Bátar 10-200 brl.,.
2006,2.7  Frystikostn. umbúðir og fl.,Bátar > 200 brl.,.
2006,2.7  Frystikostn. umbúðir og fl.,Uppsjávarveiðiskip,.
2006,2.7  Frystikostn. umbúðir og fl.,Ísfisktogarar,.
2006,2.7  Frystikostn. umbúðir og fl.,Frystitogarar,431
2006,2.8  Flutningskostnaður,Samtals,961
2006,2.8  Flutningskostnaður,Bátar undir 10 brl.,171
2006,2.8  Flutningskostnaður,Bátar 10-200 brl.,203
2006,2.8  Flutningskostnaður,Bátar > 200 brl.,164
2006,2.8  Flutningskostnaður,Uppsjávarveiðiskip,29
2006,2.8  Flutningskostnaður,Ísfisktogarar,200
2006,2.8  Flutningskostnaður,Frystitogarar,194
2006,2.9  Laun v/skrifstofu,Samtals,347
2006,2.9  Laun v/skrifstofu,Bátar undir 10 brl.,0
2006,2.9  Laun v/skrifstofu,Bátar 10-200 brl.,0
2006,2.9  Laun v/skrifstofu,Bátar > 200 brl.,246
2006,2.9  Laun v/skrifstofu,Uppsjávarveiðiskip,70
2006,2.9  Laun v/skrifstofu,Ísfisktogarar,16
2006,2.9  Laun v/skrifstofu,Frystitogarar,15
2006,2.10 Skrifst.kostnaður,Samtals,2575
2006,2.10 Skrifst.kostnaður,Bátar undir 10 brl.,455
2006,2.10 Skrifst.kostnaður,Bátar 10-200 brl.,843
2006,2.10 Skrifst.kostnaður,Bátar > 200 brl.,355
2006,2.10 Skrifst.kostnaður,Uppsjávarveiðiskip,180
2006,2.10 Skrifst.kostnaður,Ísfisktogarar,233
2006,2.10 Skrifst.kostnaður,Frystitogarar,508
2006,2.11  Tryggingar,Samtals,1135
2006,2.11  Tryggingar,Bátar undir 10 brl.,52
2006,2.11  Tryggingar,Bátar 10-200 brl.,126
2006,2.11  Tryggingar,Bátar > 200 brl.,155
2006,2.11  Tryggingar,Uppsjávarveiðiskip,90
2006,2.11  Tryggingar,Ísfisktogarar,106
2006,2.11  Tryggingar,Frystitogarar,607
2006,2.12 Sölukostnaður,Samtals,1644
2006,2.12 Sölukostnaður,Bátar undir 10 brl.,74
2006,2.12 Sölukostnaður,Bátar 10-200 brl.,234
2006,2.12 Sölukostnaður,Bátar > 200 brl.,572
2006,2.12 Sölukostnaður,Uppsjávarveiðiskip,31
2006,2.12 Sölukostnaður,Ísfisktogarar,705
2006,2.12 Sölukostnaður,Frystitogarar,28
2006,2.13 Löndunarkostnaður,Samtals,1081
2006,2.13 Löndunarkostnaður,Bátar undir 10 brl.,0
2006,2.13 Löndunarkostnaður,Bátar 10-200 brl.,0
2006,2.13 Löndunarkostnaður,Bátar > 200 brl.,351
2006,2.13 Löndunarkostnaður,Uppsjávarveiðiskip,145
2006,2.13 Löndunarkostnaður,Ísfisktogarar,257
2006,2.13 Löndunarkostnaður,Frystitogarar,328
2006,2.14 Kvótaleiga,Samtals,.
2006,2.14 Kvótaleiga,Bátar undir 10 brl.,.
2006,2.14 Kvótaleiga,Bátar 10-200 brl.,.
2006,2.14 Kvótaleiga,Bátar > 200 brl.,.
2006,2.14 Kvótaleiga,Uppsjávarveiðiskip,.
2006,2.14 Kvótaleiga,Ísfisktogarar,.
2006,2.14 Kvótaleiga,Frystitogarar,.
2006,2.15 Önnur gjöld,Samtals,7127
2006,2.15 Önnur gjöld,Bátar undir 10 brl.,703
2006,2.15 Önnur gjöld,Bátar 10-200 brl.,2157
2006,2.15 Önnur gjöld,Bátar > 200 brl.,596
2006,2.15 Önnur gjöld,Uppsjávarveiðiskip,1302
2006,2.15 Önnur gjöld,Ísfisktogarar,794
2006,2.15 Önnur gjöld,Frystitogarar,1575
2006,Verg hlutdeild fjármagns (EBITDA),Samtals,19785
2006,Verg hlutdeild fjármagns (EBITDA),Bátar undir 10 brl.,1268
2006,Verg hlutdeild fjármagns (EBITDA),Bátar 10-200 brl.,2535
2006,Verg hlutdeild fjármagns (EBITDA),Bátar > 200 brl.,4189
2006,Verg hlutdeild fjármagns (EBITDA),Uppsjávarveiðiskip,1634
2006,Verg hlutdeild fjármagns (EBITDA),Ísfisktogarar,2751
2006,Verg hlutdeild fjármagns (EBITDA),Frystitogarar,7409
2006,"EBITDA sem hlutfall af tekjum, %",Samtals,24.3
2006,"EBITDA sem hlutfall af tekjum, %",Bátar undir 10 brl.,24.6
2006,"EBITDA sem hlutfall af tekjum, %",Bátar 10-200 brl.,20.1
2006,"EBITDA sem hlutfall af tekjum, %",Bátar > 200 brl.,27.1
2006,"EBITDA sem hlutfall af tekjum, %",Uppsjávarveiðiskip,17.4
2006,"EBITDA sem hlutfall af tekjum, %",Ísfisktogarar,25.8
2006,"EBITDA sem hlutfall af tekjum, %",Frystitogarar,26.3
2006,Afskriftir,Samtals,8310
2006,Afskriftir,Bátar undir 10 brl.,449
2006,Afskriftir,Bátar 10-200 brl.,1130
2006,Afskriftir,Bátar > 200 brl.,983
2006,Afskriftir,Uppsjávarveiðiskip,1461
2006,Afskriftir,Ísfisktogarar,907
2006,Afskriftir,Frystitogarar,3379
2006,Verðbreytingarfærsla og vextir,Samtals,21705
2006,Verðbreytingarfærsla og vextir,Bátar undir 10 brl.,1040
2006,Verðbreytingarfærsla og vextir,Bátar 10-200 brl.,3486
2006,Verðbreytingarfærsla og vextir,Bátar > 200 brl.,6317
2006,Verðbreytingarfærsla og vextir,Uppsjávarveiðiskip,2642
2006,Verðbreytingarfærsla og vextir,Ísfisktogarar,2363
2006,Verðbreytingarfærsla og vextir,Frystitogarar,5857
2006,Hreinn hagnaður (EBT),Samtals,-10230
2006,Hreinn hagnaður (EBT),Bátar undir 10 brl.,-222
2006,Hreinn hagnaður (EBT),Bátar 10-200 brl.,-2082
2006,Hreinn hagnaður (EBT),Bátar > 200 brl.,-3111
2006,Hreinn hagnaður (EBT),Uppsjávarveiðiskip,-2469
2006,Hreinn hagnaður (EBT),Ísfisktogarar,-519
2006,Hreinn hagnaður (EBT),Frystitogarar,-1828
2006,"Hreinn hagnaður sem hlutfall af tekjum, %",Samtals,-12.5
2006,"Hreinn hagnaður sem hlutfall af tekjum, %",Bátar undir 10 brl.,-4.3
2006,"Hreinn hagnaður sem hlutfall af tekjum, %",Bátar 10-200 brl.,-16.5
2006,"Hreinn hagnaður sem hlutfall af tekjum, %",Bátar > 200 brl.,-20.1
2006,"Hreinn hagnaður sem hlutfall af tekjum, %",Uppsjávarveiðiskip,-26.3
2006,"Hreinn hagnaður sem hlutfall af tekjum, %",Ísfisktogarar,-4.9
2006,"Hreinn hagnaður sem hlutfall af tekjum, %",Frystitogarar,-6.5
2006,"Árgreiðsla, 6%",Samtals,7770.0
2006,"Árgreiðsla, 6%",Bátar undir 10 brl.,633.0
2006,"Árgreiðsla, 6%",Bátar 10-200 brl.,997.0
2006,"Árgreiðsla, 6%",Bátar > 200 brl.,1175.0
2006,"Árgreiðsla, 6%",Uppsjávarveiðiskip,1499.0
2006,"Árgreiðsla, 6%",Ísfisktogarar,718.0
2006,"Árgreiðsla, 6%",Frystitogarar,2747.0
2006,Hreinn hagnaður - árgreiðsla,Samtals,12015
2006,Hreinn hagnaður - árgreiðsla,Bátar undir 10 brl.,635
2006,Hreinn hagnaður - árgreiðsla,Bátar 10-200 brl.,1537
2006,Hreinn hagnaður - árgreiðsla,Bátar > 200 brl.,3014
2006,Hreinn hagnaður - árgreiðsla,Uppsjávarveiðiskip,134
2006,Hreinn hagnaður - árgreiðsla,Ísfisktogarar,2033
2006,Hreinn hagnaður - árgreiðsla,Frystitogarar,4661
2006,"sem hlutfall af tekjum, %",Samtals,14.7
2006,"sem hlutfall af tekjum, %",Bátar undir 10 brl.,12.3
2006,"sem hlutfall af tekjum, %",Bátar 10-200 brl.,12.2
2006,"sem hlutfall af tekjum, %",Bátar > 200 brl.,19.5
2006,"sem hlutfall af tekjum, %",Uppsjávarveiðiskip,1.4
2006,"sem hlutfall af tekjum, %",Ísfisktogarar,19.1
2006,"sem hlutfall af tekjum, %",Frystitogarar,16.5
2007,1. Tekjur alls,Samtals,85420
2007,1. Tekjur alls,Bátar undir 10 brl.,3634
2007,1. Tekjur alls,Bátar 10-200 brl.,13855
2007,1. Tekjur alls,Bátar > 200 brl.,16900
2007,1. Tekjur alls,Uppsjávarveiðiskip,8810
2007,1. Tekjur alls,Ísfisktogarar,14490
2007,1. Tekjur alls,Frystitogarar,27731
2007,1.1  Útflutningstekjur,Samtals,34496
2007,1.1  Útflutningstekjur,Bátar undir 10 brl.,70
2007,1.1  Útflutningstekjur,Bátar 10-200 brl.,733
2007,1.1  Útflutningstekjur,Bátar > 200 brl.,3008
2007,1.1  Útflutningstekjur,Uppsjávarveiðiskip,118
2007,1.1  Útflutningstekjur,Ísfisktogarar,5144
2007,1.1  Útflutningstekjur,Frystitogarar,25424
2007,1.2  Selt hráefni,Samtals,47055
2007,1.2  Selt hráefni,Bátar undir 10 brl.,3318
2007,1.2  Selt hráefni,Bátar 10-200 brl.,12414
2007,1.2  Selt hráefni,Bátar > 200 brl.,13180
2007,1.2  Selt hráefni,Uppsjávarveiðiskip,8353
2007,1.2  Selt hráefni,Ísfisktogarar,7985
2007,1.2  Selt hráefni,Frystitogarar,1804
2007,1.3  Aðrar tekjur,Samtals,3869
2007,1.3  Aðrar tekjur,Bátar undir 10 brl.,246
2007,1.3  Aðrar tekjur,Bátar 10-200 brl.,708
2007,1.3  Aðrar tekjur,Bátar > 200 brl.,712
2007,1.3  Aðrar tekjur,Uppsjávarveiðiskip,339
2007,1.3  Aðrar tekjur,Ísfisktogarar,1361
2007,1.3  Aðrar tekjur,Frystitogarar,502
2007,2  Gjöld alls,Samtals,67116
2007,2  Gjöld alls,Bátar undir 10 brl.,3191
2007,2  Gjöld alls,Bátar 10-200 brl.,10808
2007,2  Gjöld alls,Bátar > 200 brl.,12786
2007,2  Gjöld alls,Uppsjávarveiðiskip,6903
2007,2  Gjöld alls,Ísfisktogarar,10990
2007,2  Gjöld alls,Frystitogarar,22439
2007,2.1  Aflahlutir,Samtals,23060
2007,2.1  Aflahlutir,Bátar undir 10 brl.,661
2007,2.1  Aflahlutir,Bátar 10-200 brl.,4137
2007,2.1  Aflahlutir,Bátar > 200 brl.,4215
2007,2.1  Aflahlutir,Uppsjávarveiðiskip,2297
2007,2.1  Aflahlutir,Ísfisktogarar,3282
2007,2.1  Aflahlutir,Frystitogarar,8467
2007,2.2  Önnur laun,Samtals,5708
2007,2.2  Önnur laun,Bátar undir 10 brl.,486
2007,2.2  Önnur laun,Bátar 10-200 brl.,211
2007,2.2  Önnur laun,Bátar > 200 brl.,1349
2007,2.2  Önnur laun,Uppsjávarveiðiskip,649
2007,2.2  Önnur laun,Ísfisktogarar,1200
2007,2.2  Önnur laun,Frystitogarar,1813
2007,2.3  Launatengd gjöld,Samtals,2546
2007,2.3  Launatengd gjöld,Bátar undir 10 brl.,102
2007,2.3  Launatengd gjöld,Bátar 10-200 brl.,385
2007,2.3  Launatengd gjöld,Bátar > 200 brl.,492
2007,2.3  Launatengd gjöld,Uppsjávarveiðiskip,261
2007,2.3  Launatengd gjöld,Ísfisktogarar,397
2007,2.3  Launatengd gjöld,Frystitogarar,910
2007,2.4  Olíur,Samtals,11126
2007,2.4  Olíur,Bátar undir 10 brl.,380
2007,2.4  Olíur,Bátar 10-200 brl.,1448
2007,2.4  Olíur,Bátar > 200 brl.,1580
2007,2.4  Olíur,Uppsjávarveiðiskip,1215
2007,2.4  Olíur,Ísfisktogarar,2028
2007,2.4  Olíur,Frystitogarar,4474
2007,2.5  Veiðarfæri,Samtals,3891
2007,2.5  Veiðarfæri,Bátar undir 10 brl.,263
2007,2.5  Veiðarfæri,Bátar 10-200 brl.,471
2007,2.5  Veiðarfæri,Bátar > 200 brl.,1068
2007,2.5  Veiðarfæri,Uppsjávarveiðiskip,726
2007,2.5  Veiðarfæri,Ísfisktogarar,468
2007,2.5  Veiðarfæri,Frystitogarar,896
2007,2.6  Viðhald,Samtals,5382
2007,2.6  Viðhald,Bátar undir 10 brl.,226
2007,2.6  Viðhald,Bátar 10-200 brl.,573
2007,2.6  Viðhald,Bátar > 200 brl.,1008
2007,2.6  Viðhald,Uppsjávarveiðiskip,733
2007,2.6  Viðhald,Ísfisktogarar,931
2007,2.6  Viðhald,Frystitogarar,1911
2007,2.7  Frystikostn. umbúðir og fl.,Samtals,574
2007,2.7  Frystikostn. umbúðir og fl.,Bátar undir 10 brl.,.
2007,2.7  Frystikostn. umbúðir og fl.,Bátar 10-200 brl.,.
2007,2.7  Frystikostn. umbúðir og fl.,Bátar > 200 brl.,.
2007,2.7  Frystikostn. umbúðir og fl.,Uppsjávarveiðiskip,.
2007,2.7  Frystikostn. umbúðir og fl.,Ísfisktogarar,.
2007,2.7  Frystikostn. umbúðir og fl.,Frystitogarar,574
2007,2.8  Flutningskostnaður,Samtals,822
2007,2.8  Flutningskostnaður,Bátar undir 10 brl.,139
2007,2.8  Flutningskostnaður,Bátar 10-200 brl.,263
2007,2.8  Flutningskostnaður,Bátar > 200 brl.,125
2007,2.8  Flutningskostnaður,Uppsjávarveiðiskip,7
2007,2.8  Flutningskostnaður,Ísfisktogarar,120
2007,2.8  Flutningskostnaður,Frystitogarar,168
2007,2.9  Laun v/skrifstofu,Samtals,413
2007,2.9  Laun v/skrifstofu,Bátar undir 10 brl.,.
2007,2.9  Laun v/skrifstofu,Bátar 10-200 brl.,8
2007,2.9  Laun v/skrifstofu,Bátar > 200 brl.,289
2007,2.9  Laun v/skrifstofu,Uppsjávarveiðiskip,57
2007,2.9  Laun v/skrifstofu,Ísfisktogarar,46
2007,2.9  Laun v/skrifstofu,Frystitogarar,15
2007,2.10 Skrifst.kostnaður,Samtals,2619
2007,2.10 Skrifst.kostnaður,Bátar undir 10 brl.,299
2007,2.10 Skrifst.kostnaður,Bátar 10-200 brl.,828
2007,2.10 Skrifst.kostnaður,Bátar > 200 brl.,416
2007,2.10 Skrifst.kostnaður,Uppsjávarveiðiskip,108
2007,2.10 Skrifst.kostnaður,Ísfisktogarar,402
2007,2.10 Skrifst.kostnaður,Frystitogarar,567
2007,2.11  Tryggingar,Samtals,1147
2007,2.11  Tryggingar,Bátar undir 10 brl.,37
2007,2.11  Tryggingar,Bátar 10-200 brl.,138
2007,2.11  Tryggingar,Bátar > 200 brl.,147
2007,2.11  Tryggingar,Uppsjávarveiðiskip,84
2007,2.11  Tryggingar,Ísfisktogarar,144
2007,2.11  Tryggingar,Frystitogarar,597
2007,2.12 Sölukostnaður,Samtals,2938
2007,2.12 Sölukostnaður,Bátar undir 10 brl.,18
2007,2.12 Sölukostnaður,Bátar 10-200 brl.,183
2007,2.12 Sölukostnaður,Bátar > 200 brl.,817
2007,2.12 Sölukostnaður,Uppsjávarveiðiskip,40
2007,2.12 Sölukostnaður,Ísfisktogarar,1485
2007,2.12 Sölukostnaður,Frystitogarar,395
2007,2.13 Löndunarkostnaður,Samtals,1483
2007,2.13 Löndunarkostnaður,Bátar undir 10 brl.,.
2007,2.13 Löndunarkostnaður,Bátar 10-200 brl.,7
2007,2.13 Löndunarkostnaður,Bátar > 200 brl.,458
2007,2.13 Löndunarkostnaður,Uppsjávarveiðiskip,170
2007,2.13 Löndunarkostnaður,Ísfisktogarar,395
2007,2.13 Löndunarkostnaður,Frystitogarar,453
2007,2.14 Kvótaleiga,Samtals,.
2007,2.14 Kvótaleiga,Bátar undir 10 brl.,.
2007,2.14 Kvótaleiga,Bátar 10-200 brl.,.
2007,2.14 Kvótaleiga,Bátar > 200 brl.,.
2007,2.14 Kvótaleiga,Uppsjávarveiðiskip,.
2007,2.14 Kvótaleiga,Ísfisktogarar,.
2007,2.14 Kvótaleiga,Frystitogarar,.
2007,2.15 Önnur gjöld,Samtals,5334
2007,2.15 Önnur gjöld,Bátar undir 10 brl.,571
2007,2.15 Önnur gjöld,Bátar 10-200 brl.,2147
2007,2.15 Önnur gjöld,Bátar > 200 brl.,813
2007,2.15 Önnur gjöld,Uppsjávarveiðiskip,543
2007,2.15 Önnur gjöld,Ísfisktogarar,78
2007,2.15 Önnur gjöld,Frystitogarar,1183
2007,Verg hlutdeild fjármagns (EBITDA),Samtals,18303
2007,Verg hlutdeild fjármagns (EBITDA),Bátar undir 10 brl.,443
2007,Verg hlutdeild fjármagns (EBITDA),Bátar 10-200 brl.,3047
2007,Verg hlutdeild fjármagns (EBITDA),Bátar > 200 brl.,4115
2007,Verg hlutdeild fjármagns (EBITDA),Uppsjávarveiðiskip,1907
2007,Verg hlutdeild fjármagns (EBITDA),Ísfisktogarar,3500
2007,Verg hlutdeild fjármagns (EBITDA),Frystitogarar,5292
2007,"EBITDA sem hlutfall af tekjum, %",Samtals,21.4
2007,"EBITDA sem hlutfall af tekjum, %",Bátar undir 10 brl.,12.2
2007,"EBITDA sem hlutfall af tekjum, %",Bátar 10-200 brl.,22.0
2007,"EBITDA sem hlutfall af tekjum, %",Bátar > 200 brl.,24.3
2007,"EBITDA sem hlutfall af tekjum, %",Uppsjávarveiðiskip,21.6
2007,"EBITDA sem hlutfall af tekjum, %",Ísfisktogarar,24.2
2007,"EBITDA sem hlutfall af tekjum, %",Frystitogarar,19.1
2007,Afskriftir,Samtals,7211
2007,Afskriftir,Bátar undir 10 brl.,331
2007,Afskriftir,Bátar 10-200 brl.,840
2007,Afskriftir,Bátar > 200 brl.,954
2007,Afskriftir,Uppsjávarveiðiskip,1063
2007,Afskriftir,Ísfisktogarar,1140
2007,Afskriftir,Frystitogarar,2883
2007,Verðbreytingarfærsla og vextir,Samtals,-1470
2007,Verðbreytingarfærsla og vextir,Bátar undir 10 brl.,179
2007,Verðbreytingarfærsla og vextir,Bátar 10-200 brl.,1178
2007,Verðbreytingarfærsla og vextir,Bátar > 200 brl.,-605
2007,Verðbreytingarfærsla og vextir,Uppsjávarveiðiskip,-327
2007,Verðbreytingarfærsla og vextir,Ísfisktogarar,-287
2007,Verðbreytingarfærsla og vextir,Frystitogarar,-1609
2007,Hreinn hagnaður (EBT),Samtals,12562
2007,Hreinn hagnaður (EBT),Bátar undir 10 brl.,-67
2007,Hreinn hagnaður (EBT),Bátar 10-200 brl.,1029
2007,Hreinn hagnaður (EBT),Bátar > 200 brl.,3766
2007,Hreinn hagnaður (EBT),Uppsjávarveiðiskip,1170
2007,Hreinn hagnaður (EBT),Ísfisktogarar,2647
2007,Hreinn hagnaður (EBT),Frystitogarar,4018
2007,"Hreinn hagnaður sem hlutfall af tekjum, %",Samtals,14.7
2007,"Hreinn hagnaður sem hlutfall af tekjum, %",Bátar undir 10 brl.,-1.8
2007,"Hreinn hagnaður sem hlutfall af tekjum, %",Bátar 10-200 brl.,7.4
2007,"Hreinn hagnaður sem hlutfall af tekjum, %",Bátar > 200 brl.,22.3
2007,"Hreinn hagnaður sem hlutfall af tekjum, %",Uppsjávarveiðiskip,13.3
2007,"Hreinn hagnaður sem hlutfall af tekjum, %",Ísfisktogarar,18.3
2007,"Hreinn hagnaður sem hlutfall af tekjum, %",Frystitogarar,14.5
2007,"Árgreiðsla, 6%",Samtals,8008.0
2007,"Árgreiðsla, 6%",Bátar undir 10 brl.,643.7
2007,"Árgreiðsla, 6%",Bátar 10-200 brl.,1133.0
2007,"Árgreiðsla, 6%",Bátar > 200 brl.,1152.2
2007,"Árgreiðsla, 6%",Uppsjávarveiðiskip,1199.6
2007,"Árgreiðsla, 6%",Ísfisktogarar,999.0
2007,"Árgreiðsla, 6%",Frystitogarar,2881.0
2007,Hreinn hagnaður - árgreiðsla,Samtals,10295
2007,Hreinn hagnaður - árgreiðsla,Bátar undir 10 brl.,-200
2007,Hreinn hagnaður - árgreiðsla,Bátar 10-200 brl.,1914
2007,Hreinn hagnaður - árgreiðsla,Bátar > 200 brl.,2962
2007,Hreinn hagnaður - árgreiðsla,Uppsjávarveiðiskip,707
2007,Hreinn hagnaður - árgreiðsla,Ísfisktogarar,2501
2007,Hreinn hagnaður - árgreiðsla,Frystitogarar,2411
2007,"sem hlutfall af tekjum, %",Samtals,12.1
2007,"sem hlutfall af tekjum, %",Bátar undir 10 brl.,-5.5
2007,"sem hlutfall af tekjum, %",Bátar 10-200 brl.,13.8
2007,"sem hlutfall af tekjum, %",Bátar > 200 brl.,17.5
2007,"sem hlutfall af tekjum, %",Uppsjávarveiðiskip,8.0
2007,"sem hlutfall af tekjum, %",Ísfisktogarar,17.3
2007,"sem hlutfall af tekjum, %",Frystitogarar,8.7
2008,1. Tekjur alls,Samtals,103145
2008,1. Tekjur alls,Bátar undir 10 brl.,3833
2008,1. Tekjur alls,Bátar 10-200 brl.,17694
2008,1. Tekjur alls,Bátar > 200 brl.,18858
2008,1. Tekjur alls,Uppsjávarveiðiskip,10636
2008,1. Tekjur alls,Ísfisktogarar,14402
2008,1. Tekjur alls,Frystitogarar,37722
2008,1.1  Útflutningstekjur,Samtals,49619
2008,1.1  Útflutningstekjur,Bátar undir 10 brl.,301
2008,1.1  Útflutningstekjur,Bátar 10-200 brl.,2449
2008,1.1  Útflutningstekjur,Bátar > 200 brl.,4355
2008,1.1  Útflutningstekjur,Uppsjávarveiðiskip,429
2008,1.1  Útflutningstekjur,Ísfisktogarar,7024
2008,1.1  Útflutningstekjur,Frystitogarar,35062
2008,1.2  Selt hráefni,Samtals,51883
2008,1.2  Selt hráefni,Bátar undir 10 brl.,3262
2008,1.2  Selt hráefni,Bátar 10-200 brl.,14486
2008,1.2  Selt hráefni,Bátar > 200 brl.,14241
2008,1.2  Selt hráefni,Uppsjávarveiðiskip,10194
2008,1.2  Selt hráefni,Ísfisktogarar,7256
2008,1.2  Selt hráefni,Frystitogarar,2444
2008,1.3  Aðrar tekjur,Samtals,1642
2008,1.3  Aðrar tekjur,Bátar undir 10 brl.,270
2008,1.3  Aðrar tekjur,Bátar 10-200 brl.,759
2008,1.3  Aðrar tekjur,Bátar > 200 brl.,262
2008,1.3  Aðrar tekjur,Uppsjávarveiðiskip,13
2008,1.3  Aðrar tekjur,Ísfisktogarar,122
2008,1.3  Aðrar tekjur,Frystitogarar,216
2008,2  Gjöld alls,Samtals,77324
2008,2  Gjöld alls,Bátar undir 10 brl.,2953
2008,2  Gjöld alls,Bátar 10-200 brl.,12624
2008,2  Gjöld alls,Bátar > 200 brl.,12490
2008,2  Gjöld alls,Uppsjávarveiðiskip,7243
2008,2  Gjöld alls,Ísfisktogarar,12629
2008,2  Gjöld alls,Frystitogarar,29386
2008,2.1  Aflahlutir,Samtals,28050
2008,2.1  Aflahlutir,Bátar undir 10 brl.,686
2008,2.1  Aflahlutir,Bátar 10-200 brl.,4552
2008,2.1  Aflahlutir,Bátar > 200 brl.,4803
2008,2.1  Aflahlutir,Uppsjávarveiðiskip,2877
2008,2.1  Aflahlutir,Ísfisktogarar,3478
2008,2.1  Aflahlutir,Frystitogarar,11654
2008,2.2  Önnur laun,Samtals,3774
2008,2.2  Önnur laun,Bátar undir 10 brl.,293
2008,2.2  Önnur laun,Bátar 10-200 brl.,309
2008,2.2  Önnur laun,Bátar > 200 brl.,327
2008,2.2  Önnur laun,Uppsjávarveiðiskip,188
2008,2.2  Önnur laun,Ísfisktogarar,1290
2008,2.2  Önnur laun,Frystitogarar,1368
2008,2.3  Launatengd gjöld,Samtals,4641
2008,2.3  Launatengd gjöld,Bátar undir 10 brl.,163
2008,2.3  Launatengd gjöld,Bátar 10-200 brl.,774
2008,2.3  Launatengd gjöld,Bátar > 200 brl.,850
2008,2.3  Launatengd gjöld,Uppsjávarveiðiskip,486
2008,2.3  Launatengd gjöld,Ísfisktogarar,653
2008,2.3  Launatengd gjöld,Frystitogarar,1715
2008,2.4  Olíur,Samtals,12724
2008,2.4  Olíur,Bátar undir 10 brl.,460
2008,2.4  Olíur,Bátar 10-200 brl.,1561
2008,2.4  Olíur,Bátar > 200 brl.,1646
2008,2.4  Olíur,Uppsjávarveiðiskip,1521
2008,2.4  Olíur,Ísfisktogarar,2446
2008,2.4  Olíur,Frystitogarar,5089
2008,2.5  Veiðarfæri,Samtals,4085
2008,2.5  Veiðarfæri,Bátar undir 10 brl.,205
2008,2.5  Veiðarfæri,Bátar 10-200 brl.,280
2008,2.5  Veiðarfæri,Bátar > 200 brl.,1327
2008,2.5  Veiðarfæri,Uppsjávarveiðiskip,522
2008,2.5  Veiðarfæri,Ísfisktogarar,600
2008,2.5  Veiðarfæri,Frystitogarar,1150
2008,2.6  Viðhald,Samtals,5337
2008,2.6  Viðhald,Bátar undir 10 brl.,202
2008,2.6  Viðhald,Bátar 10-200 brl.,632
2008,2.6  Viðhald,Bátar > 200 brl.,815
2008,2.6  Viðhald,Uppsjávarveiðiskip,601
2008,2.6  Viðhald,Ísfisktogarar,1046
2008,2.6  Viðhald,Frystitogarar,2041
2008,2.7  Frystikostn. umbúðir og fl.,Samtals,758
2008,2.7  Frystikostn. umbúðir og fl.,Bátar undir 10 brl.,.
2008,2.7  Frystikostn. umbúðir og fl.,Bátar 10-200 brl.,.
2008,2.7  Frystikostn. umbúðir og fl.,Bátar > 200 brl.,.
2008,2.7  Frystikostn. umbúðir og fl.,Uppsjávarveiðiskip,.
2008,2.7  Frystikostn. umbúðir og fl.,Ísfisktogarar,.
2008,2.7  Frystikostn. umbúðir og fl.,Frystitogarar,758
2008,2.8  Flutningskostnaður,Samtals,868
2008,2.8  Flutningskostnaður,Bátar undir 10 brl.,130
2008,2.8  Flutningskostnaður,Bátar 10-200 brl.,279
2008,2.8  Flutningskostnaður,Bátar > 200 brl.,261
2008,2.8  Flutningskostnaður,Uppsjávarveiðiskip,13
2008,2.8  Flutningskostnaður,Ísfisktogarar,120
2008,2.8  Flutningskostnaður,Frystitogarar,66
2008,2.9  Laun v/skrifstofu,Samtals,368
2008,2.9  Laun v/skrifstofu,Bátar undir 10 brl.,.
2008,2.9  Laun v/skrifstofu,Bátar 10-200 brl.,32
2008,2.9  Laun v/skrifstofu,Bátar > 200 brl.,186
2008,2.9  Laun v/skrifstofu,Uppsjávarveiðiskip,44
2008,2.9  Laun v/skrifstofu,Ísfisktogarar,39
2008,2.9  Laun v/skrifstofu,Frystitogarar,66
2008,2.10 Skrifst.kostnaður,Samtals,2745
2008,2.10 Skrifst.kostnaður,Bátar undir 10 brl.,251
2008,2.10 Skrifst.kostnaður,Bátar 10-200 brl.,930
2008,2.10 Skrifst.kostnaður,Bátar > 200 brl.,472
2008,2.10 Skrifst.kostnaður,Uppsjávarveiðiskip,172
2008,2.10 Skrifst.kostnaður,Ísfisktogarar,286
2008,2.10 Skrifst.kostnaður,Frystitogarar,634
2008,2.11  Tryggingar,Samtals,981
2008,2.11  Tryggingar,Bátar undir 10 brl.,73
2008,2.11  Tryggingar,Bátar 10-200 brl.,146
2008,2.11  Tryggingar,Bátar > 200 brl.,167
2008,2.11  Tryggingar,Uppsjávarveiðiskip,148
2008,2.11  Tryggingar,Ísfisktogarar,102
2008,2.11  Tryggingar,Frystitogarar,345
2008,2.12 Sölukostnaður,Samtals,3882
2008,2.12 Sölukostnaður,Bátar undir 10 brl.,106
2008,2.12 Sölukostnaður,Bátar 10-200 brl.,627
2008,2.12 Sölukostnaður,Bátar > 200 brl.,1008
2008,2.12 Sölukostnaður,Uppsjávarveiðiskip,79
2008,2.12 Sölukostnaður,Ísfisktogarar,1998
2008,2.12 Sölukostnaður,Frystitogarar,64
2008,2.13 Löndunarkostnaður,Samtals,1866
2008,2.13 Löndunarkostnaður,Bátar undir 10 brl.,.
2008,2.13 Löndunarkostnaður,Bátar 10-200 brl.,21
2008,2.13 Löndunarkostnaður,Bátar > 200 brl.,263
2008,2.13 Löndunarkostnaður,Uppsjávarveiðiskip,215
2008,2.13 Löndunarkostnaður,Ísfisktogarar,480
2008,2.13 Löndunarkostnaður,Frystitogarar,887
2008,2.14 Kvótaleiga,Samtals,.
2008,2.14 Kvótaleiga,Bátar undir 10 brl.,.
2008,2.14 Kvótaleiga,Bátar 10-200 brl.,.
2008,2.14 Kvótaleiga,Bátar > 200 brl.,.
2008,2.14 Kvótaleiga,Uppsjávarveiðiskip,.
2008,2.14 Kvótaleiga,Ísfisktogarar,.
2008,2.14 Kvótaleiga,Frystitogarar,.
2008,2.15 Önnur gjöld,Samtals,7245
2008,2.15 Önnur gjöld,Bátar undir 10 brl.,384
2008,2.15 Önnur gjöld,Bátar 10-200 brl.,2480
2008,2.15 Önnur gjöld,Bátar > 200 brl.,365
2008,2.15 Önnur gjöld,Uppsjávarveiðiskip,378
2008,2.15 Önnur gjöld,Ísfisktogarar,89
2008,2.15 Önnur gjöld,Frystitogarar,3549
2008,Verg hlutdeild fjármagns (EBITDA),Samtals,25821
2008,Verg hlutdeild fjármagns (EBITDA),Bátar undir 10 brl.,880
2008,Verg hlutdeild fjármagns (EBITDA),Bátar 10-200 brl.,5070
2008,Verg hlutdeild fjármagns (EBITDA),Bátar > 200 brl.,6368
2008,Verg hlutdeild fjármagns (EBITDA),Uppsjávarveiðiskip,3393
2008,Verg hlutdeild fjármagns (EBITDA),Ísfisktogarar,1774
2008,Verg hlutdeild fjármagns (EBITDA),Frystitogarar,8336
2008,"EBITDA sem hlutfall af tekjum, %",Samtals,25.0
2008,"EBITDA sem hlutfall af tekjum, %",Bátar undir 10 brl.,23.0
2008,"EBITDA sem hlutfall af tekjum, %",Bátar 10-200 brl.,28.7
2008,"EBITDA sem hlutfall af tekjum, %",Bátar > 200 brl.,33.8
2008,"EBITDA sem hlutfall af tekjum, %",Uppsjávarveiðiskip,31.9
2008,"EBITDA sem hlutfall af tekjum, %",Ísfisktogarar,12.3
2008,"EBITDA sem hlutfall af tekjum, %",Frystitogarar,22.1
2008,Afskriftir,Samtals,7679
2008,Afskriftir,Bátar undir 10 brl.,338
2008,Afskriftir,Bátar 10-200 brl.,2001
2008,Afskriftir,Bátar > 200 brl.,911
2008,Afskriftir,Uppsjávarveiðiskip,943
2008,Afskriftir,Ísfisktogarar,907
2008,Afskriftir,Frystitogarar,2578
2008,Verðbreytingarfærsla og vextir,Samtals,126672
2008,Verðbreytingarfærsla og vextir,Bátar undir 10 brl.,3684
2008,Verðbreytingarfærsla og vextir,Bátar 10-200 brl.,41842
2008,Verðbreytingarfærsla og vextir,Bátar > 200 brl.,29928
2008,Verðbreytingarfærsla og vextir,Uppsjávarveiðiskip,10919
2008,Verðbreytingarfærsla og vextir,Ísfisktogarar,9453
2008,Verðbreytingarfærsla og vextir,Frystitogarar,30846
2008,Hreinn hagnaður (EBT),Samtals,-108530
2008,Hreinn hagnaður (EBT),Bátar undir 10 brl.,-3142
2008,Hreinn hagnaður (EBT),Bátar 10-200 brl.,-38773
2008,Hreinn hagnaður (EBT),Bátar > 200 brl.,-24471
2008,Hreinn hagnaður (EBT),Uppsjávarveiðiskip,-8470
2008,Hreinn hagnaður (EBT),Ísfisktogarar,-8587
2008,Hreinn hagnaður (EBT),Frystitogarar,-25088
2008,"Hreinn hagnaður sem hlutfall af tekjum, %",Samtals,-105.2
2008,"Hreinn hagnaður sem hlutfall af tekjum, %",Bátar undir 10 brl.,-82.0
2008,"Hreinn hagnaður sem hlutfall af tekjum, %",Bátar 10-200 brl.,-219.1
2008,"Hreinn hagnaður sem hlutfall af tekjum, %",Bátar > 200 brl.,-129.8
2008,"Hreinn hagnaður sem hlutfall af tekjum, %",Uppsjávarveiðiskip,-79.6
2008,"Hreinn hagnaður sem hlutfall af tekjum, %",Ísfisktogarar,-59.6
2008,"Hreinn hagnaður sem hlutfall af tekjum, %",Frystitogarar,-66.5
2008,"Árgreiðsla, 6%",Samtals,8504.0
2008,"Árgreiðsla, 6%",Bátar undir 10 brl.,623.2
2008,"Árgreiðsla, 6%",Bátar 10-200 brl.,1246.2
2008,"Árgreiðsla, 6%",Bátar > 200 brl.,1422.4
2008,"Árgreiðsla, 6%",Uppsjávarveiðiskip,1261.2
2008,"Árgreiðsla, 6%",Ísfisktogarar,1007.8
2008,"Árgreiðsla, 6%",Frystitogarar,2943.0
2008,Hreinn hagnaður - árgreiðsla,Samtals,17317
2008,Hreinn hagnaður - árgreiðsla,Bátar undir 10 brl.,257
2008,Hreinn hagnaður - árgreiðsla,Bátar 10-200 brl.,3824
2008,Hreinn hagnaður - árgreiðsla,Bátar > 200 brl.,4946
2008,Hreinn hagnaður - árgreiðsla,Uppsjávarveiðiskip,2132
2008,Hreinn hagnaður - árgreiðsla,Ísfisktogarar,766
2008,Hreinn hagnaður - árgreiðsla,Frystitogarar,5393
2008,"sem hlutfall af tekjum, %",Samtals,16.8
2008,"sem hlutfall af tekjum, %",Bátar undir 10 brl.,6.7
2008,"sem hlutfall af tekjum, %",Bátar 10-200 brl.,21.6
2008,"sem hlutfall af tekjum, %",Bátar > 200 brl.,26.2
2008,"sem hlutfall af tekjum, %",Uppsjávarveiðiskip,20.0
2008,"sem hlutfall af tekjum, %",Ísfisktogarar,5.3
2008,"sem hlutfall af tekjum, %",Frystitogarar,14.3
2009,1. Tekjur alls,Samtals,118265
2009,1. Tekjur alls,Bátar undir 10 brl.,4424
2009,1. Tekjur alls,Bátar 10-200 brl.,19968
2009,1. Tekjur alls,Bátar > 200 brl.,21363
2009,1. Tekjur alls,Uppsjávarveiðiskip,11077
2009,1. Tekjur alls,Ísfisktogarar,18171
2009,1. Tekjur alls,Frystitogarar,43263
2009,1.1  Útflutningstekjur,Samtals,55297
2009,1.1  Útflutningstekjur,Bátar undir 10 brl.,180
2009,1.1  Útflutningstekjur,Bátar 10-200 brl.,1798
2009,1.1  Útflutningstekjur,Bátar > 200 brl.,5295
2009,1.1  Útflutningstekjur,Uppsjávarveiðiskip,316
2009,1.1  Útflutningstekjur,Ísfisktogarar,6089
2009,1.1  Útflutningstekjur,Frystitogarar,41619
2009,1.2  Selt hráefni,Samtals,60157
2009,1.2  Selt hráefni,Bátar undir 10 brl.,3976
2009,1.2  Selt hráefni,Bátar 10-200 brl.,17377
2009,1.2  Selt hráefni,Bátar > 200 brl.,15650
2009,1.2  Selt hráefni,Uppsjávarveiðiskip,10655
2009,1.2  Selt hráefni,Ísfisktogarar,10927
2009,1.2  Selt hráefni,Frystitogarar,1571
2009,1.3  Aðrar tekjur,Samtals,2811
2009,1.3  Aðrar tekjur,Bátar undir 10 brl.,268
2009,1.3  Aðrar tekjur,Bátar 10-200 brl.,793
2009,1.3  Aðrar tekjur,Bátar > 200 brl.,417
2009,1.3  Aðrar tekjur,Uppsjávarveiðiskip,105
2009,1.3  Aðrar tekjur,Ísfisktogarar,1155
2009,1.3  Aðrar tekjur,Frystitogarar,73
2009,2  Gjöld alls,Samtals,87205
2009,2  Gjöld alls,Bátar undir 10 brl.,3377
2009,2  Gjöld alls,Bátar 10-200 brl.,13992
2009,2  Gjöld alls,Bátar > 200 brl.,16937
2009,2  Gjöld alls,Uppsjávarveiðiskip,8358
2009,2  Gjöld alls,Ísfisktogarar,12735
2009,2  Gjöld alls,Frystitogarar,31806
2009,2.1  Aflahlutir,Samtals,31335
2009,2.1  Aflahlutir,Bátar undir 10 brl.,807
2009,2.1  Aflahlutir,Bátar 10-200 brl.,4478
2009,2.1  Aflahlutir,Bátar > 200 brl.,5387
2009,2.1  Aflahlutir,Uppsjávarveiðiskip,2972
2009,2.1  Aflahlutir,Ísfisktogarar,4260
2009,2.1  Aflahlutir,Frystitogarar,13430
2009,2.2  Önnur laun,Samtals,4980
2009,2.2  Önnur laun,Bátar undir 10 brl.,309
2009,2.2  Önnur laun,Bátar 10-200 brl.,746
2009,2.2  Önnur laun,Bátar > 200 brl.,1381
2009,2.2  Önnur laun,Uppsjávarveiðiskip,401
2009,2.2  Önnur laun,Ísfisktogarar,770
2009,2.2  Önnur laun,Frystitogarar,1373
2009,2.3  Launatengd gjöld,Samtals,5559
2009,2.3  Launatengd gjöld,Bátar undir 10 brl.,190
2009,2.3  Launatengd gjöld,Bátar 10-200 brl.,1011
2009,2.3  Launatengd gjöld,Bátar > 200 brl.,1104
2009,2.3  Launatengd gjöld,Uppsjávarveiðiskip,502
2009,2.3  Launatengd gjöld,Ísfisktogarar,778
2009,2.3  Launatengd gjöld,Frystitogarar,1975
2009,2.4  Olíur,Samtals,12027
2009,2.4  Olíur,Bátar undir 10 brl.,201
2009,2.4  Olíur,Bátar 10-200 brl.,973
2009,2.4  Olíur,Bátar > 200 brl.,2073
2009,2.4  Olíur,Uppsjávarveiðiskip,1736
2009,2.4  Olíur,Ísfisktogarar,1845
2009,2.4  Olíur,Frystitogarar,5199
2009,2.5  Veiðarfæri,Samtals,5335
2009,2.5  Veiðarfæri,Bátar undir 10 brl.,223
2009,2.5  Veiðarfæri,Bátar 10-200 brl.,1029
2009,2.5  Veiðarfæri,Bátar > 200 brl.,1354
2009,2.5  Veiðarfæri,Uppsjávarveiðiskip,627
2009,2.5  Veiðarfæri,Ísfisktogarar,557
2009,2.5  Veiðarfæri,Frystitogarar,1546
2009,2.6  Viðhald,Samtals,6550
2009,2.6  Viðhald,Bátar undir 10 brl.,267
2009,2.6  Viðhald,Bátar 10-200 brl.,695
2009,2.6  Viðhald,Bátar > 200 brl.,1188
2009,2.6  Viðhald,Uppsjávarveiðiskip,796
2009,2.6  Viðhald,Ísfisktogarar,1146
2009,2.6  Viðhald,Frystitogarar,2458
2009,2.7  Frystikostn. umbúðir og fl.,Samtals,1303
2009,2.7  Frystikostn. umbúðir og fl.,Bátar undir 10 brl.,.
2009,2.7  Frystikostn. umbúðir og fl.,Bátar 10-200 brl.,.
2009,2.7  Frystikostn. umbúðir og fl.,Bátar > 200 brl.,.
2009,2.7  Frystikostn. umbúðir og fl.,Uppsjávarveiðiskip,.
2009,2.7  Frystikostn. umbúðir og fl.,Ísfisktogarar,.
2009,2.7  Frystikostn. umbúðir og fl.,Frystitogarar,1303
2009,2.8  Flutningskostnaður,Samtals,2164
2009,2.8  Flutningskostnaður,Bátar undir 10 brl.,132
2009,2.8  Flutningskostnaður,Bátar 10-200 brl.,269
2009,2.8  Flutningskostnaður,Bátar > 200 brl.,275
2009,2.8  Flutningskostnaður,Uppsjávarveiðiskip,63
2009,2.8  Flutningskostnaður,Ísfisktogarar,256
2009,2.8  Flutningskostnaður,Frystitogarar,1169
2009,2.9  Laun v/skrifstofu,Samtals,521
2009,2.9  Laun v/skrifstofu,Bátar undir 10 brl.,10
2009,2.9  Laun v/skrifstofu,Bátar 10-200 brl.,51
2009,2.9  Laun v/skrifstofu,Bátar > 200 brl.,250
2009,2.9  Laun v/skrifstofu,Uppsjávarveiðiskip,25
2009,2.9  Laun v/skrifstofu,Ísfisktogarar,133
2009,2.9  Laun v/skrifstofu,Frystitogarar,52
2009,2.10 Skrifst.kostnaður,Samtals,2944
2009,2.10 Skrifst.kostnaður,Bátar undir 10 brl.,308
2009,2.10 Skrifst.kostnaður,Bátar 10-200 brl.,887
2009,2.10 Skrifst.kostnaður,Bátar > 200 brl.,557
2009,2.10 Skrifst.kostnaður,Uppsjávarveiðiskip,263
2009,2.10 Skrifst.kostnaður,Ísfisktogarar,321
2009,2.10 Skrifst.kostnaður,Frystitogarar,608
2009,2.11  Tryggingar,Samtals,1537
2009,2.11  Tryggingar,Bátar undir 10 brl.,88
2009,2.11  Tryggingar,Bátar 10-200 brl.,122
2009,2.11  Tryggingar,Bátar > 200 brl.,158
2009,2.11  Tryggingar,Uppsjávarveiðiskip,248
2009,2.11  Tryggingar,Ísfisktogarar,175
2009,2.11  Tryggingar,Frystitogarar,746
2009,2.12 Sölukostnaður,Samtals,3693
2009,2.12 Sölukostnaður,Bátar undir 10 brl.,25
2009,2.12 Sölukostnaður,Bátar 10-200 brl.,463
2009,2.12 Sölukostnaður,Bátar > 200 brl.,1177
2009,2.12 Sölukostnaður,Uppsjávarveiðiskip,118
2009,2.12 Sölukostnaður,Ísfisktogarar,1846
2009,2.12 Sölukostnaður,Frystitogarar,65
2009,2.13 Löndunarkostnaður,Samtals,1896
2009,2.13 Löndunarkostnaður,Bátar undir 10 brl.,6
2009,2.13 Löndunarkostnaður,Bátar 10-200 brl.,129
2009,2.13 Löndunarkostnaður,Bátar > 200 brl.,408
2009,2.13 Löndunarkostnaður,Uppsjávarveiðiskip,148
2009,2.13 Löndunarkostnaður,Ísfisktogarar,376
2009,2.13 Löndunarkostnaður,Frystitogarar,829
2009,2.14 Kvótaleiga,Samtals,.
2009,2.14 Kvótaleiga,Bátar undir 10 brl.,.
2009,2.14 Kvótaleiga,Bátar 10-200 brl.,.
2009,2.14 Kvótaleiga,Bátar > 200 brl.,.
2009,2.14 Kvótaleiga,Uppsjávarveiðiskip,.
2009,2.14 Kvótaleiga,Ísfisktogarar,.
2009,2.14 Kvótaleiga,Frystitogarar,.
2009,2.15 Önnur gjöld,Samtals,7359
2009,2.15 Önnur gjöld,Bátar undir 10 brl.,808
2009,2.15 Önnur gjöld,Bátar 10-200 brl.,3139
2009,2.15 Önnur gjöld,Bátar > 200 brl.,1626
2009,2.15 Önnur gjöld,Uppsjávarveiðiskip,461
2009,2.15 Önnur gjöld,Ísfisktogarar,272
2009,2.15 Önnur gjöld,Frystitogarar,1053
2009,Verg hlutdeild fjármagns (EBITDA),Samtals,31059
2009,Verg hlutdeild fjármagns (EBITDA),Bátar undir 10 brl.,1047
2009,Verg hlutdeild fjármagns (EBITDA),Bátar 10-200 brl.,5976
2009,Verg hlutdeild fjármagns (EBITDA),Bátar > 200 brl.,4426
2009,Verg hlutdeild fjármagns (EBITDA),Uppsjávarveiðiskip,2718
2009,Verg hlutdeild fjármagns (EBITDA),Ísfisktogarar,5436
2009,Verg hlutdeild fjármagns (EBITDA),Frystitogarar,11457
2009,"EBITDA sem hlutfall af tekjum, %",Samtals,26.3
2009,"EBITDA sem hlutfall af tekjum, %",Bátar undir 10 brl.,23.7
2009,"EBITDA sem hlutfall af tekjum, %",Bátar 10-200 brl.,29.9
2009,"EBITDA sem hlutfall af tekjum, %",Bátar > 200 brl.,20.7
2009,"EBITDA sem hlutfall af tekjum, %",Uppsjávarveiðiskip,24.5
2009,"EBITDA sem hlutfall af tekjum, %",Ísfisktogarar,29.9
2009,"EBITDA sem hlutfall af tekjum, %",Frystitogarar,26.5
2009,Afskriftir,Samtals,7070
2009,Afskriftir,Bátar undir 10 brl.,239
2009,Afskriftir,Bátar 10-200 brl.,847
2009,Afskriftir,Bátar > 200 brl.,997
2009,Afskriftir,Uppsjávarveiðiskip,1162
2009,Afskriftir,Ísfisktogarar,891
2009,Afskriftir,Frystitogarar,2934
2009,Verðbreytingarfærsla og vextir,Samtals,13256
2009,Verðbreytingarfærsla og vextir,Bátar undir 10 brl.,581
2009,Verðbreytingarfærsla og vextir,Bátar 10-200 brl.,5390
2009,Verðbreytingarfærsla og vextir,Bátar > 200 brl.,3274
2009,Verðbreytingarfærsla og vextir,Uppsjávarveiðiskip,965
2009,Verðbreytingarfærsla og vextir,Ísfisktogarar,1708
2009,Verðbreytingarfærsla og vextir,Frystitogarar,1338
2009,Hreinn hagnaður (EBT),Samtals,10733
2009,Hreinn hagnaður (EBT),Bátar undir 10 brl.,227
2009,Hreinn hagnaður (EBT),Bátar 10-200 brl.,-261
2009,Hreinn hagnaður (EBT),Bátar > 200 brl.,154
2009,Hreinn hagnaður (EBT),Uppsjávarveiðiskip,591
2009,Hreinn hagnaður (EBT),Ísfisktogarar,2837
2009,Hreinn hagnaður (EBT),Frystitogarar,7184
2009,"Hreinn hagnaður sem hlutfall af tekjum, %",Samtals,9.1
2009,"Hreinn hagnaður sem hlutfall af tekjum, %",Bátar undir 10 brl.,5.1
2009,"Hreinn hagnaður sem hlutfall af tekjum, %",Bátar 10-200 brl.,-1.3
2009,"Hreinn hagnaður sem hlutfall af tekjum, %",Bátar > 200 brl.,0.7
2009,"Hreinn hagnaður sem hlutfall af tekjum, %",Uppsjávarveiðiskip,5.3
2009,"Hreinn hagnaður sem hlutfall af tekjum, %",Ísfisktogarar,15.6
2009,"Hreinn hagnaður sem hlutfall af tekjum, %",Frystitogarar,16.6
2009,"Árgreiðsla, 6%",Samtals,10426.0
2009,"Árgreiðsla, 6%",Bátar undir 10 brl.,450.8
2009,"Árgreiðsla, 6%",Bátar 10-200 brl.,1752.3
2009,"Árgreiðsla, 6%",Bátar > 200 brl.,1748.2
2009,"Árgreiðsla, 6%",Uppsjávarveiðiskip,1651.3
2009,"Árgreiðsla, 6%",Ísfisktogarar,1215.8
2009,"Árgreiðsla, 6%",Frystitogarar,3608.0
2009,Hreinn hagnaður - árgreiðsla,Samtals,20633
2009,Hreinn hagnaður - árgreiðsla,Bátar undir 10 brl.,596
2009,Hreinn hagnaður - árgreiðsla,Bátar 10-200 brl.,4224
2009,Hreinn hagnaður - árgreiðsla,Bátar > 200 brl.,2677
2009,Hreinn hagnaður - árgreiðsla,Uppsjávarveiðiskip,1067
2009,Hreinn hagnaður - árgreiðsla,Ísfisktogarar,4220
2009,Hreinn hagnaður - árgreiðsla,Frystitogarar,7849
2009,"sem hlutfall af tekjum, %",Samtals,17.4
2009,"sem hlutfall af tekjum, %",Bátar undir 10 brl.,13.5
2009,"sem hlutfall af tekjum, %",Bátar 10-200 brl.,21.2
2009,"sem hlutfall af tekjum, %",Bátar > 200 brl.,12.5
2009,"sem hlutfall af tekjum, %",Uppsjávarveiðiskip,9.6
2009,"sem hlutfall af tekjum, %",Ísfisktogarar,23.2
2009,"sem hlutfall af tekjum, %",Frystitogarar,18.1
2010,1. Tekjur alls,Samtals,136582
2010,1. Tekjur alls,Bátar undir 10 brl.,6214
2010,1. Tekjur alls,Bátar 10-200 brl.,21243
2010,1. Tekjur alls,Bátar > 200 brl.,24288
2010,1. Tekjur alls,Uppsjávarveiðiskip,14613
2010,1. Tekjur alls,Ísfisktogarar,17487
2010,1. Tekjur alls,Frystitogarar,52738
2010,1.1  Útflutningstekjur,Samtals,58512
2010,1.1  Útflutningstekjur,Bátar undir 10 brl.,550
2010,1.1  Útflutningstekjur,Bátar 10-200 brl.,851
2010,1.1  Útflutningstekjur,Bátar > 200 brl.,3663
2010,1.1  Útflutningstekjur,Uppsjávarveiðiskip,110
2010,1.1  Útflutningstekjur,Ísfisktogarar,3300
2010,1.1  Útflutningstekjur,Frystitogarar,50038
2010,1.2  Selt hráefni,Samtals,74467
2010,1.2  Selt hráefni,Bátar undir 10 brl.,5394
2010,1.2  Selt hráefni,Bátar 10-200 brl.,19717
2010,1.2  Selt hráefni,Bátar > 200 brl.,19628
2010,1.2  Selt hráefni,Uppsjávarveiðiskip,14146
2010,1.2  Selt hráefni,Ísfisktogarar,13817
2010,1.2  Selt hráefni,Frystitogarar,1764
2010,1.3  Aðrar tekjur,Samtals,3603
2010,1.3  Aðrar tekjur,Bátar undir 10 brl.,270
2010,1.3  Aðrar tekjur,Bátar 10-200 brl.,674
2010,1.3  Aðrar tekjur,Bátar > 200 brl.,997
2010,1.3  Aðrar tekjur,Uppsjávarveiðiskip,356
2010,1.3  Aðrar tekjur,Ísfisktogarar,370
2010,1.3  Aðrar tekjur,Frystitogarar,936
2010,2  Gjöld alls,Samtals,100294
2010,2  Gjöld alls,Bátar undir 10 brl.,4950
2010,2  Gjöld alls,Bátar 10-200 brl.,16517
2010,2  Gjöld alls,Bátar > 200 brl.,18126
2010,2  Gjöld alls,Uppsjávarveiðiskip,9896
2010,2  Gjöld alls,Ísfisktogarar,12322
2010,2  Gjöld alls,Frystitogarar,38483
2010,2.1  Aflahlutir,Samtals,36503
2010,2.1  Aflahlutir,Bátar undir 10 brl.,1143
2010,2.1  Aflahlutir,Bátar 10-200 brl.,4855
2010,2.1  Aflahlutir,Bátar > 200 brl.,6100
2010,2.1  Aflahlutir,Uppsjávarveiðiskip,3862
2010,2.1  Aflahlutir,Ísfisktogarar,4435
2010,2.1  Aflahlutir,Frystitogarar,16108
2010,2.2  Önnur laun,Samtals,6443
2010,2.2  Önnur laun,Bátar undir 10 brl.,440
2010,2.2  Önnur laun,Bátar 10-200 brl.,739
2010,2.2  Önnur laun,Bátar > 200 brl.,2225
2010,2.2  Önnur laun,Uppsjávarveiðiskip,434
2010,2.2  Önnur laun,Ísfisktogarar,1042
2010,2.2  Önnur laun,Frystitogarar,1563
2010,2.3  Launatengd gjöld,Samtals,7011
2010,2.3  Launatengd gjöld,Bátar undir 10 brl.,313
2010,2.3  Launatengd gjöld,Bátar 10-200 brl.,1084
2010,2.3  Launatengd gjöld,Bátar > 200 brl.,1228
2010,2.3  Launatengd gjöld,Uppsjávarveiðiskip,752
2010,2.3  Launatengd gjöld,Ísfisktogarar,902
2010,2.3  Launatengd gjöld,Frystitogarar,2731
2010,2.4  Olíur,Samtals,15503
2010,2.4  Olíur,Bátar undir 10 brl.,545
2010,2.4  Olíur,Bátar 10-200 brl.,1912
2010,2.4  Olíur,Bátar > 200 brl.,2129
2010,2.4  Olíur,Uppsjávarveiðiskip,1900
2010,2.4  Olíur,Ísfisktogarar,1976
2010,2.4  Olíur,Frystitogarar,7041
2010,2.5  Veiðarfæri,Samtals,4568
2010,2.5  Veiðarfæri,Bátar undir 10 brl.,234
2010,2.5  Veiðarfæri,Bátar 10-200 brl.,340
2010,2.5  Veiðarfæri,Bátar > 200 brl.,1468
2010,2.5  Veiðarfæri,Uppsjávarveiðiskip,487
2010,2.5  Veiðarfæri,Ísfisktogarar,592
2010,2.5  Veiðarfæri,Frystitogarar,1445
2010,2.6  Viðhald,Samtals,6193
2010,2.6  Viðhald,Bátar undir 10 brl.,431
2010,2.6  Viðhald,Bátar 10-200 brl.,735
2010,2.6  Viðhald,Bátar > 200 brl.,1146
2010,2.6  Viðhald,Uppsjávarveiðiskip,906
2010,2.6  Viðhald,Ísfisktogarar,799
2010,2.6  Viðhald,Frystitogarar,2175
2010,2.7  Frystikostn. umbúðir og fl.,Samtals,1582
2010,2.7  Frystikostn. umbúðir og fl.,Bátar undir 10 brl.,.
2010,2.7  Frystikostn. umbúðir og fl.,Bátar 10-200 brl.,.
2010,2.7  Frystikostn. umbúðir og fl.,Bátar > 200 brl.,.
2010,2.7  Frystikostn. umbúðir og fl.,Uppsjávarveiðiskip,.
2010,2.7  Frystikostn. umbúðir og fl.,Ísfisktogarar,.
2010,2.7  Frystikostn. umbúðir og fl.,Frystitogarar,1582
2010,2.8  Flutningskostnaður,Samtals,2323
2010,2.8  Flutningskostnaður,Bátar undir 10 brl.,196
2010,2.8  Flutningskostnaður,Bátar 10-200 brl.,424
2010,2.8  Flutningskostnaður,Bátar > 200 brl.,276
2010,2.8  Flutningskostnaður,Uppsjávarveiðiskip,15
2010,2.8  Flutningskostnaður,Ísfisktogarar,180
2010,2.8  Flutningskostnaður,Frystitogarar,1232
2010,2.9  Laun v/skrifstofu,Samtals,265
2010,2.9  Laun v/skrifstofu,Bátar undir 10 brl.,17
2010,2.9  Laun v/skrifstofu,Bátar 10-200 brl.,15
2010,2.9  Laun v/skrifstofu,Bátar > 200 brl.,101
2010,2.9  Laun v/skrifstofu,Uppsjávarveiðiskip,5
2010,2.9  Laun v/skrifstofu,Ísfisktogarar,108
2010,2.9  Laun v/skrifstofu,Frystitogarar,19
2010,2.10 Skrifst.kostnaður,Samtals,3826
2010,2.10 Skrifst.kostnaður,Bátar undir 10 brl.,418
2010,2.10 Skrifst.kostnaður,Bátar 10-200 brl.,939
2010,2.10 Skrifst.kostnaður,Bátar > 200 brl.,788
2010,2.10 Skrifst.kostnaður,Uppsjávarveiðiskip,395
2010,2.10 Skrifst.kostnaður,Ísfisktogarar,241
2010,2.10 Skrifst.kostnaður,Frystitogarar,1045
2010,2.11  Tryggingar,Samtals,1644
2010,2.11  Tryggingar,Bátar undir 10 brl.,130
2010,2.11  Tryggingar,Bátar 10-200 brl.,230
2010,2.11  Tryggingar,Bátar > 200 brl.,285
2010,2.11  Tryggingar,Uppsjávarveiðiskip,265
2010,2.11  Tryggingar,Ísfisktogarar,190
2010,2.11  Tryggingar,Frystitogarar,544
2010,2.12 Sölukostnaður,Samtals,2200
2010,2.12 Sölukostnaður,Bátar undir 10 brl.,21
2010,2.12 Sölukostnaður,Bátar 10-200 brl.,298
2010,2.12 Sölukostnaður,Bátar > 200 brl.,748
2010,2.12 Sölukostnaður,Uppsjávarveiðiskip,98
2010,2.12 Sölukostnaður,Ísfisktogarar,918
2010,2.12 Sölukostnaður,Frystitogarar,117
2010,2.13 Löndunarkostnaður,Samtals,2436
2010,2.13 Löndunarkostnaður,Bátar undir 10 brl.,1
2010,2.13 Löndunarkostnaður,Bátar 10-200 brl.,116
2010,2.13 Löndunarkostnaður,Bátar > 200 brl.,584
2010,2.13 Löndunarkostnaður,Uppsjávarveiðiskip,213
2010,2.13 Löndunarkostnaður,Ísfisktogarar,463
2010,2.13 Löndunarkostnaður,Frystitogarar,1059
2010,2.14 Kvótaleiga,Samtals,.
2010,2.14 Kvótaleiga,Bátar undir 10 brl.,.
2010,2.14 Kvótaleiga,Bátar 10-200 brl.,.
2010,2.14 Kvótaleiga,Bátar > 200 brl.,.
2010,2.14 Kvótaleiga,Uppsjávarveiðiskip,.
2010,2.14 Kvótaleiga,Ísfisktogarar,.
2010,2.14 Kvótaleiga,Frystitogarar,.
2010,2.15 Önnur gjöld,Samtals,9797
2010,2.15 Önnur gjöld,Bátar undir 10 brl.,1060
2010,2.15 Önnur gjöld,Bátar 10-200 brl.,4830
2010,2.15 Önnur gjöld,Bátar > 200 brl.,1048
2010,2.15 Önnur gjöld,Uppsjávarveiðiskip,563
2010,2.15 Önnur gjöld,Ísfisktogarar,475
2010,2.15 Önnur gjöld,Frystitogarar,1821
2010,Verg hlutdeild fjármagns (EBITDA),Samtals,36288
2010,Verg hlutdeild fjármagns (EBITDA),Bátar undir 10 brl.,1264
2010,Verg hlutdeild fjármagns (EBITDA),Bátar 10-200 brl.,4726
2010,Verg hlutdeild fjármagns (EBITDA),Bátar > 200 brl.,6162
2010,Verg hlutdeild fjármagns (EBITDA),Uppsjávarveiðiskip,4717
2010,Verg hlutdeild fjármagns (EBITDA),Ísfisktogarar,5165
2010,Verg hlutdeild fjármagns (EBITDA),Frystitogarar,14255
2010,"EBITDA sem hlutfall af tekjum, %",Samtals,26.6
2010,"EBITDA sem hlutfall af tekjum, %",Bátar undir 10 brl.,20.3
2010,"EBITDA sem hlutfall af tekjum, %",Bátar 10-200 brl.,22.2
2010,"EBITDA sem hlutfall af tekjum, %",Bátar > 200 brl.,25.4
2010,"EBITDA sem hlutfall af tekjum, %",Uppsjávarveiðiskip,32.3
2010,"EBITDA sem hlutfall af tekjum, %",Ísfisktogarar,29.5
2010,"EBITDA sem hlutfall af tekjum, %",Frystitogarar,27.0
2010,Afskriftir,Samtals,8266
2010,Afskriftir,Bátar undir 10 brl.,332
2010,Afskriftir,Bátar 10-200 brl.,719
2010,Afskriftir,Bátar > 200 brl.,1000
2010,Afskriftir,Uppsjávarveiðiskip,1386
2010,Afskriftir,Ísfisktogarar,416
2010,Afskriftir,Frystitogarar,4414
2010,Verðbreytingarfærsla og vextir,Samtals,9405
2010,Verðbreytingarfærsla og vextir,Bátar undir 10 brl.,287
2010,Verðbreytingarfærsla og vextir,Bátar 10-200 brl.,199
2010,Verðbreytingarfærsla og vextir,Bátar > 200 brl.,56
2010,Verðbreytingarfærsla og vextir,Uppsjávarveiðiskip,1472
2010,Verðbreytingarfærsla og vextir,Ísfisktogarar,1418
2010,Verðbreytingarfærsla og vextir,Frystitogarar,5974
2010,Hreinn hagnaður (EBT),Samtals,18617
2010,Hreinn hagnaður (EBT),Bátar undir 10 brl.,645
2010,Hreinn hagnaður (EBT),Bátar 10-200 brl.,3808
2010,Hreinn hagnaður (EBT),Bátar > 200 brl.,5106
2010,Hreinn hagnaður (EBT),Uppsjávarveiðiskip,1859
2010,Hreinn hagnaður (EBT),Ísfisktogarar,3331
2010,Hreinn hagnaður (EBT),Frystitogarar,3867
2010,"Hreinn hagnaður sem hlutfall af tekjum, %",Samtals,13.6
2010,"Hreinn hagnaður sem hlutfall af tekjum, %",Bátar undir 10 brl.,10.4
2010,"Hreinn hagnaður sem hlutfall af tekjum, %",Bátar 10-200 brl.,17.9
2010,"Hreinn hagnaður sem hlutfall af tekjum, %",Bátar > 200 brl.,21.0
2010,"Hreinn hagnaður sem hlutfall af tekjum, %",Uppsjávarveiðiskip,12.7
2010,"Hreinn hagnaður sem hlutfall af tekjum, %",Ísfisktogarar,19.0
2010,"Hreinn hagnaður sem hlutfall af tekjum, %",Frystitogarar,7.3
2010,"Árgreiðsla, 6%",Samtals,14407.0
2010,"Árgreiðsla, 6%",Bátar undir 10 brl.,1314.7
2010,"Árgreiðsla, 6%",Bátar 10-200 brl.,1965.0
2010,"Árgreiðsla, 6%",Bátar > 200 brl.,2420.8
2010,"Árgreiðsla, 6%",Uppsjávarveiðiskip,2254.7
2010,"Árgreiðsla, 6%",Ísfisktogarar,1576.2
2010,"Árgreiðsla, 6%",Frystitogarar,4876.0
2010,Hreinn hagnaður - árgreiðsla,Samtals,21881
2010,Hreinn hagnaður - árgreiðsla,Bátar undir 10 brl.,-50
2010,Hreinn hagnaður - árgreiðsla,Bátar 10-200 brl.,2760
2010,Hreinn hagnaður - árgreiðsla,Bátar > 200 brl.,3741
2010,Hreinn hagnaður - árgreiðsla,Uppsjávarveiðiskip,2462
2010,Hreinn hagnaður - árgreiðsla,Ísfisktogarar,3588
2010,Hreinn hagnaður - árgreiðsla,Frystitogarar,9379
2010,"sem hlutfall af tekjum, %",Samtals,16.0
2010,"sem hlutfall af tekjum, %",Bátar undir 10 brl.,-0.8
2010,"sem hlutfall af tekjum, %",Bátar 10-200 brl.,13.0
2010,"sem hlutfall af tekjum, %",Bátar > 200 brl.,15.4
2010,"sem hlutfall af tekjum, %",Uppsjávarveiðiskip,16.8
2010,"sem hlutfall af tekjum, %",Ísfisktogarar,20.5
2010,"sem hlutfall af tekjum, %",Frystitogarar,17.8
2011,1. Tekjur alls,Samtals,159120
2011,1. Tekjur alls,Bátar undir 10 brl.,7072
2011,1. Tekjur alls,Bátar 10-200 brl.,22443
2011,1. Tekjur alls,Bátar > 200 brl.,23808
2011,1. Tekjur alls,Uppsjávarveiðiskip,18382
2011,1. Tekjur alls,Ísfisktogarar,19575
2011,1. Tekjur alls,Frystitogarar,67840
2011,1.1  Útflutningstekjur,Samtals,69475
2011,1.1  Útflutningstekjur,Bátar undir 10 brl.,52
2011,1.1  Útflutningstekjur,Bátar 10-200 brl.,346
2011,1.1  Útflutningstekjur,Bátar > 200 brl.,2360
2011,1.1  Útflutningstekjur,Uppsjávarveiðiskip,124
2011,1.1  Útflutningstekjur,Ísfisktogarar,3812
2011,1.1  Útflutningstekjur,Frystitogarar,62781
2011,1.2  Selt hráefni,Samtals,84398
2011,1.2  Selt hráefni,Bátar undir 10 brl.,6581
2011,1.2  Selt hráefni,Bátar 10-200 brl.,20864
2011,1.2  Selt hráefni,Bátar > 200 brl.,20366
2011,1.2  Selt hráefni,Uppsjávarveiðiskip,17569
2011,1.2  Selt hráefni,Ísfisktogarar,15405
2011,1.2  Selt hráefni,Frystitogarar,3614
2011,1.3  Aðrar tekjur,Samtals,5248
2011,1.3  Aðrar tekjur,Bátar undir 10 brl.,440
2011,1.3  Aðrar tekjur,Bátar 10-200 brl.,1233
2011,1.3  Aðrar tekjur,Bátar > 200 brl.,1082
2011,1.3  Aðrar tekjur,Uppsjávarveiðiskip,690
2011,1.3  Aðrar tekjur,Ísfisktogarar,357
2011,1.3  Aðrar tekjur,Frystitogarar,1446
2011,2  Gjöld alls,Samtals,117146
2011,2  Gjöld alls,Bátar undir 10 brl.,6046
2011,2  Gjöld alls,Bátar 10-200 brl.,17505
2011,2  Gjöld alls,Bátar > 200 brl.,18961
2011,2  Gjöld alls,Uppsjávarveiðiskip,12313
2011,2  Gjöld alls,Ísfisktogarar,13957
2011,2  Gjöld alls,Frystitogarar,48364
2011,2.1  Aflahlutir,Samtals,42766
2011,2.1  Aflahlutir,Bátar undir 10 brl.,1298
2011,2.1  Aflahlutir,Bátar 10-200 brl.,5031
2011,2.1  Aflahlutir,Bátar > 200 brl.,6019
2011,2.1  Aflahlutir,Uppsjávarveiðiskip,4796
2011,2.1  Aflahlutir,Ísfisktogarar,4974
2011,2.1  Aflahlutir,Frystitogarar,20648
2011,2.2  Önnur laun,Samtals,6148
2011,2.2  Önnur laun,Bátar undir 10 brl.,436
2011,2.2  Önnur laun,Bátar 10-200 brl.,756
2011,2.2  Önnur laun,Bátar > 200 brl.,1844
2011,2.2  Önnur laun,Uppsjávarveiðiskip,710
2011,2.2  Önnur laun,Ísfisktogarar,731
2011,2.2  Önnur laun,Frystitogarar,1670
2011,2.3  Launatengd gjöld,Samtals,8112
2011,2.3  Launatengd gjöld,Bátar undir 10 brl.,350
2011,2.3  Launatengd gjöld,Bátar 10-200 brl.,1118
2011,2.3  Launatengd gjöld,Bátar > 200 brl.,1198
2011,2.3  Launatengd gjöld,Uppsjávarveiðiskip,933
2011,2.3  Launatengd gjöld,Ísfisktogarar,1013
2011,2.3  Launatengd gjöld,Frystitogarar,3500
2011,2.4  Olíur,Samtals,18170
2011,2.4  Olíur,Bátar undir 10 brl.,751
2011,2.4  Olíur,Bátar 10-200 brl.,1981
2011,2.4  Olíur,Bátar > 200 brl.,2146
2011,2.4  Olíur,Uppsjávarveiðiskip,2425
2011,2.4  Olíur,Ísfisktogarar,2526
2011,2.4  Olíur,Frystitogarar,8340
2011,2.5  Veiðarfæri,Samtals,4645
2011,2.5  Veiðarfæri,Bátar undir 10 brl.,337
2011,2.5  Veiðarfæri,Bátar 10-200 brl.,319
2011,2.5  Veiðarfæri,Bátar > 200 brl.,1253
2011,2.5  Veiðarfæri,Uppsjávarveiðiskip,756
2011,2.5  Veiðarfæri,Ísfisktogarar,446
2011,2.5  Veiðarfæri,Frystitogarar,1534
2011,2.6  Viðhald,Samtals,7484
2011,2.6  Viðhald,Bátar undir 10 brl.,695
2011,2.6  Viðhald,Bátar 10-200 brl.,813
2011,2.6  Viðhald,Bátar > 200 brl.,1208
2011,2.6  Viðhald,Uppsjávarveiðiskip,1075
2011,2.6  Viðhald,Ísfisktogarar,660
2011,2.6  Viðhald,Frystitogarar,3032
2011,2.7  Frystikostn. umbúðir og fl.,Samtals,1356
2011,2.7  Frystikostn. umbúðir og fl.,Bátar undir 10 brl.,.
2011,2.7  Frystikostn. umbúðir og fl.,Bátar 10-200 brl.,.
2011,2.7  Frystikostn. umbúðir og fl.,Bátar > 200 brl.,.
2011,2.7  Frystikostn. umbúðir og fl.,Uppsjávarveiðiskip,.
2011,2.7  Frystikostn. umbúðir og fl.,Ísfisktogarar,.
2011,2.7  Frystikostn. umbúðir og fl.,Frystitogarar,1356
2011,2.8  Flutningskostnaður,Samtals,1406
2011,2.8  Flutningskostnaður,Bátar undir 10 brl.,312
2011,2.8  Flutningskostnaður,Bátar 10-200 brl.,441
2011,2.8  Flutningskostnaður,Bátar > 200 brl.,232
2011,2.8  Flutningskostnaður,Uppsjávarveiðiskip,14
2011,2.8  Flutningskostnaður,Ísfisktogarar,217
2011,2.8  Flutningskostnaður,Frystitogarar,191
2011,2.9  Laun v/skrifstofu,Samtals,475
2011,2.9  Laun v/skrifstofu,Bátar undir 10 brl.,.
2011,2.9  Laun v/skrifstofu,Bátar 10-200 brl.,46
2011,2.9  Laun v/skrifstofu,Bátar > 200 brl.,141
2011,2.9  Laun v/skrifstofu,Uppsjávarveiðiskip,5
2011,2.9  Laun v/skrifstofu,Ísfisktogarar,115
2011,2.9  Laun v/skrifstofu,Frystitogarar,168
2011,2.10 Skrifst.kostnaður,Samtals,3953
2011,2.10 Skrifst.kostnaður,Bátar undir 10 brl.,300
2011,2.10 Skrifst.kostnaður,Bátar 10-200 brl.,895
2011,2.10 Skrifst.kostnaður,Bátar > 200 brl.,928
2011,2.10 Skrifst.kostnaður,Uppsjávarveiðiskip,462
2011,2.10 Skrifst.kostnaður,Ísfisktogarar,456
2011,2.10 Skrifst.kostnaður,Frystitogarar,913
2011,2.11  Tryggingar,Samtals,1804
2011,2.11  Tryggingar,Bátar undir 10 brl.,191
2011,2.11  Tryggingar,Bátar 10-200 brl.,289
2011,2.11  Tryggingar,Bátar > 200 brl.,309
2011,2.11  Tryggingar,Uppsjávarveiðiskip,242
2011,2.11  Tryggingar,Ísfisktogarar,183
2011,2.11  Tryggingar,Frystitogarar,590
2011,2.12 Sölukostnaður,Samtals,2922
2011,2.12 Sölukostnaður,Bátar undir 10 brl.,.
2011,2.12 Sölukostnaður,Bátar 10-200 brl.,155
2011,2.12 Sölukostnaður,Bátar > 200 brl.,629
2011,2.12 Sölukostnaður,Uppsjávarveiðiskip,39
2011,2.12 Sölukostnaður,Ísfisktogarar,1085
2011,2.12 Sölukostnaður,Frystitogarar,1014
2011,2.13 Löndunarkostnaður,Samtals,2591
2011,2.13 Löndunarkostnaður,Bátar undir 10 brl.,.
2011,2.13 Löndunarkostnaður,Bátar 10-200 brl.,198
2011,2.13 Löndunarkostnaður,Bátar > 200 brl.,450
2011,2.13 Löndunarkostnaður,Uppsjávarveiðiskip,337
2011,2.13 Löndunarkostnaður,Ísfisktogarar,407
2011,2.13 Löndunarkostnaður,Frystitogarar,1199
2011,2.14 Kvótaleiga,Samtals,.
2011,2.14 Kvótaleiga,Bátar undir 10 brl.,.
2011,2.14 Kvótaleiga,Bátar 10-200 brl.,.
2011,2.14 Kvótaleiga,Bátar > 200 brl.,.
2011,2.14 Kvótaleiga,Uppsjávarveiðiskip,.
2011,2.14 Kvótaleiga,Ísfisktogarar,.
2011,2.14 Kvótaleiga,Frystitogarar,.
2011,2.15 Önnur gjöld,Samtals,15313
2011,2.15 Önnur gjöld,Bátar undir 10 brl.,1378
2011,2.15 Önnur gjöld,Bátar 10-200 brl.,5463
2011,2.15 Önnur gjöld,Bátar > 200 brl.,2602
2011,2.15 Önnur gjöld,Uppsjávarveiðiskip,518
2011,2.15 Önnur gjöld,Ísfisktogarar,1144
2011,2.15 Önnur gjöld,Frystitogarar,4208
2011,Verg hlutdeild fjármagns (EBITDA),Samtals,41974
2011,Verg hlutdeild fjármagns (EBITDA),Bátar undir 10 brl.,1026
2011,Verg hlutdeild fjármagns (EBITDA),Bátar 10-200 brl.,4938
2011,Verg hlutdeild fjármagns (EBITDA),Bátar > 200 brl.,4847
2011,Verg hlutdeild fjármagns (EBITDA),Uppsjávarveiðiskip,6070
2011,Verg hlutdeild fjármagns (EBITDA),Ísfisktogarar,5617
2011,Verg hlutdeild fjármagns (EBITDA),Frystitogarar,19477
2011,"EBITDA sem hlutfall af tekjum, %",Samtals,26.4
2011,"EBITDA sem hlutfall af tekjum, %",Bátar undir 10 brl.,14.5
2011,"EBITDA sem hlutfall af tekjum, %",Bátar 10-200 brl.,22.0
2011,"EBITDA sem hlutfall af tekjum, %",Bátar > 200 brl.,20.4
2011,"EBITDA sem hlutfall af tekjum, %",Uppsjávarveiðiskip,33.0
2011,"EBITDA sem hlutfall af tekjum, %",Ísfisktogarar,28.7
2011,"EBITDA sem hlutfall af tekjum, %",Frystitogarar,28.7
2011,Afskriftir,Samtals,7518
2011,Afskriftir,Bátar undir 10 brl.,569
2011,Afskriftir,Bátar 10-200 brl.,666
2011,Afskriftir,Bátar > 200 brl.,919
2011,Afskriftir,Uppsjávarveiðiskip,1447
2011,Afskriftir,Ísfisktogarar,872
2011,Afskriftir,Frystitogarar,3044
2011,Verðbreytingarfærsla og vextir,Samtals,11239
2011,Verðbreytingarfærsla og vextir,Bátar undir 10 brl.,114
2011,Verðbreytingarfærsla og vextir,Bátar 10-200 brl.,1843
2011,Verðbreytingarfærsla og vextir,Bátar > 200 brl.,2110
2011,Verðbreytingarfærsla og vextir,Uppsjávarveiðiskip,651
2011,Verðbreytingarfærsla og vextir,Ísfisktogarar,2529
2011,Verðbreytingarfærsla og vextir,Frystitogarar,3993
2011,Hreinn hagnaður (EBT),Samtals,23218
2011,Hreinn hagnaður (EBT),Bátar undir 10 brl.,344
2011,Hreinn hagnaður (EBT),Bátar 10-200 brl.,2428
2011,Hreinn hagnaður (EBT),Bátar > 200 brl.,1818
2011,Hreinn hagnaður (EBT),Uppsjávarveiðiskip,3972
2011,Hreinn hagnaður (EBT),Ísfisktogarar,2216
2011,Hreinn hagnaður (EBT),Frystitogarar,12440
2011,"Hreinn hagnaður sem hlutfall af tekjum, %",Samtals,14.6
2011,"Hreinn hagnaður sem hlutfall af tekjum, %",Bátar undir 10 brl.,4.9
2011,"Hreinn hagnaður sem hlutfall af tekjum, %",Bátar 10-200 brl.,10.8
2011,"Hreinn hagnaður sem hlutfall af tekjum, %",Bátar > 200 brl.,7.6
2011,"Hreinn hagnaður sem hlutfall af tekjum, %",Uppsjávarveiðiskip,21.6
2011,"Hreinn hagnaður sem hlutfall af tekjum, %",Ísfisktogarar,11.3
2011,"Hreinn hagnaður sem hlutfall af tekjum, %",Frystitogarar,18.3
2011,"Árgreiðsla, 6%",Samtals,14032.0
2011,"Árgreiðsla, 6%",Bátar undir 10 brl.,1188.7
2011,"Árgreiðsla, 6%",Bátar 10-200 brl.,1925.4
2011,"Árgreiðsla, 6%",Bátar > 200 brl.,2372.0
2011,"Árgreiðsla, 6%",Uppsjávarveiðiskip,2197.6
2011,"Árgreiðsla, 6%",Ísfisktogarar,1582.2
2011,"Árgreiðsla, 6%",Frystitogarar,4766.0
2011,Hreinn hagnaður - árgreiðsla,Samtals,27942
2011,Hreinn hagnaður - árgreiðsla,Bátar undir 10 brl.,-162
2011,Hreinn hagnaður - árgreiðsla,Bátar 10-200 brl.,3012
2011,Hreinn hagnaður - árgreiðsla,Bátar > 200 brl.,2475
2011,Hreinn hagnaður - árgreiðsla,Uppsjávarveiðiskip,3872
2011,Hreinn hagnaður - árgreiðsla,Ísfisktogarar,4035
2011,Hreinn hagnaður - árgreiðsla,Frystitogarar,14710
2011,"sem hlutfall af tekjum, %",Samtals,17.6
2011,"sem hlutfall af tekjum, %",Bátar undir 10 brl.,-2.3
2011,"sem hlutfall af tekjum, %",Bátar 10-200 brl.,13.4
2011,"sem hlutfall af tekjum, %",Bátar > 200 brl.,10.4
2011,"sem hlutfall af tekjum, %",Uppsjávarveiðiskip,21.1
2011,"sem hlutfall af tekjum, %",Ísfisktogarar,20.6
2011,"sem hlutfall af tekjum, %",Frystitogarar,21.7
2012,1. Tekjur alls,Samtals,164397
2012,1. Tekjur alls,Bátar undir 10 brl.,7433
2012,1. Tekjur alls,Bátar 10-200 brl.,23209
2012,1. Tekjur alls,Bátar > 200 brl.,25256
2012,1. Tekjur alls,Uppsjávarveiðiskip,22819
2012,1. Tekjur alls,Ísfisktogarar,21971
2012,1. Tekjur alls,Frystitogarar,63708
2012,1.1  Útflutningstekjur,Samtals,64432
2012,1.1  Útflutningstekjur,Bátar undir 10 brl.,50
2012,1.1  Útflutningstekjur,Bátar 10-200 brl.,137
2012,1.1  Útflutningstekjur,Bátar > 200 brl.,1768
2012,1.1  Útflutningstekjur,Uppsjávarveiðiskip,54
2012,1.1  Útflutningstekjur,Ísfisktogarar,3666
2012,1.1  Útflutningstekjur,Frystitogarar,58756
2012,1.2  Selt hráefni,Samtals,94843
2012,1.2  Selt hráefni,Bátar undir 10 brl.,7002
2012,1.2  Selt hráefni,Bátar 10-200 brl.,22235
2012,1.2  Selt hráefni,Bátar > 200 brl.,22725
2012,1.2  Selt hráefni,Uppsjávarveiðiskip,22310
2012,1.2  Selt hráefni,Ísfisktogarar,17407
2012,1.2  Selt hráefni,Frystitogarar,3164
2012,1.3  Aðrar tekjur,Samtals,5121
2012,1.3  Aðrar tekjur,Bátar undir 10 brl.,381
2012,1.3  Aðrar tekjur,Bátar 10-200 brl.,837
2012,1.3  Aðrar tekjur,Bátar > 200 brl.,763
2012,1.3  Aðrar tekjur,Uppsjávarveiðiskip,455
2012,1.3  Aðrar tekjur,Ísfisktogarar,897
2012,1.3  Aðrar tekjur,Frystitogarar,1788
2012,2  Gjöld alls,Samtals,123252
2012,2  Gjöld alls,Bátar undir 10 brl.,6603
2012,2  Gjöld alls,Bátar 10-200 brl.,16661
2012,2  Gjöld alls,Bátar > 200 brl.,19511
2012,2  Gjöld alls,Uppsjávarveiðiskip,16108
2012,2  Gjöld alls,Ísfisktogarar,16275
2012,2  Gjöld alls,Frystitogarar,48095
2012,2.1  Aflahlutir,Samtals,44047
2012,2.1  Aflahlutir,Bátar undir 10 brl.,1380
2012,2.1  Aflahlutir,Bátar 10-200 brl.,5318
2012,2.1  Aflahlutir,Bátar > 200 brl.,6538
2012,2.1  Aflahlutir,Uppsjávarveiðiskip,6065
2012,2.1  Aflahlutir,Ísfisktogarar,5482
2012,2.1  Aflahlutir,Frystitogarar,19264
2012,2.2  Önnur laun,Samtals,7126
2012,2.2  Önnur laun,Bátar undir 10 brl.,473
2012,2.2  Önnur laun,Bátar 10-200 brl.,735
2012,2.2  Önnur laun,Bátar > 200 brl.,1853
2012,2.2  Önnur laun,Uppsjávarveiðiskip,1091
2012,2.2  Önnur laun,Ísfisktogarar,590
2012,2.2  Önnur laun,Frystitogarar,2385
2012,2.3  Launatengd gjöld,Samtals,7060
2012,2.3  Launatengd gjöld,Bátar undir 10 brl.,325
2012,2.3  Launatengd gjöld,Bátar 10-200 brl.,693
2012,2.3  Launatengd gjöld,Bátar > 200 brl.,1354
2012,2.3  Launatengd gjöld,Uppsjávarveiðiskip,413
2012,2.3  Launatengd gjöld,Ísfisktogarar,1521
2012,2.3  Launatengd gjöld,Frystitogarar,2755
2012,2.4  Olíur,Samtals,22540
2012,2.4  Olíur,Bátar undir 10 brl.,860
2012,2.4  Olíur,Bátar 10-200 brl.,2719
2012,2.4  Olíur,Bátar > 200 brl.,3309
2012,2.4  Olíur,Uppsjávarveiðiskip,3839
2012,2.4  Olíur,Ísfisktogarar,2937
2012,2.4  Olíur,Frystitogarar,8875
2012,2.5  Veiðarfæri,Samtals,3914
2012,2.5  Veiðarfæri,Bátar undir 10 brl.,142
2012,2.5  Veiðarfæri,Bátar 10-200 brl.,192
2012,2.5  Veiðarfæri,Bátar > 200 brl.,579
2012,2.5  Veiðarfæri,Uppsjávarveiðiskip,1135
2012,2.5  Veiðarfæri,Ísfisktogarar,324
2012,2.5  Veiðarfæri,Frystitogarar,1542
2012,2.6  Viðhald,Samtals,8720
2012,2.6  Viðhald,Bátar undir 10 brl.,779
2012,2.6  Viðhald,Bátar 10-200 brl.,830
2012,2.6  Viðhald,Bátar > 200 brl.,1279
2012,2.6  Viðhald,Uppsjávarveiðiskip,1487
2012,2.6  Viðhald,Ísfisktogarar,817
2012,2.6  Viðhald,Frystitogarar,3529
2012,2.7  Frystikostn. umbúðir og fl.,Samtals,1458
2012,2.7  Frystikostn. umbúðir og fl.,Bátar undir 10 brl.,.
2012,2.7  Frystikostn. umbúðir og fl.,Bátar 10-200 brl.,.
2012,2.7  Frystikostn. umbúðir og fl.,Bátar > 200 brl.,.
2012,2.7  Frystikostn. umbúðir og fl.,Uppsjávarveiðiskip,.
2012,2.7  Frystikostn. umbúðir og fl.,Ísfisktogarar,.
2012,2.7  Frystikostn. umbúðir og fl.,Frystitogarar,1458
2012,2.8  Flutningskostnaður,Samtals,1082
2012,2.8  Flutningskostnaður,Bátar undir 10 brl.,381
2012,2.8  Flutningskostnaður,Bátar 10-200 brl.,390
2012,2.8  Flutningskostnaður,Bátar > 200 brl.,191
2012,2.8  Flutningskostnaður,Uppsjávarveiðiskip,24
2012,2.8  Flutningskostnaður,Ísfisktogarar,55
2012,2.8  Flutningskostnaður,Frystitogarar,41
2012,2.9  Laun v/skrifstofu,Samtals,526
2012,2.9  Laun v/skrifstofu,Bátar undir 10 brl.,.
2012,2.9  Laun v/skrifstofu,Bátar 10-200 brl.,30
2012,2.9  Laun v/skrifstofu,Bátar > 200 brl.,88
2012,2.9  Laun v/skrifstofu,Uppsjávarveiðiskip,.
2012,2.9  Laun v/skrifstofu,Ísfisktogarar,135
2012,2.9  Laun v/skrifstofu,Frystitogarar,273
2012,2.10 Skrifst.kostnaður,Samtals,4509
2012,2.10 Skrifst.kostnaður,Bátar undir 10 brl.,679
2012,2.10 Skrifst.kostnaður,Bátar 10-200 brl.,961
2012,2.10 Skrifst.kostnaður,Bátar > 200 brl.,1041
2012,2.10 Skrifst.kostnaður,Uppsjávarveiðiskip,298
2012,2.10 Skrifst.kostnaður,Ísfisktogarar,366
2012,2.10 Skrifst.kostnaður,Frystitogarar,1165
2012,2.11  Tryggingar,Samtals,1613
2012,2.11  Tryggingar,Bátar undir 10 brl.,117
2012,2.11  Tryggingar,Bátar 10-200 brl.,196
2012,2.11  Tryggingar,Bátar > 200 brl.,262
2012,2.11  Tryggingar,Uppsjávarveiðiskip,300
2012,2.11  Tryggingar,Ísfisktogarar,213
2012,2.11  Tryggingar,Frystitogarar,526
2012,2.12 Sölukostnaður,Samtals,2593
2012,2.12 Sölukostnaður,Bátar undir 10 brl.,.
2012,2.12 Sölukostnaður,Bátar 10-200 brl.,121
2012,2.12 Sölukostnaður,Bátar > 200 brl.,401
2012,2.12 Sölukostnaður,Uppsjávarveiðiskip,126
2012,2.12 Sölukostnaður,Ísfisktogarar,855
2012,2.12 Sölukostnaður,Frystitogarar,1090
2012,2.13 Löndunarkostnaður,Samtals,2428
2012,2.13 Löndunarkostnaður,Bátar undir 10 brl.,.
2012,2.13 Löndunarkostnaður,Bátar 10-200 brl.,96
2012,2.13 Löndunarkostnaður,Bátar > 200 brl.,549
2012,2.13 Löndunarkostnaður,Uppsjávarveiðiskip,258
2012,2.13 Löndunarkostnaður,Ísfisktogarar,441
2012,2.13 Löndunarkostnaður,Frystitogarar,1084
2012,2.14 Kvótaleiga,Samtals,.
2012,2.14 Kvótaleiga,Bátar undir 10 brl.,.
2012,2.14 Kvótaleiga,Bátar 10-200 brl.,.
2012,2.14 Kvótaleiga,Bátar > 200 brl.,.
2012,2.14 Kvótaleiga,Uppsjávarveiðiskip,.
2012,2.14 Kvótaleiga,Ísfisktogarar,.
2012,2.14 Kvótaleiga,Frystitogarar,.
2012,2.15 Önnur gjöld,Samtals,15638
2012,2.15 Önnur gjöld,Bátar undir 10 brl.,1467
2012,2.15 Önnur gjöld,Bátar 10-200 brl.,4382
2012,2.15 Önnur gjöld,Bátar > 200 brl.,2068
2012,2.15 Önnur gjöld,Uppsjávarveiðiskip,1074
2012,2.15 Önnur gjöld,Ísfisktogarar,2539
2012,2.15 Önnur gjöld,Frystitogarar,4108
2012,Verg hlutdeild fjármagns (EBITDA),Samtals,41144
2012,Verg hlutdeild fjármagns (EBITDA),Bátar undir 10 brl.,830
2012,Verg hlutdeild fjármagns (EBITDA),Bátar 10-200 brl.,6548
2012,Verg hlutdeild fjármagns (EBITDA),Bátar > 200 brl.,5746
2012,Verg hlutdeild fjármagns (EBITDA),Uppsjávarveiðiskip,6711
2012,Verg hlutdeild fjármagns (EBITDA),Ísfisktogarar,5696
2012,Verg hlutdeild fjármagns (EBITDA),Frystitogarar,15613
2012,"EBITDA sem hlutfall af tekjum, %",Samtals,25.0
2012,"EBITDA sem hlutfall af tekjum, %",Bátar undir 10 brl.,11.2
2012,"EBITDA sem hlutfall af tekjum, %",Bátar 10-200 brl.,28.2
2012,"EBITDA sem hlutfall af tekjum, %",Bátar > 200 brl.,22.7
2012,"EBITDA sem hlutfall af tekjum, %",Uppsjávarveiðiskip,29.4
2012,"EBITDA sem hlutfall af tekjum, %",Ísfisktogarar,25.9
2012,"EBITDA sem hlutfall af tekjum, %",Frystitogarar,24.5
2012,Afskriftir,Samtals,12056
2012,Afskriftir,Bátar undir 10 brl.,750
2012,Afskriftir,Bátar 10-200 brl.,669
2012,Afskriftir,Bátar > 200 brl.,1189
2012,Afskriftir,Uppsjávarveiðiskip,1967
2012,Afskriftir,Ísfisktogarar,650
2012,Afskriftir,Frystitogarar,6831
2012,Verðbreytingarfærsla og vextir,Samtals,6969
2012,Verðbreytingarfærsla og vextir,Bátar undir 10 brl.,364
2012,Verðbreytingarfærsla og vextir,Bátar 10-200 brl.,3516
2012,Verðbreytingarfærsla og vextir,Bátar > 200 brl.,2479
2012,Verðbreytingarfærsla og vextir,Uppsjávarveiðiskip,221
2012,Verðbreytingarfærsla og vextir,Ísfisktogarar,1025
2012,Verðbreytingarfærsla og vextir,Frystitogarar,-636
2012,Hreinn hagnaður (EBT),Samtals,22119
2012,Hreinn hagnaður (EBT),Bátar undir 10 brl.,-284
2012,Hreinn hagnaður (EBT),Bátar 10-200 brl.,2363
2012,Hreinn hagnaður (EBT),Bátar > 200 brl.,2078
2012,Hreinn hagnaður (EBT),Uppsjávarveiðiskip,4523
2012,Hreinn hagnaður (EBT),Ísfisktogarar,4021
2012,Hreinn hagnaður (EBT),Frystitogarar,9418
2012,"Hreinn hagnaður sem hlutfall af tekjum, %",Samtals,13.5
2012,"Hreinn hagnaður sem hlutfall af tekjum, %",Bátar undir 10 brl.,-3.8
2012,"Hreinn hagnaður sem hlutfall af tekjum, %",Bátar 10-200 brl.,10.2
2012,"Hreinn hagnaður sem hlutfall af tekjum, %",Bátar > 200 brl.,8.2
2012,"Hreinn hagnaður sem hlutfall af tekjum, %",Uppsjávarveiðiskip,19.8
2012,"Hreinn hagnaður sem hlutfall af tekjum, %",Ísfisktogarar,18.3
2012,"Hreinn hagnaður sem hlutfall af tekjum, %",Frystitogarar,14.8
2012,"Árgreiðsla, 6%",Samtals,15733.0
2012,"Árgreiðsla, 6%",Bátar undir 10 brl.,1104.5
2012,"Árgreiðsla, 6%",Bátar 10-200 brl.,1851.3
2012,"Árgreiðsla, 6%",Bátar > 200 brl.,2551.2
2012,"Árgreiðsla, 6%",Uppsjávarveiðiskip,2906.7
2012,"Árgreiðsla, 6%",Ísfisktogarar,2008.1
2012,"Árgreiðsla, 6%",Frystitogarar,5311.0
2012,Hreinn hagnaður - árgreiðsla,Samtals,25411
2012,Hreinn hagnaður - árgreiðsla,Bátar undir 10 brl.,-275
2012,Hreinn hagnaður - árgreiðsla,Bátar 10-200 brl.,4697
2012,Hreinn hagnaður - árgreiðsla,Bátar > 200 brl.,3194
2012,Hreinn hagnaður - árgreiðsla,Uppsjávarveiðiskip,3805
2012,Hreinn hagnaður - árgreiðsla,Ísfisktogarar,3688
2012,Hreinn hagnaður - árgreiðsla,Frystitogarar,10302
2012,"sem hlutfall af tekjum, %",Samtals,15.5
2012,"sem hlutfall af tekjum, %",Bátar undir 10 brl.,-3.7
2012,"sem hlutfall af tekjum, %",Bátar 10-200 brl.,20.2
2012,"sem hlutfall af tekjum, %",Bátar > 200 brl.,12.6
2012,"sem hlutfall af tekjum, %",Uppsjávarveiðiskip,16.7
2012,"sem hlutfall af tekjum, %",Ísfisktogarar,16.8
2012,"sem hlutfall af tekjum, %",Frystitogarar,16.2
2013,1. Tekjur alls,Samtals,157538
2013,1. Tekjur alls,Bátar undir 10 brl.,6716
2013,1. Tekjur alls,Bátar 10-200 brl.,22675
2013,1. Tekjur alls,Bátar > 200 brl.,23448
2013,1. Tekjur alls,Uppsjávarveiðiskip,23353
2013,1. Tekjur alls,Ísfisktogarar,21258
2013,1. Tekjur alls,Frystitogarar,60088
2013,1.1  Útflutningstekjur,Samtals,60120
2013,1.1  Útflutningstekjur,Bátar undir 10 brl.,5
2013,1.1  Útflutningstekjur,Bátar 10-200 brl.,91
2013,1.1  Útflutningstekjur,Bátar > 200 brl.,1312
2013,1.1  Útflutningstekjur,Uppsjávarveiðiskip,151
2013,1.1  Útflutningstekjur,Ísfisktogarar,3563
2013,1.1  Útflutningstekjur,Frystitogarar,54998
2013,1.2  Selt hráefni,Samtals,92440
2013,1.2  Selt hráefni,Bátar undir 10 brl.,6292
2013,1.2  Selt hráefni,Bátar 10-200 brl.,21656
2013,1.2  Selt hráefni,Bátar > 200 brl.,20975
2013,1.2  Selt hráefni,Uppsjávarveiðiskip,22820
2013,1.2  Selt hráefni,Ísfisktogarar,17142
2013,1.2  Selt hráefni,Frystitogarar,3556
2013,1.3  Aðrar tekjur,Samtals,4978
2013,1.3  Aðrar tekjur,Bátar undir 10 brl.,420
2013,1.3  Aðrar tekjur,Bátar 10-200 brl.,928
2013,1.3  Aðrar tekjur,Bátar > 200 brl.,1161
2013,1.3  Aðrar tekjur,Uppsjávarveiðiskip,383
2013,1.3  Aðrar tekjur,Ísfisktogarar,552
2013,1.3  Aðrar tekjur,Frystitogarar,1534
2013,2  Gjöld alls,Samtals,125872
2013,2  Gjöld alls,Bátar undir 10 brl.,6055
2013,2  Gjöld alls,Bátar 10-200 brl.,18381
2013,2  Gjöld alls,Bátar > 200 brl.,18759
2013,2  Gjöld alls,Uppsjávarveiðiskip,18059
2013,2  Gjöld alls,Ísfisktogarar,16970
2013,2  Gjöld alls,Frystitogarar,47649
2013,2.1  Aflahlutir,Samtals,42206
2013,2.1  Aflahlutir,Bátar undir 10 brl.,1234
2013,2.1  Aflahlutir,Bátar 10-200 brl.,5171
2013,2.1  Aflahlutir,Bátar > 200 brl.,5971
2013,2.1  Aflahlutir,Uppsjávarveiðiskip,6228
2013,2.1  Aflahlutir,Ísfisktogarar,5390
2013,2.1  Aflahlutir,Frystitogarar,18211
2013,2.2  Önnur laun,Samtals,6871
2013,2.2  Önnur laun,Bátar undir 10 brl.,292
2013,2.2  Önnur laun,Bátar 10-200 brl.,1641
2013,2.2  Önnur laun,Bátar > 200 brl.,1176
2013,2.2  Önnur laun,Uppsjávarveiðiskip,1066
2013,2.2  Önnur laun,Ísfisktogarar,804
2013,2.2  Önnur laun,Frystitogarar,1891
2013,2.3  Launatengd gjöld,Samtals,6955
2013,2.3  Launatengd gjöld,Bátar undir 10 brl.,271
2013,2.3  Launatengd gjöld,Bátar 10-200 brl.,804
2013,2.3  Launatengd gjöld,Bátar > 200 brl.,1256
2013,2.3  Launatengd gjöld,Uppsjávarveiðiskip,455
2013,2.3  Launatengd gjöld,Ísfisktogarar,1323
2013,2.3  Launatengd gjöld,Frystitogarar,2847
2013,2.4  Olíur,Samtals,17154
2013,2.4  Olíur,Bátar undir 10 brl.,625
2013,2.4  Olíur,Bátar 10-200 brl.,2041
2013,2.4  Olíur,Bátar > 200 brl.,2210
2013,2.4  Olíur,Uppsjávarveiðiskip,3062
2013,2.4  Olíur,Ísfisktogarar,2166
2013,2.4  Olíur,Frystitogarar,7051
2013,2.5  Veiðarfæri,Samtals,3936
2013,2.5  Veiðarfæri,Bátar undir 10 brl.,290
2013,2.5  Veiðarfæri,Bátar 10-200 brl.,518
2013,2.5  Veiðarfæri,Bátar > 200 brl.,527
2013,2.5  Veiðarfæri,Uppsjávarveiðiskip,885
2013,2.5  Veiðarfæri,Ísfisktogarar,388
2013,2.5  Veiðarfæri,Frystitogarar,1328
2013,2.6  Viðhald,Samtals,8683
2013,2.6  Viðhald,Bátar undir 10 brl.,600
2013,2.6  Viðhald,Bátar 10-200 brl.,1101
2013,2.6  Viðhald,Bátar > 200 brl.,1490
2013,2.6  Viðhald,Uppsjávarveiðiskip,1518
2013,2.6  Viðhald,Ísfisktogarar,1000
2013,2.6  Viðhald,Frystitogarar,2974
2013,2.7  Frystikostn. umbúðir og fl.,Samtals,1516
2013,2.7  Frystikostn. umbúðir og fl.,Bátar undir 10 brl.,-
2013,2.7  Frystikostn. umbúðir og fl.,Bátar 10-200 brl.,-
2013,2.7  Frystikostn. umbúðir og fl.,Bátar > 200 brl.,-
2013,2.7  Frystikostn. umbúðir og fl.,Uppsjávarveiðiskip,-
2013,2.7  Frystikostn. umbúðir og fl.,Ísfisktogarar,-
2013,2.7  Frystikostn. umbúðir og fl.,Frystitogarar,1516
2013,2.8  Flutningskostnaður,Samtals,1788
2013,2.8  Flutningskostnaður,Bátar undir 10 brl.,348
2013,2.8  Flutningskostnaður,Bátar 10-200 brl.,490
2013,2.8  Flutningskostnaður,Bátar > 200 brl.,124
2013,2.8  Flutningskostnaður,Uppsjávarveiðiskip,23
2013,2.8  Flutningskostnaður,Ísfisktogarar,85
2013,2.8  Flutningskostnaður,Frystitogarar,717
2013,2.9  Laun v/skrifstofu,Samtals,930
2013,2.9  Laun v/skrifstofu,Bátar undir 10 brl.,-
2013,2.9  Laun v/skrifstofu,Bátar 10-200 brl.,-
2013,2.9  Laun v/skrifstofu,Bátar > 200 brl.,157
2013,2.9  Laun v/skrifstofu,Uppsjávarveiðiskip,187
2013,2.9  Laun v/skrifstofu,Ísfisktogarar,117
2013,2.9  Laun v/skrifstofu,Frystitogarar,468
2013,2.10 Skrifst.kostnaður,Samtals,4259
2013,2.10 Skrifst.kostnaður,Bátar undir 10 brl.,634
2013,2.10 Skrifst.kostnaður,Bátar 10-200 brl.,1207
2013,2.10 Skrifst.kostnaður,Bátar > 200 brl.,1061
2013,2.10 Skrifst.kostnaður,Uppsjávarveiðiskip,140
2013,2.10 Skrifst.kostnaður,Ísfisktogarar,430
2013,2.10 Skrifst.kostnaður,Frystitogarar,787
2013,2.11  Tryggingar,Samtals,1555
2013,2.11  Tryggingar,Bátar undir 10 brl.,72
2013,2.11  Tryggingar,Bátar 10-200 brl.,227
2013,2.11  Tryggingar,Bátar > 200 brl.,234
2013,2.11  Tryggingar,Uppsjávarveiðiskip,329
2013,2.11  Tryggingar,Ísfisktogarar,196
2013,2.11  Tryggingar,Frystitogarar,497
2013,2.12 Sölukostnaður,Samtals,2063
2013,2.12 Sölukostnaður,Bátar undir 10 brl.,.
2013,2.12 Sölukostnaður,Bátar 10-200 brl.,108
2013,2.12 Sölukostnaður,Bátar > 200 brl.,279
2013,2.12 Sölukostnaður,Uppsjávarveiðiskip,71
2013,2.12 Sölukostnaður,Ísfisktogarar,804
2013,2.12 Sölukostnaður,Frystitogarar,801
2013,2.13 Löndunarkostnaður,Samtals,2484
2013,2.13 Löndunarkostnaður,Bátar undir 10 brl.,.
2013,2.13 Löndunarkostnaður,Bátar 10-200 brl.,103
2013,2.13 Löndunarkostnaður,Bátar > 200 brl.,395
2013,2.13 Löndunarkostnaður,Uppsjávarveiðiskip,365
2013,2.13 Löndunarkostnaður,Ísfisktogarar,537
2013,2.13 Löndunarkostnaður,Frystitogarar,1084
2013,2.14 Kvótaleiga,Samtals,.
2013,2.14 Kvótaleiga,Bátar undir 10 brl.,.
2013,2.14 Kvótaleiga,Bátar 10-200 brl.,.
2013,2.14 Kvótaleiga,Bátar > 200 brl.,.
2013,2.14 Kvótaleiga,Uppsjávarveiðiskip,.
2013,2.14 Kvótaleiga,Ísfisktogarar,.
2013,2.14 Kvótaleiga,Frystitogarar,.
2013,2.15 Önnur gjöld,Samtals,25471
2013,2.15 Önnur gjöld,Bátar undir 10 brl.,1687
2013,2.15 Önnur gjöld,Bátar 10-200 brl.,4968
2013,2.15 Önnur gjöld,Bátar > 200 brl.,3878
2013,2.15 Önnur gjöld,Uppsjávarveiðiskip,3732
2013,2.15 Önnur gjöld,Ísfisktogarar,3729
2013,2.15 Önnur gjöld,Frystitogarar,7477
2013,Verg hlutdeild fjármagns (EBITDA),Samtals,31666
2013,Verg hlutdeild fjármagns (EBITDA),Bátar undir 10 brl.,661
2013,Verg hlutdeild fjármagns (EBITDA),Bátar 10-200 brl.,4294
2013,Verg hlutdeild fjármagns (EBITDA),Bátar > 200 brl.,4689
2013,Verg hlutdeild fjármagns (EBITDA),Uppsjávarveiðiskip,5294
2013,Verg hlutdeild fjármagns (EBITDA),Ísfisktogarar,4288
2013,Verg hlutdeild fjármagns (EBITDA),Frystitogarar,12439
2013,"EBITDA sem hlutfall af tekjum, %",Samtals,20.1
2013,"EBITDA sem hlutfall af tekjum, %",Bátar undir 10 brl.,9.8
2013,"EBITDA sem hlutfall af tekjum, %",Bátar 10-200 brl.,18.9
2013,"EBITDA sem hlutfall af tekjum, %",Bátar > 200 brl.,20.0
2013,"EBITDA sem hlutfall af tekjum, %",Uppsjávarveiðiskip,22.7
2013,"EBITDA sem hlutfall af tekjum, %",Ísfisktogarar,20.2
2013,"EBITDA sem hlutfall af tekjum, %",Frystitogarar,20.7
2013,Afskriftir,Samtals,7339
2013,Afskriftir,Bátar undir 10 brl.,723
2013,Afskriftir,Bátar 10-200 brl.,823
2013,Afskriftir,Bátar > 200 brl.,1266
2013,Afskriftir,Uppsjávarveiðiskip,2911
2013,Afskriftir,Ísfisktogarar,630
2013,Afskriftir,Frystitogarar,985
2013,Verðbreytingarfærsla og vextir,Samtals,-3657
2013,Verðbreytingarfærsla og vextir,Bátar undir 10 brl.,238
2013,Verðbreytingarfærsla og vextir,Bátar 10-200 brl.,-1100
2013,Verðbreytingarfærsla og vextir,Bátar > 200 brl.,430
2013,Verðbreytingarfærsla og vextir,Uppsjávarveiðiskip,58
2013,Verðbreytingarfærsla og vextir,Ísfisktogarar,-1265
2013,Verðbreytingarfærsla og vextir,Frystitogarar,-2018
2013,Hreinn hagnaður (EBT),Samtals,27985
2013,Hreinn hagnaður (EBT),Bátar undir 10 brl.,-299
2013,Hreinn hagnaður (EBT),Bátar 10-200 brl.,4571
2013,Hreinn hagnaður (EBT),Bátar > 200 brl.,2993
2013,Hreinn hagnaður (EBT),Uppsjávarveiðiskip,2326
2013,Hreinn hagnaður (EBT),Ísfisktogarar,4922
2013,Hreinn hagnaður (EBT),Frystitogarar,13472
2013,"Hreinn hagnaður sem hlutfall af tekjum, %",Samtals,17.8
2013,"Hreinn hagnaður sem hlutfall af tekjum, %",Bátar undir 10 brl.,-4.5
2013,"Hreinn hagnaður sem hlutfall af tekjum, %",Bátar 10-200 brl.,20.2
2013,"Hreinn hagnaður sem hlutfall af tekjum, %",Bátar > 200 brl.,12.8
2013,"Hreinn hagnaður sem hlutfall af tekjum, %",Uppsjávarveiðiskip,10.0
2013,"Hreinn hagnaður sem hlutfall af tekjum, %",Ísfisktogarar,23.2
2013,"Hreinn hagnaður sem hlutfall af tekjum, %",Frystitogarar,22.4
2013,"Árgreiðsla, 6%",Samtals,15308.0
2013,"Árgreiðsla, 6%",Bátar undir 10 brl.,1157.0
2013,"Árgreiðsla, 6%",Bátar 10-200 brl.,1806.0
2013,"Árgreiðsla, 6%",Bátar > 200 brl.,2532.0
2013,"Árgreiðsla, 6%",Uppsjávarveiðiskip,2965.0
2013,"Árgreiðsla, 6%",Ísfisktogarar,2013.0
2013,"Árgreiðsla, 6%",Frystitogarar,4835.0
2013,Hreinn hagnaður - árgreiðsla,Samtals,16358
2013,Hreinn hagnaður - árgreiðsla,Bátar undir 10 brl.,-495
2013,Hreinn hagnaður - árgreiðsla,Bátar 10-200 brl.,2488
2013,Hreinn hagnaður - árgreiðsla,Bátar > 200 brl.,2157
2013,Hreinn hagnaður - árgreiðsla,Uppsjávarveiðiskip,2329
2013,Hreinn hagnaður - árgreiðsla,Ísfisktogarar,2274
2013,Hreinn hagnaður - árgreiðsla,Frystitogarar,7604
2013,"sem hlutfall af tekjum, %",Samtals,10.4
2013,"sem hlutfall af tekjum, %",Bátar undir 10 brl.,-7.4
2013,"sem hlutfall af tekjum, %",Bátar 10-200 brl.,11.0
2013,"sem hlutfall af tekjum, %",Bátar > 200 brl.,9.2
2013,"sem hlutfall af tekjum, %",Uppsjávarveiðiskip,10.0
2013,"sem hlutfall af tekjum, %",Ísfisktogarar,10.7
2013,"sem hlutfall af tekjum, %",Frystitogarar,12.7
2014,1. Tekjur alls,Samtals,142927
2014,1. Tekjur alls,Bátar undir 10 brl.,6919
2014,1. Tekjur alls,Bátar 10-200 brl.,24016
2014,1. Tekjur alls,Bátar > 200 brl.,28117
2014,1. Tekjur alls,Uppsjávarveiðiskip,15448
2014,1. Tekjur alls,Ísfisktogarar,20355
2014,1. Tekjur alls,Frystitogarar,48072
2014,1.1  Útflutningstekjur,Samtals,48574
2014,1.1  Útflutningstekjur,Bátar undir 10 brl.,175
2014,1.1  Útflutningstekjur,Bátar 10-200 brl.,126
2014,1.1  Útflutningstekjur,Bátar > 200 brl.,2113
2014,1.1  Útflutningstekjur,Uppsjávarveiðiskip,.
2014,1.1  Útflutningstekjur,Ísfisktogarar,2209
2014,1.1  Útflutningstekjur,Frystitogarar,43951
2014,1.2  Selt hráefni,Samtals,87736
2014,1.2  Selt hráefni,Bátar undir 10 brl.,6394
2014,1.2  Selt hráefni,Bátar 10-200 brl.,21406
2014,1.2  Selt hráefni,Bátar > 200 brl.,25044
2014,1.2  Selt hráefni,Uppsjávarveiðiskip,15132
2014,1.2  Selt hráefni,Ísfisktogarar,17572
2014,1.2  Selt hráefni,Frystitogarar,2188
2014,1.3  Aðrar tekjur,Samtals,6618
2014,1.3  Aðrar tekjur,Bátar undir 10 brl.,349
2014,1.3  Aðrar tekjur,Bátar 10-200 brl.,2484
2014,1.3  Aðrar tekjur,Bátar > 200 brl.,960
2014,1.3  Aðrar tekjur,Uppsjávarveiðiskip,316
2014,1.3  Aðrar tekjur,Ísfisktogarar,574
2014,1.3  Aðrar tekjur,Frystitogarar,1934
2014,2  Gjöld alls,Samtals,113734
2014,2  Gjöld alls,Bátar undir 10 brl.,5755
2014,2  Gjöld alls,Bátar 10-200 brl.,17952
2014,2  Gjöld alls,Bátar > 200 brl.,21678
2014,2  Gjöld alls,Uppsjávarveiðiskip,14650
2014,2  Gjöld alls,Ísfisktogarar,16272
2014,2  Gjöld alls,Frystitogarar,37427
2014,2.1  Aflahlutir,Samtals,37315
2014,2.1  Aflahlutir,Bátar undir 10 brl.,1288
2014,2.1  Aflahlutir,Bátar 10-200 brl.,5119
2014,2.1  Aflahlutir,Bátar > 200 brl.,7236
2014,2.1  Aflahlutir,Uppsjávarveiðiskip,4106
2014,2.1  Aflahlutir,Ísfisktogarar,5212
2014,2.1  Aflahlutir,Frystitogarar,14355
2014,2.2  Önnur laun,Samtals,7021
2014,2.2  Önnur laun,Bátar undir 10 brl.,220
2014,2.2  Önnur laun,Bátar 10-200 brl.,2176
2014,2.2  Önnur laun,Bátar > 200 brl.,1769
2014,2.2  Önnur laun,Uppsjávarveiðiskip,520
2014,2.2  Önnur laun,Ísfisktogarar,934
2014,2.2  Önnur laun,Frystitogarar,1401
2014,2.3  Launatengd gjöld,Samtals,6214
2014,2.3  Launatengd gjöld,Bátar undir 10 brl.,252
2014,2.3  Launatengd gjöld,Bátar 10-200 brl.,766
2014,2.3  Launatengd gjöld,Bátar > 200 brl.,1110
2014,2.3  Launatengd gjöld,Uppsjávarveiðiskip,421
2014,2.3  Launatengd gjöld,Ísfisktogarar,1236
2014,2.3  Launatengd gjöld,Frystitogarar,2429
2014,2.4  Olíur,Samtals,15699
2014,2.4  Olíur,Bátar undir 10 brl.,762
2014,2.4  Olíur,Bátar 10-200 brl.,1795
2014,2.4  Olíur,Bátar > 200 brl.,2108
2014,2.4  Olíur,Uppsjávarveiðiskip,2878
2014,2.4  Olíur,Ísfisktogarar,2321
2014,2.4  Olíur,Frystitogarar,5836
2014,2.5  Veiðarfæri,Samtals,3520
2014,2.5  Veiðarfæri,Bátar undir 10 brl.,141
2014,2.5  Veiðarfæri,Bátar 10-200 brl.,358
2014,2.5  Veiðarfæri,Bátar > 200 brl.,443
2014,2.5  Veiðarfæri,Uppsjávarveiðiskip,930
2014,2.5  Veiðarfæri,Ísfisktogarar,527
2014,2.5  Veiðarfæri,Frystitogarar,1121
2014,2.6  Viðhald,Samtals,8639
2014,2.6  Viðhald,Bátar undir 10 brl.,573
2014,2.6  Viðhald,Bátar 10-200 brl.,1141
2014,2.6  Viðhald,Bátar > 200 brl.,1426
2014,2.6  Viðhald,Uppsjávarveiðiskip,1257
2014,2.6  Viðhald,Ísfisktogarar,1309
2014,2.6  Viðhald,Frystitogarar,2932
2014,2.7  Frystikostn. umbúðir og fl.,Samtals,1293
2014,2.7  Frystikostn. umbúðir og fl.,Bátar undir 10 brl.,.
2014,2.7  Frystikostn. umbúðir og fl.,Bátar 10-200 brl.,.
2014,2.7  Frystikostn. umbúðir og fl.,Bátar > 200 brl.,.
2014,2.7  Frystikostn. umbúðir og fl.,Uppsjávarveiðiskip,.
2014,2.7  Frystikostn. umbúðir og fl.,Ísfisktogarar,.
2014,2.7  Frystikostn. umbúðir og fl.,Frystitogarar,.
2014,2.8  Flutningskostnaður,Samtals,1497
2014,2.8  Flutningskostnaður,Bátar undir 10 brl.,324
2014,2.8  Flutningskostnaður,Bátar 10-200 brl.,424
2014,2.8  Flutningskostnaður,Bátar > 200 brl.,79
2014,2.8  Flutningskostnaður,Uppsjávarveiðiskip,23
2014,2.8  Flutningskostnaður,Ísfisktogarar,67
2014,2.8  Flutningskostnaður,Frystitogarar,579
2014,2.9  Laun v/skrifstofu,Samtals,1425
2014,2.9  Laun v/skrifstofu,Bátar undir 10 brl.,.
2014,2.9  Laun v/skrifstofu,Bátar 10-200 brl.,116
2014,2.9  Laun v/skrifstofu,Bátar > 200 brl.,166
2014,2.9  Laun v/skrifstofu,Uppsjávarveiðiskip,277
2014,2.9  Laun v/skrifstofu,Ísfisktogarar,200
2014,2.9  Laun v/skrifstofu,Frystitogarar,666
2014,2.10 Skrifst.kostnaður,Samtals,4091
2014,2.10 Skrifst.kostnaður,Bátar undir 10 brl.,595
2014,2.10 Skrifst.kostnaður,Bátar 10-200 brl.,937
2014,2.10 Skrifst.kostnaður,Bátar > 200 brl.,871
2014,2.10 Skrifst.kostnaður,Uppsjávarveiðiskip,390
2014,2.10 Skrifst.kostnaður,Ísfisktogarar,494
2014,2.10 Skrifst.kostnaður,Frystitogarar,803
2014,2.11  Tryggingar,Samtals,1387
2014,2.11  Tryggingar,Bátar undir 10 brl.,116
2014,2.11  Tryggingar,Bátar 10-200 brl.,264
2014,2.11  Tryggingar,Bátar > 200 brl.,207
2014,2.11  Tryggingar,Uppsjávarveiðiskip,214
2014,2.11  Tryggingar,Ísfisktogarar,173
2014,2.11  Tryggingar,Frystitogarar,413
2014,2.12 Sölukostnaður,Samtals,2144
2014,2.12 Sölukostnaður,Bátar undir 10 brl.,.
2014,2.12 Sölukostnaður,Bátar 10-200 brl.,112
2014,2.12 Sölukostnaður,Bátar > 200 brl.,637
2014,2.12 Sölukostnaður,Uppsjávarveiðiskip,1
2014,2.12 Sölukostnaður,Ísfisktogarar,567
2014,2.12 Sölukostnaður,Frystitogarar,828
2014,2.13 Löndunarkostnaður,Samtals,2307
2014,2.13 Löndunarkostnaður,Bátar undir 10 brl.,.
2014,2.13 Löndunarkostnaður,Bátar 10-200 brl.,155
2014,2.13 Löndunarkostnaður,Bátar > 200 brl.,402
2014,2.13 Löndunarkostnaður,Uppsjávarveiðiskip,191
2014,2.13 Löndunarkostnaður,Ísfisktogarar,614
2014,2.13 Löndunarkostnaður,Frystitogarar,945
2014,2.14 Kvótaleiga,Samtals,.
2014,2.14 Kvótaleiga,Bátar undir 10 brl.,.
2014,2.14 Kvótaleiga,Bátar 10-200 brl.,.
2014,2.14 Kvótaleiga,Bátar > 200 brl.,.
2014,2.14 Kvótaleiga,Uppsjávarveiðiskip,.
2014,2.14 Kvótaleiga,Ísfisktogarar,.
2014,2.14 Kvótaleiga,Frystitogarar,.
2014,2.15 Önnur gjöld,Samtals,21183
2014,2.15 Önnur gjöld,Bátar undir 10 brl.,1482
2014,2.15 Önnur gjöld,Bátar 10-200 brl.,4590
2014,2.15 Önnur gjöld,Bátar > 200 brl.,5225
2014,2.15 Önnur gjöld,Uppsjávarveiðiskip,3442
2014,2.15 Önnur gjöld,Ísfisktogarar,2618
2014,2.15 Önnur gjöld,Frystitogarar,3826
2014,Verg hlutdeild fjármagns (EBITDA),Samtals,29193
2014,Verg hlutdeild fjármagns (EBITDA),Bátar undir 10 brl.,1164
2014,Verg hlutdeild fjármagns (EBITDA),Bátar 10-200 brl.,6064
2014,Verg hlutdeild fjármagns (EBITDA),Bátar > 200 brl.,6439
2014,Verg hlutdeild fjármagns (EBITDA),Uppsjávarveiðiskip,798
2014,Verg hlutdeild fjármagns (EBITDA),Ísfisktogarar,4083
2014,Verg hlutdeild fjármagns (EBITDA),Frystitogarar,10645
2014,"EBITDA sem hlutfall af tekjum, %",Samtals,20.4
2014,"EBITDA sem hlutfall af tekjum, %",Bátar undir 10 brl.,16.8
2014,"EBITDA sem hlutfall af tekjum, %",Bátar 10-200 brl.,25.3
2014,"EBITDA sem hlutfall af tekjum, %",Bátar > 200 brl.,22.9
2014,"EBITDA sem hlutfall af tekjum, %",Uppsjávarveiðiskip,5.2
2014,"EBITDA sem hlutfall af tekjum, %",Ísfisktogarar,20.1
2014,"EBITDA sem hlutfall af tekjum, %",Frystitogarar,22.1
2014,Afskriftir,Samtals,7590
2014,Afskriftir,Bátar undir 10 brl.,619
2014,Afskriftir,Bátar 10-200 brl.,817
2014,Afskriftir,Bátar > 200 brl.,1382
2014,Afskriftir,Uppsjávarveiðiskip,1671
2014,Afskriftir,Ísfisktogarar,691
2014,Afskriftir,Frystitogarar,2410
2014,Verðbreytingarfærsla og vextir,Samtals,6730
2014,Verðbreytingarfærsla og vextir,Bátar undir 10 brl.,343
2014,Verðbreytingarfærsla og vextir,Bátar 10-200 brl.,2046
2014,Verðbreytingarfærsla og vextir,Bátar > 200 brl.,954
2014,Verðbreytingarfærsla og vextir,Uppsjávarveiðiskip,-5
2014,Verðbreytingarfærsla og vextir,Ísfisktogarar,384
2014,Verðbreytingarfærsla og vextir,Frystitogarar,3008
2014,Hreinn hagnaður (EBT),Samtals,14873
2014,Hreinn hagnaður (EBT),Bátar undir 10 brl.,203
2014,Hreinn hagnaður (EBT),Bátar 10-200 brl.,3201
2014,Hreinn hagnaður (EBT),Bátar > 200 brl.,4103
2014,Hreinn hagnaður (EBT),Uppsjávarveiðiskip,-869
2014,Hreinn hagnaður (EBT),Ísfisktogarar,3008
2014,Hreinn hagnaður (EBT),Frystitogarar,5227
2014,"Hreinn hagnaður sem hlutfall af tekjum, %",Samtals,10.4
2014,"Hreinn hagnaður sem hlutfall af tekjum, %",Bátar undir 10 brl.,2.9
2014,"Hreinn hagnaður sem hlutfall af tekjum, %",Bátar 10-200 brl.,13.3
2014,"Hreinn hagnaður sem hlutfall af tekjum, %",Bátar > 200 brl.,14.6
2014,"Hreinn hagnaður sem hlutfall af tekjum, %",Uppsjávarveiðiskip,-5.6
2014,"Hreinn hagnaður sem hlutfall af tekjum, %",Ísfisktogarar,14.8
2014,"Hreinn hagnaður sem hlutfall af tekjum, %",Frystitogarar,10.9
2014,"Árgreiðsla, 6%",Samtals,15711.0
2014,"Árgreiðsla, 6%",Bátar undir 10 brl.,1290.0
2014,"Árgreiðsla, 6%",Bátar 10-200 brl.,1864.0
2014,"Árgreiðsla, 6%",Bátar > 200 brl.,2998.0
2014,"Árgreiðsla, 6%",Uppsjávarveiðiskip,3658.0
2014,"Árgreiðsla, 6%",Ísfisktogarar,1796.0
2014,"Árgreiðsla, 6%",Frystitogarar,4105.0
2014,Hreinn hagnaður - árgreiðsla,Samtals,13482
2014,Hreinn hagnaður - árgreiðsla,Bátar undir 10 brl.,-126
2014,Hreinn hagnaður - árgreiðsla,Bátar 10-200 brl.,4201
2014,Hreinn hagnaður - árgreiðsla,Bátar > 200 brl.,3440
2014,Hreinn hagnaður - árgreiðsla,Uppsjávarveiðiskip,-2860
2014,Hreinn hagnaður - árgreiðsla,Ísfisktogarar,2287
2014,Hreinn hagnaður - árgreiðsla,Frystitogarar,6540
2014,"sem hlutfall af tekjum, %",Samtals,9.4
2014,"sem hlutfall af tekjum, %",Bátar undir 10 brl.,-1.8
2014,"sem hlutfall af tekjum, %",Bátar 10-200 brl.,17.5
2014,"sem hlutfall af tekjum, %",Bátar > 200 brl.,12.2
2014,"sem hlutfall af tekjum, %",Uppsjávarveiðiskip,-18.5
2014,"sem hlutfall af tekjum, %",Ísfisktogarar,11.2
2014,"sem hlutfall af tekjum, %",Frystitogarar,13.6
2015,1. Tekjur alls,Samtals,154574
2015,1. Tekjur alls,Bátar undir 10 brl.,7575
2015,1. Tekjur alls,Bátar 10-200 brl.,24320
2015,1. Tekjur alls,Bátar > 200 brl.,28166
2015,1. Tekjur alls,Uppsjávarveiðiskip,21613
2015,1. Tekjur alls,Ísfisktogarar,24057
2015,1. Tekjur alls,Frystitogarar,48843
2015,1.1  Útflutningstekjur,Samtals,48861
2015,1.1  Útflutningstekjur,Bátar undir 10 brl.,.
2015,1.1  Útflutningstekjur,Bátar 10-200 brl.,348
2015,1.1  Útflutningstekjur,Bátar > 200 brl.,2038
2015,1.1  Útflutningstekjur,Uppsjávarveiðiskip,171
2015,1.1  Útflutningstekjur,Ísfisktogarar,2337
2015,1.1  Útflutningstekjur,Frystitogarar,43965
2015,1.2  Selt hráefni,Samtals,101263
2015,1.2  Selt hráefni,Bátar undir 10 brl.,7037
2015,1.2  Selt hráefni,Bátar 10-200 brl.,22906
2015,1.2  Selt hráefni,Bátar > 200 brl.,25741
2015,1.2  Selt hráefni,Uppsjávarveiðiskip,20014
2015,1.2  Selt hráefni,Ísfisktogarar,21310
2015,1.2  Selt hráefni,Frystitogarar,4254
2015,1.3  Aðrar tekjur,Samtals,4450
2015,1.3  Aðrar tekjur,Bátar undir 10 brl.,538
2015,1.3  Aðrar tekjur,Bátar 10-200 brl.,1066
2015,1.3  Aðrar tekjur,Bátar > 200 brl.,387
2015,1.3  Aðrar tekjur,Uppsjávarveiðiskip,1427
2015,1.3  Aðrar tekjur,Ísfisktogarar,409
2015,1.3  Aðrar tekjur,Frystitogarar,623
2015,2  Gjöld alls,Samtals,114225
2015,2  Gjöld alls,Bátar undir 10 brl.,6428
2015,2  Gjöld alls,Bátar 10-200 brl.,16548
2015,2  Gjöld alls,Bátar > 200 brl.,19441
2015,2  Gjöld alls,Uppsjávarveiðiskip,16917
2015,2  Gjöld alls,Ísfisktogarar,16787
2015,2  Gjöld alls,Frystitogarar,38103
2015,2.1  Aflahlutir,Samtals,41003
2015,2.1  Aflahlutir,Bátar undir 10 brl.,1379
2015,2.1  Aflahlutir,Bátar 10-200 brl.,5518
2015,2.1  Aflahlutir,Bátar > 200 brl.,7399
2015,2.1  Aflahlutir,Uppsjávarveiðiskip,5474
2015,2.1  Aflahlutir,Ísfisktogarar,6247
2015,2.1  Aflahlutir,Frystitogarar,14985
2015,2.2  Önnur laun,Samtals,4380
2015,2.2  Önnur laun,Bátar undir 10 brl.,208
2015,2.2  Önnur laun,Bátar 10-200 brl.,795
2015,2.2  Önnur laun,Bátar > 200 brl.,753
2015,2.2  Önnur laun,Uppsjávarveiðiskip,221
2015,2.2  Önnur laun,Ísfisktogarar,839
2015,2.2  Önnur laun,Frystitogarar,1566
2015,2.3  Launatengd gjöld,Samtals,8924
2015,2.3  Launatengd gjöld,Bátar undir 10 brl.,282
2015,2.3  Launatengd gjöld,Bátar 10-200 brl.,1248
2015,2.3  Launatengd gjöld,Bátar > 200 brl.,1719
2015,2.3  Launatengd gjöld,Uppsjávarveiðiskip,792
2015,2.3  Launatengd gjöld,Ísfisktogarar,1431
2015,2.3  Launatengd gjöld,Frystitogarar,3453
2015,2.4  Olíur,Samtals,13203
2015,2.4  Olíur,Bátar undir 10 brl.,660
2015,2.4  Olíur,Bátar 10-200 brl.,1789
2015,2.4  Olíur,Bátar > 200 brl.,1466
2015,2.4  Olíur,Uppsjávarveiðiskip,2525
2015,2.4  Olíur,Ísfisktogarar,2119
2015,2.4  Olíur,Frystitogarar,4644
2015,2.5  Veiðarfæri,Samtals,3962
2015,2.5  Veiðarfæri,Bátar undir 10 brl.,283
2015,2.5  Veiðarfæri,Bátar 10-200 brl.,358
2015,2.5  Veiðarfæri,Bátar > 200 brl.,431
2015,2.5  Veiðarfæri,Uppsjávarveiðiskip,1056
2015,2.5  Veiðarfæri,Ísfisktogarar,503
2015,2.5  Veiðarfæri,Frystitogarar,1331
2015,2.6  Viðhald,Samtals,9088
2015,2.6  Viðhald,Bátar undir 10 brl.,790
2015,2.6  Viðhald,Bátar 10-200 brl.,965
2015,2.6  Viðhald,Bátar > 200 brl.,1522
2015,2.6  Viðhald,Uppsjávarveiðiskip,1628
2015,2.6  Viðhald,Ísfisktogarar,949
2015,2.6  Viðhald,Frystitogarar,3234
2015,2.7  Frystikostn. umbúðir og fl.,Samtals,1120
2015,2.7  Frystikostn. umbúðir og fl.,Bátar undir 10 brl.,.
2015,2.7  Frystikostn. umbúðir og fl.,Bátar 10-200 brl.,.
2015,2.7  Frystikostn. umbúðir og fl.,Bátar > 200 brl.,.
2015,2.7  Frystikostn. umbúðir og fl.,Uppsjávarveiðiskip,.
2015,2.7  Frystikostn. umbúðir og fl.,Ísfisktogarar,.
2015,2.7  Frystikostn. umbúðir og fl.,Frystitogarar,1120
2015,2.8  Flutningskostnaður,Samtals,1693
2015,2.8  Flutningskostnaður,Bátar undir 10 brl.,378
2015,2.8  Flutningskostnaður,Bátar 10-200 brl.,441
2015,2.8  Flutningskostnaður,Bátar > 200 brl.,65
2015,2.8  Flutningskostnaður,Uppsjávarveiðiskip,35
2015,2.8  Flutningskostnaður,Ísfisktogarar,89
2015,2.8  Flutningskostnaður,Frystitogarar,685
2015,2.9  Laun v/skrifstofu,Samtals,1834
2015,2.9  Laun v/skrifstofu,Bátar undir 10 brl.,1
2015,2.9  Laun v/skrifstofu,Bátar 10-200 brl.,141
2015,2.9  Laun v/skrifstofu,Bátar > 200 brl.,254
2015,2.9  Laun v/skrifstofu,Uppsjávarveiðiskip,191
2015,2.9  Laun v/skrifstofu,Ísfisktogarar,301
2015,2.9  Laun v/skrifstofu,Frystitogarar,948
2015,2.10 Skrifst.kostnaður,Samtals,3977
2015,2.10 Skrifst.kostnaður,Bátar undir 10 brl.,687
2015,2.10 Skrifst.kostnaður,Bátar 10-200 brl.,990
2015,2.10 Skrifst.kostnaður,Bátar > 200 brl.,468
2015,2.10 Skrifst.kostnaður,Uppsjávarveiðiskip,613
2015,2.10 Skrifst.kostnaður,Ísfisktogarar,414
2015,2.10 Skrifst.kostnaður,Frystitogarar,806
2015,2.11  Tryggingar,Samtals,1650
2015,2.11  Tryggingar,Bátar undir 10 brl.,123
2015,2.11  Tryggingar,Bátar 10-200 brl.,202
2015,2.11  Tryggingar,Bátar > 200 brl.,268
2015,2.11  Tryggingar,Uppsjávarveiðiskip,391
2015,2.11  Tryggingar,Ísfisktogarar,218
2015,2.11  Tryggingar,Frystitogarar,448
2015,2.12 Sölukostnaður,Samtals,2004
2015,2.12 Sölukostnaður,Bátar undir 10 brl.,2
2015,2.12 Sölukostnaður,Bátar 10-200 brl.,170
2015,2.12 Sölukostnaður,Bátar > 200 brl.,469
2015,2.12 Sölukostnaður,Uppsjávarveiðiskip,36
2015,2.12 Sölukostnaður,Ísfisktogarar,596
2015,2.12 Sölukostnaður,Frystitogarar,732
2015,2.13 Löndunarkostnaður,Samtals,2401
2015,2.13 Löndunarkostnaður,Bátar undir 10 brl.,1
2015,2.13 Löndunarkostnaður,Bátar 10-200 brl.,145
2015,2.13 Löndunarkostnaður,Bátar > 200 brl.,452
2015,2.13 Löndunarkostnaður,Uppsjávarveiðiskip,323
2015,2.13 Löndunarkostnaður,Ísfisktogarar,625
2015,2.13 Löndunarkostnaður,Frystitogarar,855
2015,2.14 Kvótaleiga,Samtals,.
2015,2.14 Kvótaleiga,Bátar undir 10 brl.,.
2015,2.14 Kvótaleiga,Bátar 10-200 brl.,.
2015,2.14 Kvótaleiga,Bátar > 200 brl.,.
2015,2.14 Kvótaleiga,Uppsjávarveiðiskip,.
2015,2.14 Kvótaleiga,Ísfisktogarar,.
2015,2.14 Kvótaleiga,Frystitogarar,.
2015,2.15 Önnur gjöld,Samtals,18985
2015,2.15 Önnur gjöld,Bátar undir 10 brl.,1635
2015,2.15 Önnur gjöld,Bátar 10-200 brl.,3788
2015,2.15 Önnur gjöld,Bátar > 200 brl.,4176
2015,2.15 Önnur gjöld,Uppsjávarveiðiskip,3633
2015,2.15 Önnur gjöld,Ísfisktogarar,2456
2015,2.15 Önnur gjöld,Frystitogarar,3296
2015,Verg hlutdeild fjármagns (EBITDA),Samtals,40349
2015,Verg hlutdeild fjármagns (EBITDA),Bátar undir 10 brl.,1147
2015,Verg hlutdeild fjármagns (EBITDA),Bátar 10-200 brl.,7772
2015,Verg hlutdeild fjármagns (EBITDA),Bátar > 200 brl.,8725
2015,Verg hlutdeild fjármagns (EBITDA),Uppsjávarveiðiskip,4696
2015,Verg hlutdeild fjármagns (EBITDA),Ísfisktogarar,7270
2015,Verg hlutdeild fjármagns (EBITDA),Frystitogarar,10739
2015,"EBITDA sem hlutfall af tekjum, %",Samtals,26.1
2015,"EBITDA sem hlutfall af tekjum, %",Bátar undir 10 brl.,15.1
2015,"EBITDA sem hlutfall af tekjum, %",Bátar 10-200 brl.,32.0
2015,"EBITDA sem hlutfall af tekjum, %",Bátar > 200 brl.,31.0
2015,"EBITDA sem hlutfall af tekjum, %",Uppsjávarveiðiskip,21.7
2015,"EBITDA sem hlutfall af tekjum, %",Ísfisktogarar,30.2
2015,"EBITDA sem hlutfall af tekjum, %",Frystitogarar,22.0
2015,Afskriftir,Samtals,6904
2015,Afskriftir,Bátar undir 10 brl.,785
2015,Afskriftir,Bátar 10-200 brl.,846
2015,Afskriftir,Bátar > 200 brl.,1136
2015,Afskriftir,Uppsjávarveiðiskip,1945
2015,Afskriftir,Ísfisktogarar,715
2015,Afskriftir,Frystitogarar,1477
2015,Verðbreytingarfærsla og vextir,Samtals,2344
2015,Verðbreytingarfærsla og vextir,Bátar undir 10 brl.,291
2015,Verðbreytingarfærsla og vextir,Bátar 10-200 brl.,648
2015,Verðbreytingarfærsla og vextir,Bátar > 200 brl.,195
2015,Verðbreytingarfærsla og vextir,Uppsjávarveiðiskip,89
2015,Verðbreytingarfærsla og vextir,Ísfisktogarar,357
2015,Verðbreytingarfærsla og vextir,Frystitogarar,765
2015,Hreinn hagnaður (EBT),Samtals,31100
2015,Hreinn hagnaður (EBT),Bátar undir 10 brl.,71
2015,Hreinn hagnaður (EBT),Bátar 10-200 brl.,6278
2015,Hreinn hagnaður (EBT),Bátar > 200 brl.,7394
2015,Hreinn hagnaður (EBT),Uppsjávarveiðiskip,2662
2015,Hreinn hagnaður (EBT),Ísfisktogarar,6198
2015,Hreinn hagnaður (EBT),Frystitogarar,8497
2015,"Hreinn hagnaður sem hlutfall af tekjum, %",Samtals,20.1
2015,"Hreinn hagnaður sem hlutfall af tekjum, %",Bátar undir 10 brl.,0.9
2015,"Hreinn hagnaður sem hlutfall af tekjum, %",Bátar 10-200 brl.,25.8
2015,"Hreinn hagnaður sem hlutfall af tekjum, %",Bátar > 200 brl.,26.3
2015,"Hreinn hagnaður sem hlutfall af tekjum, %",Uppsjávarveiðiskip,12.3
2015,"Hreinn hagnaður sem hlutfall af tekjum, %",Ísfisktogarar,25.8
2015,"Hreinn hagnaður sem hlutfall af tekjum, %",Frystitogarar,17.4
2015,"Árgreiðsla, 6%",Samtals,16325.0
2015,"Árgreiðsla, 6%",Bátar undir 10 brl.,1205.0
2015,"Árgreiðsla, 6%",Bátar 10-200 brl.,1785.0
2015,"Árgreiðsla, 6%",Bátar > 200 brl.,2920.0
2015,"Árgreiðsla, 6%",Uppsjávarveiðiskip,4699.0
2015,"Árgreiðsla, 6%",Ísfisktogarar,1883.0
2015,"Árgreiðsla, 6%",Frystitogarar,3833.0
2015,Hreinn hagnaður - árgreiðsla,Samtals,24024
2015,Hreinn hagnaður - árgreiðsla,Bátar undir 10 brl.,-58
2015,Hreinn hagnaður - árgreiðsla,Bátar 10-200 brl.,5986
2015,Hreinn hagnaður - árgreiðsla,Bátar > 200 brl.,5805
2015,Hreinn hagnaður - árgreiðsla,Uppsjávarveiðiskip,-3
2015,Hreinn hagnaður - árgreiðsla,Ísfisktogarar,5388
2015,Hreinn hagnaður - árgreiðsla,Frystitogarar,6906
2015,"sem hlutfall af tekjum, %",Samtals,15.5
2015,"sem hlutfall af tekjum, %",Bátar undir 10 brl.,-0.8
2015,"sem hlutfall af tekjum, %",Bátar 10-200 brl.,24.6
2015,"sem hlutfall af tekjum, %",Bátar > 200 brl.,20.6
2015,"sem hlutfall af tekjum, %",Uppsjávarveiðiskip,0.0
2015,"sem hlutfall af tekjum, %",Ísfisktogarar,22.4
2015,"sem hlutfall af tekjum, %",Frystitogarar,14.1
2016,1. Tekjur alls,Samtals,137559
2016,1. Tekjur alls,Bátar undir 10 brl.,5790
2016,1. Tekjur alls,Bátar 10-200 brl.,25175
2016,1. Tekjur alls,Bátar > 200 brl.,25825
2016,1. Tekjur alls,Uppsjávarveiðiskip,17980
2016,1. Tekjur alls,Ísfisktogarar,22210
2016,1. Tekjur alls,Frystitogarar,40579
2016,1.1  Útflutningstekjur,Samtals,42888
2016,1.1  Útflutningstekjur,Bátar undir 10 brl.,0
2016,1.1  Útflutningstekjur,Bátar 10-200 brl.,375
2016,1.1  Útflutningstekjur,Bátar > 200 brl.,2008
2016,1.1  Útflutningstekjur,Uppsjávarveiðiskip,333
2016,1.1  Útflutningstekjur,Ísfisktogarar,3162
2016,1.1  Útflutningstekjur,Frystitogarar,37010
2016,1.2  Selt hráefni,Samtals,90134
2016,1.2  Selt hráefni,Bátar undir 10 brl.,5423
2016,1.2  Selt hráefni,Bátar 10-200 brl.,23570
2016,1.2  Selt hráefni,Bátar > 200 brl.,23076
2016,1.2  Selt hráefni,Uppsjávarveiðiskip,16271
2016,1.2  Selt hráefni,Ísfisktogarar,18769
2016,1.2  Selt hráefni,Frystitogarar,3025
2016,1.3  Aðrar tekjur,Samtals,4538
2016,1.3  Aðrar tekjur,Bátar undir 10 brl.,367
2016,1.3  Aðrar tekjur,Bátar 10-200 brl.,1230
2016,1.3  Aðrar tekjur,Bátar > 200 brl.,741
2016,1.3  Aðrar tekjur,Uppsjávarveiðiskip,1376
2016,1.3  Aðrar tekjur,Ísfisktogarar,279
2016,1.3  Aðrar tekjur,Frystitogarar,545
2016,2  Gjöld alls,Samtals,104237
2016,2  Gjöld alls,Bátar undir 10 brl.,4990
2016,2  Gjöld alls,Bátar 10-200 brl.,18320
2016,2  Gjöld alls,Bátar > 200 brl.,20362
2016,2  Gjöld alls,Uppsjávarveiðiskip,12862
2016,2  Gjöld alls,Ísfisktogarar,16846
2016,2  Gjöld alls,Frystitogarar,30857
2016,2.1  Aflahlutir,Samtals,36413
2016,2.1  Aflahlutir,Bátar undir 10 brl.,1093
2016,2.1  Aflahlutir,Bátar 10-200 brl.,5843
2016,2.1  Aflahlutir,Bátar > 200 brl.,6862
2016,2.1  Aflahlutir,Uppsjávarveiðiskip,4050
2016,2.1  Aflahlutir,Ísfisktogarar,5937
2016,2.1  Aflahlutir,Frystitogarar,12628
2016,2.2  Önnur laun,Samtals,3978
2016,2.2  Önnur laun,Bátar undir 10 brl.,110
2016,2.2  Önnur laun,Bátar 10-200 brl.,881
2016,2.2  Önnur laun,Bátar > 200 brl.,1123
2016,2.2  Önnur laun,Uppsjávarveiðiskip,329
2016,2.2  Önnur laun,Ísfisktogarar,801
2016,2.2  Önnur laun,Frystitogarar,734
2016,2.3  Launatengd gjöld,Samtals,8499
2016,2.3  Launatengd gjöld,Bátar undir 10 brl.,213
2016,2.3  Launatengd gjöld,Bátar 10-200 brl.,1290
2016,2.3  Launatengd gjöld,Bátar > 200 brl.,1660
2016,2.3  Launatengd gjöld,Uppsjávarveiðiskip,947
2016,2.3  Launatengd gjöld,Ísfisktogarar,1366
2016,2.3  Launatengd gjöld,Frystitogarar,3023
2016,2.4  Olíur,Samtals,8970
2016,2.4  Olíur,Bátar undir 10 brl.,264
2016,2.4  Olíur,Bátar 10-200 brl.,1148
2016,2.4  Olíur,Bátar > 200 brl.,1178
2016,2.4  Olíur,Uppsjávarveiðiskip,1547
2016,2.4  Olíur,Ísfisktogarar,1802
2016,2.4  Olíur,Frystitogarar,3031
2016,2.5  Veiðarfæri,Samtals,3725
2016,2.5  Veiðarfæri,Bátar undir 10 brl.,173
2016,2.5  Veiðarfæri,Bátar 10-200 brl.,337
2016,2.5  Veiðarfæri,Bátar > 200 brl.,544
2016,2.5  Veiðarfæri,Uppsjávarveiðiskip,1046
2016,2.5  Veiðarfæri,Ísfisktogarar,666
2016,2.5  Veiðarfæri,Frystitogarar,959
2016,2.6  Viðhald,Samtals,8574
2016,2.6  Viðhald,Bátar undir 10 brl.,527
2016,2.6  Viðhald,Bátar 10-200 brl.,942
2016,2.6  Viðhald,Bátar > 200 brl.,1696
2016,2.6  Viðhald,Uppsjávarveiðiskip,1266
2016,2.6  Viðhald,Ísfisktogarar,1178
2016,2.6  Viðhald,Frystitogarar,2964
2016,2.7  Frystikostn. umbúðir og fl.,Samtals,934
2016,2.7  Frystikostn. umbúðir og fl.,Bátar undir 10 brl.,0
2016,2.7  Frystikostn. umbúðir og fl.,Bátar 10-200 brl.,0
2016,2.7  Frystikostn. umbúðir og fl.,Bátar > 200 brl.,0
2016,2.7  Frystikostn. umbúðir og fl.,Uppsjávarveiðiskip,0
2016,2.7  Frystikostn. umbúðir og fl.,Ísfisktogarar,0
2016,2.7  Frystikostn. umbúðir og fl.,Frystitogarar,934
2016,2.8  Flutningskostnaður,Samtals,1249
2016,2.8  Flutningskostnaður,Bátar undir 10 brl.,267
2016,2.8  Flutningskostnaður,Bátar 10-200 brl.,360
2016,2.8  Flutningskostnaður,Bátar > 200 brl.,155
2016,2.8  Flutningskostnaður,Uppsjávarveiðiskip,28
2016,2.8  Flutningskostnaður,Ísfisktogarar,117
2016,2.8  Flutningskostnaður,Frystitogarar,323
2016,2.9  Laun v/skrifstofu,Samtals,1840
2016,2.9  Laun v/skrifstofu,Bátar undir 10 brl.,0
2016,2.9  Laun v/skrifstofu,Bátar 10-200 brl.,136
2016,2.9  Laun v/skrifstofu,Bátar > 200 brl.,284
2016,2.9  Laun v/skrifstofu,Uppsjávarveiðiskip,209
2016,2.9  Laun v/skrifstofu,Ísfisktogarar,257
2016,2.9  Laun v/skrifstofu,Frystitogarar,954
2016,2.10 Skrifst.kostnaður,Samtals,2733
2016,2.10 Skrifst.kostnaður,Bátar undir 10 brl.,528
2016,2.10 Skrifst.kostnaður,Bátar 10-200 brl.,840
2016,2.10 Skrifst.kostnaður,Bátar > 200 brl.,511
2016,2.10 Skrifst.kostnaður,Uppsjávarveiðiskip,194
2016,2.10 Skrifst.kostnaður,Ísfisktogarar,373
2016,2.10 Skrifst.kostnaður,Frystitogarar,286
2016,2.11  Tryggingar,Samtals,1062
2016,2.11  Tryggingar,Bátar undir 10 brl.,43
2016,2.11  Tryggingar,Bátar 10-200 brl.,187
2016,2.11  Tryggingar,Bátar > 200 brl.,192
2016,2.11  Tryggingar,Uppsjávarveiðiskip,133
2016,2.11  Tryggingar,Ísfisktogarar,206
2016,2.11  Tryggingar,Frystitogarar,301
2016,2.12 Sölukostnaður,Samtals,2450
2016,2.12 Sölukostnaður,Bátar undir 10 brl.,1
2016,2.12 Sölukostnaður,Bátar 10-200 brl.,202
2016,2.12 Sölukostnaður,Bátar > 200 brl.,483
2016,2.12 Sölukostnaður,Uppsjávarveiðiskip,156
2016,2.12 Sölukostnaður,Ísfisktogarar,845
2016,2.12 Sölukostnaður,Frystitogarar,763
2016,2.13 Löndunarkostnaður,Samtals,2564
2016,2.13 Löndunarkostnaður,Bátar undir 10 brl.,0
2016,2.13 Löndunarkostnaður,Bátar 10-200 brl.,163
2016,2.13 Löndunarkostnaður,Bátar > 200 brl.,517
2016,2.13 Löndunarkostnaður,Uppsjávarveiðiskip,249
2016,2.13 Löndunarkostnaður,Ísfisktogarar,721
2016,2.13 Löndunarkostnaður,Frystitogarar,914
2016,2.14 Kvótaleiga,Samtals,0
2016,2.14 Kvótaleiga,Bátar undir 10 brl.,1
2016,2.14 Kvótaleiga,Bátar 10-200 brl.,2
2016,2.14 Kvótaleiga,Bátar > 200 brl.,3
2016,2.14 Kvótaleiga,Uppsjávarveiðiskip,4
2016,2.14 Kvótaleiga,Ísfisktogarar,5
2016,2.14 Kvótaleiga,Frystitogarar,6
2016,2.15 Önnur gjöld,Samtals,21246
2016,2.15 Önnur gjöld,Bátar undir 10 brl.,1770
2016,2.15 Önnur gjöld,Bátar 10-200 brl.,5990
2016,2.15 Önnur gjöld,Bátar > 200 brl.,5159
2016,2.15 Önnur gjöld,Uppsjávarveiðiskip,2708
2016,2.15 Önnur gjöld,Ísfisktogarar,2575
2016,2.15 Önnur gjöld,Frystitogarar,3043
2016,Verg hlutdeild fjármagns (EBITDA),Samtals,33322
2016,Verg hlutdeild fjármagns (EBITDA),Bátar undir 10 brl.,799
2016,Verg hlutdeild fjármagns (EBITDA),Bátar 10-200 brl.,6856
2016,Verg hlutdeild fjármagns (EBITDA),Bátar > 200 brl.,5463
2016,Verg hlutdeild fjármagns (EBITDA),Uppsjávarveiðiskip,5118
2016,Verg hlutdeild fjármagns (EBITDA),Ísfisktogarar,5365
2016,Verg hlutdeild fjármagns (EBITDA),Frystitogarar,9722
2016,"EBITDA sem hlutfall af tekjum, %",Samtals,24.2
2016,"EBITDA sem hlutfall af tekjum, %",Bátar undir 10 brl.,13.8
2016,"EBITDA sem hlutfall af tekjum, %",Bátar 10-200 brl.,27.2
2016,"EBITDA sem hlutfall af tekjum, %",Bátar > 200 brl.,21.2
2016,"EBITDA sem hlutfall af tekjum, %",Uppsjávarveiðiskip,28.5
2016,"EBITDA sem hlutfall af tekjum, %",Ísfisktogarar,24.2
2016,"EBITDA sem hlutfall af tekjum, %",Frystitogarar,24.0
2016,Afskriftir,Samtals,7040
2016,Afskriftir,Bátar undir 10 brl.,547
2016,Afskriftir,Bátar 10-200 brl.,960
2016,Afskriftir,Bátar > 200 brl.,904
2016,Afskriftir,Uppsjávarveiðiskip,2066
2016,Afskriftir,Ísfisktogarar,625
2016,Afskriftir,Frystitogarar,1939
2016,Verðbreytingarfærsla og vextir,Samtals,-6942
2016,Verðbreytingarfærsla og vextir,Bátar undir 10 brl.,70
2016,Verðbreytingarfærsla og vextir,Bátar 10-200 brl.,-2367
2016,Verðbreytingarfærsla og vextir,Bátar > 200 brl.,-1744
2016,Verðbreytingarfærsla og vextir,Uppsjávarveiðiskip,41
2016,Verðbreytingarfærsla og vextir,Ísfisktogarar,-521
2016,Verðbreytingarfærsla og vextir,Frystitogarar,-2420
2016,Hreinn hagnaður (EBT),Samtals,33224
2016,Hreinn hagnaður (EBT),Bátar undir 10 brl.,183
2016,Hreinn hagnaður (EBT),Bátar 10-200 brl.,8263
2016,Hreinn hagnaður (EBT),Bátar > 200 brl.,6303
2016,Hreinn hagnaður (EBT),Uppsjávarveiðiskip,3011
2016,Hreinn hagnaður (EBT),Ísfisktogarar,5260
2016,Hreinn hagnaður (EBT),Frystitogarar,10203
2016,"Hreinn hagnaður sem hlutfall af tekjum, %",Samtals,24.2
2016,"Hreinn hagnaður sem hlutfall af tekjum, %",Bátar undir 10 brl.,3.2
2016,"Hreinn hagnaður sem hlutfall af tekjum, %",Bátar 10-200 brl.,32.8
2016,"Hreinn hagnaður sem hlutfall af tekjum, %",Bátar > 200 brl.,24.4
2016,"Hreinn hagnaður sem hlutfall af tekjum, %",Uppsjávarveiðiskip,16.7
2016,"Hreinn hagnaður sem hlutfall af tekjum, %",Ísfisktogarar,23.7
2016,"Hreinn hagnaður sem hlutfall af tekjum, %",Frystitogarar,25.1
2016,"Árgreiðsla, 6%",Samtals,16082.0
2016,"Árgreiðsla, 6%",Bátar undir 10 brl.,1181.0
2016,"Árgreiðsla, 6%",Bátar 10-200 brl.,1767.0
2016,"Árgreiðsla, 6%",Bátar > 200 brl.,2943.0
2016,"Árgreiðsla, 6%",Uppsjávarveiðiskip,4584.0
2016,"Árgreiðsla, 6%",Ísfisktogarar,1960.0
2016,"Árgreiðsla, 6%",Frystitogarar,3648.0
2016,Hreinn hagnaður - árgreiðsla,Samtals,17240
2016,Hreinn hagnaður - árgreiðsla,Bátar undir 10 brl.,-382
2016,Hreinn hagnaður - árgreiðsla,Bátar 10-200 brl.,5089
2016,Hreinn hagnaður - árgreiðsla,Bátar > 200 brl.,2520
2016,Hreinn hagnaður - árgreiðsla,Uppsjávarveiðiskip,534
2016,Hreinn hagnaður - árgreiðsla,Ísfisktogarar,3405
2016,Hreinn hagnaður - árgreiðsla,Frystitogarar,6074
2016,"sem hlutfall af tekjum, %",Samtals,12.5
2016,"sem hlutfall af tekjum, %",Bátar undir 10 brl.,-6.6
2016,"sem hlutfall af tekjum, %",Bátar 10-200 brl.,20.2
2016,"sem hlutfall af tekjum, %",Bátar > 200 brl.,9.8
2016,"sem hlutfall af tekjum, %",Uppsjávarveiðiskip,3.0
2016,"sem hlutfall af tekjum, %",Ísfisktogarar,15.3
2016,"sem hlutfall af tekjum, %",Frystitogarar,15.0
2017,1. Tekjur alls,Samtals,114517
2017,1. Tekjur alls,Bátar undir 10 brl.,4548
2017,1. Tekjur alls,Bátar 10-200 brl.,20846
2017,1. Tekjur alls,Bátar > 200 brl.,21848
2017,1. Tekjur alls,Uppsjávarveiðiskip,17592
2017,1. Tekjur alls,Ísfisktogarar,19161
2017,1. Tekjur alls,Frystitogarar,30524
2017,1.1  Útflutningstekjur,Samtals,33595
2017,1.1  Útflutningstekjur,Bátar undir 10 brl.,17
2017,1.1  Útflutningstekjur,Bátar 10-200 brl.,424
2017,1.1  Útflutningstekjur,Bátar > 200 brl.,2870
2017,1.1  Útflutningstekjur,Uppsjávarveiðiskip,0
2017,1.1  Útflutningstekjur,Ísfisktogarar,2327
2017,1.1  Útflutningstekjur,Frystitogarar,27957
2017,1.2  Selt hráefni,Samtals,76358
2017,1.2  Selt hráefni,Bátar undir 10 brl.,4229
2017,1.2  Selt hráefni,Bátar 10-200 brl.,18795
2017,1.2  Selt hráefni,Bátar > 200 brl.,18706
2017,1.2  Selt hráefni,Uppsjávarveiðiskip,16868
2017,1.2  Selt hráefni,Ísfisktogarar,16478
2017,1.2  Selt hráefni,Frystitogarar,1282
2017,1.3  Aðrar tekjur,Samtals,4564
2017,1.3  Aðrar tekjur,Bátar undir 10 brl.,301
2017,1.3  Aðrar tekjur,Bátar 10-200 brl.,1627
2017,1.3  Aðrar tekjur,Bátar > 200 brl.,272
2017,1.3  Aðrar tekjur,Uppsjávarveiðiskip,723
2017,1.3  Aðrar tekjur,Ísfisktogarar,356
2017,1.3  Aðrar tekjur,Frystitogarar,1285
2017,2  Gjöld alls,Samtals,93804
2017,2  Gjöld alls,Bátar undir 10 brl.,3961
2017,2  Gjöld alls,Bátar 10-200 brl.,16856
2017,2  Gjöld alls,Bátar > 200 brl.,19238
2017,2  Gjöld alls,Uppsjávarveiðiskip,13085
2017,2  Gjöld alls,Ísfisktogarar,15481
2017,2  Gjöld alls,Frystitogarar,25184
2017,2.1  Aflahlutir,Samtals,29586
2017,2.1  Aflahlutir,Bátar undir 10 brl.,832
2017,2.1  Aflahlutir,Bátar 10-200 brl.,4558
2017,2.1  Aflahlutir,Bátar > 200 brl.,5728
2017,2.1  Aflahlutir,Uppsjávarveiðiskip,4405
2017,2.1  Aflahlutir,Ísfisktogarar,4965
2017,2.1  Aflahlutir,Frystitogarar,9098
2017,2.2  Önnur laun,Samtals,5362
2017,2.2  Önnur laun,Bátar undir 10 brl.,169
2017,2.2  Önnur laun,Bátar 10-200 brl.,1625
2017,2.2  Önnur laun,Bátar > 200 brl.,1275
2017,2.2  Önnur laun,Uppsjávarveiðiskip,93
2017,2.2  Önnur laun,Ísfisktogarar,1018
2017,2.2  Önnur laun,Frystitogarar,1182
2017,2.3  Launatengd gjöld,Samtals,7798
2017,2.3  Launatengd gjöld,Bátar undir 10 brl.,179
2017,2.3  Launatengd gjöld,Bátar 10-200 brl.,1270
2017,2.3  Launatengd gjöld,Bátar > 200 brl.,1626
2017,2.3  Launatengd gjöld,Uppsjávarveiðiskip,1014
2017,2.3  Launatengd gjöld,Ísfisktogarar,1253
2017,2.3  Launatengd gjöld,Frystitogarar,2456
2017,2.4  Olíur,Samtals,8594
2017,2.4  Olíur,Bátar undir 10 brl.,242
2017,2.4  Olíur,Bátar 10-200 brl.,1109
2017,2.4  Olíur,Bátar > 200 brl.,1162
2017,2.4  Olíur,Uppsjávarveiðiskip,1981
2017,2.4  Olíur,Ísfisktogarar,1739
2017,2.4  Olíur,Frystitogarar,2362
2017,2.5  Veiðarfæri,Samtals,3918
2017,2.5  Veiðarfæri,Bátar undir 10 brl.,65
2017,2.5  Veiðarfæri,Bátar 10-200 brl.,356
2017,2.5  Veiðarfæri,Bátar > 200 brl.,716
2017,2.5  Veiðarfæri,Uppsjávarveiðiskip,980
2017,2.5  Veiðarfæri,Ísfisktogarar,621
2017,2.5  Veiðarfæri,Frystitogarar,1180
2017,2.6  Viðhald,Samtals,7690
2017,2.6  Viðhald,Bátar undir 10 brl.,438
2017,2.6  Viðhald,Bátar 10-200 brl.,839
2017,2.6  Viðhald,Bátar > 200 brl.,1491
2017,2.6  Viðhald,Uppsjávarveiðiskip,1217
2017,2.6  Viðhald,Ísfisktogarar,1128
2017,2.6  Viðhald,Frystitogarar,2578
2017,2.7  Frystikostn. umbúðir og fl.,Samtals,799
2017,2.7  Frystikostn. umbúðir og fl.,Bátar undir 10 brl.,0
2017,2.7  Frystikostn. umbúðir og fl.,Bátar 10-200 brl.,0
2017,2.7  Frystikostn. umbúðir og fl.,Bátar > 200 brl.,0
2017,2.7  Frystikostn. umbúðir og fl.,Uppsjávarveiðiskip,0
2017,2.7  Frystikostn. umbúðir og fl.,Ísfisktogarar,0
2017,2.7  Frystikostn. umbúðir og fl.,Frystitogarar,799
2017,2.8  Flutningskostnaður,Samtals,1250
2017,2.8  Flutningskostnaður,Bátar undir 10 brl.,250
2017,2.8  Flutningskostnaður,Bátar 10-200 brl.,316
2017,2.8  Flutningskostnaður,Bátar > 200 brl.,232
2017,2.8  Flutningskostnaður,Uppsjávarveiðiskip,19
2017,2.8  Flutningskostnaður,Ísfisktogarar,110
2017,2.8  Flutningskostnaður,Frystitogarar,324
2017,2.9  Laun v/skrifstofu,Samtals,1674
2017,2.9  Laun v/skrifstofu,Bátar undir 10 brl.,5
2017,2.9  Laun v/skrifstofu,Bátar 10-200 brl.,60
2017,2.9  Laun v/skrifstofu,Bátar > 200 brl.,357
2017,2.9  Laun v/skrifstofu,Uppsjávarveiðiskip,354
2017,2.9  Laun v/skrifstofu,Ísfisktogarar,151
2017,2.9  Laun v/skrifstofu,Frystitogarar,746
2017,2.10 Skrifst.kostnaður,Samtals,2552
2017,2.10 Skrifst.kostnaður,Bátar undir 10 brl.,453
2017,2.10 Skrifst.kostnaður,Bátar 10-200 brl.,863
2017,2.10 Skrifst.kostnaður,Bátar > 200 brl.,502
2017,2.10 Skrifst.kostnaður,Uppsjávarveiðiskip,242
2017,2.10 Skrifst.kostnaður,Ísfisktogarar,295
2017,2.10 Skrifst.kostnaður,Frystitogarar,196
2017,2.11  Tryggingar,Samtals,1019
2017,2.11  Tryggingar,Bátar undir 10 brl.,38
2017,2.11  Tryggingar,Bátar 10-200 brl.,173
2017,2.11  Tryggingar,Bátar > 200 brl.,181
2017,2.11  Tryggingar,Uppsjávarveiðiskip,146
2017,2.11  Tryggingar,Ísfisktogarar,228
2017,2.11  Tryggingar,Frystitogarar,253
2017,2.12 Sölukostnaður,Samtals,2123
2017,2.12 Sölukostnaður,Bátar undir 10 brl.,3
2017,2.12 Sölukostnaður,Bátar 10-200 brl.,196
2017,2.12 Sölukostnaður,Bátar > 200 brl.,614
2017,2.12 Sölukostnaður,Uppsjávarveiðiskip,48
2017,2.12 Sölukostnaður,Ísfisktogarar,533
2017,2.12 Sölukostnaður,Frystitogarar,728
2017,2.13 Löndunarkostnaður,Samtals,2139
2017,2.13 Löndunarkostnaður,Bátar undir 10 brl.,5
2017,2.13 Löndunarkostnaður,Bátar 10-200 brl.,102
2017,2.13 Löndunarkostnaður,Bátar > 200 brl.,393
2017,2.13 Löndunarkostnaður,Uppsjávarveiðiskip,276
2017,2.13 Löndunarkostnaður,Ísfisktogarar,815
2017,2.13 Löndunarkostnaður,Frystitogarar,548
2017,2.14 Kvótaleiga,Samtals,0
2017,2.14 Kvótaleiga,Bátar undir 10 brl.,0
2017,2.14 Kvótaleiga,Bátar 10-200 brl.,0
2017,2.14 Kvótaleiga,Bátar > 200 brl.,0
2017,2.14 Kvótaleiga,Uppsjávarveiðiskip,0
2017,2.14 Kvótaleiga,Ísfisktogarar,0
2017,2.14 Kvótaleiga,Frystitogarar,0
2017,2.15 Önnur gjöld,Samtals,19301
2017,2.15 Önnur gjöld,Bátar undir 10 brl.,1281
2017,2.15 Önnur gjöld,Bátar 10-200 brl.,5389
2017,2.15 Önnur gjöld,Bátar > 200 brl.,4960
2017,2.15 Önnur gjöld,Uppsjávarveiðiskip,2311
2017,2.15 Önnur gjöld,Ísfisktogarar,2625
2017,2.15 Önnur gjöld,Frystitogarar,2734
2017,Verg hlutdeild fjármagns (EBITDA),Samtals,20713
2017,Verg hlutdeild fjármagns (EBITDA),Bátar undir 10 brl.,587
2017,Verg hlutdeild fjármagns (EBITDA),Bátar 10-200 brl.,3990
2017,Verg hlutdeild fjármagns (EBITDA),Bátar > 200 brl.,2609
2017,Verg hlutdeild fjármagns (EBITDA),Uppsjávarveiðiskip,4507
2017,Verg hlutdeild fjármagns (EBITDA),Ísfisktogarar,3681
2017,Verg hlutdeild fjármagns (EBITDA),Frystitogarar,5340
2017,"EBITDA sem hlutfall af tekjum, %",Samtals,18.1
2017,"EBITDA sem hlutfall af tekjum, %",Bátar undir 10 brl.,12.9
2017,"EBITDA sem hlutfall af tekjum, %",Bátar 10-200 brl.,19.1
2017,"EBITDA sem hlutfall af tekjum, %",Bátar > 200 brl.,11.9
2017,"EBITDA sem hlutfall af tekjum, %",Uppsjávarveiðiskip,25.6
2017,"EBITDA sem hlutfall af tekjum, %",Ísfisktogarar,19.2
2017,"EBITDA sem hlutfall af tekjum, %",Frystitogarar,17.5
2017,Afskriftir,Samtals,6703
2017,Afskriftir,Bátar undir 10 brl.,647
2017,Afskriftir,Bátar 10-200 brl.,1135
2017,Afskriftir,Bátar > 200 brl.,1014
2017,Afskriftir,Uppsjávarveiðiskip,1673
2017,Afskriftir,Ísfisktogarar,600
2017,Afskriftir,Frystitogarar,1634
2017,Verðbreytingarfærsla og vextir,Samtals,6430
2017,Verðbreytingarfærsla og vextir,Bátar undir 10 brl.,268
2017,Verðbreytingarfærsla og vextir,Bátar 10-200 brl.,1864
2017,Verðbreytingarfærsla og vextir,Bátar > 200 brl.,931
2017,Verðbreytingarfærsla og vextir,Uppsjávarveiðiskip,950
2017,Verðbreytingarfærsla og vextir,Ísfisktogarar,650
2017,Verðbreytingarfærsla og vextir,Frystitogarar,1769
2017,Hreinn hagnaður (EBT),Samtals,7580
2017,Hreinn hagnaður (EBT),Bátar undir 10 brl.,-327
2017,Hreinn hagnaður (EBT),Bátar 10-200 brl.,991
2017,Hreinn hagnaður (EBT),Bátar > 200 brl.,664
2017,Hreinn hagnaður (EBT),Uppsjávarveiðiskip,1884
2017,Hreinn hagnaður (EBT),Ísfisktogarar,2431
2017,Hreinn hagnaður (EBT),Frystitogarar,1937
2017,"Hreinn hagnaður sem hlutfall af tekjum, %",Samtals,6.6
2017,"Hreinn hagnaður sem hlutfall af tekjum, %",Bátar undir 10 brl.,-7.2
2017,"Hreinn hagnaður sem hlutfall af tekjum, %",Bátar 10-200 brl.,4.8
2017,"Hreinn hagnaður sem hlutfall af tekjum, %",Bátar > 200 brl.,3.0
2017,"Hreinn hagnaður sem hlutfall af tekjum, %",Uppsjávarveiðiskip,10.7
2017,"Hreinn hagnaður sem hlutfall af tekjum, %",Ísfisktogarar,12.7
2017,"Hreinn hagnaður sem hlutfall af tekjum, %",Frystitogarar,6.3
2017,"Árgreiðsla, 6%",Samtals,18251.5
2017,"Árgreiðsla, 6%",Bátar undir 10 brl.,1113.0
2017,"Árgreiðsla, 6%",Bátar 10-200 brl.,1673.9
2017,"Árgreiðsla, 6%",Bátar > 200 brl.,2919.2
2017,"Árgreiðsla, 6%",Uppsjávarveiðiskip,5824.5
2017,"Árgreiðsla, 6%",Ísfisktogarar,3214.4
2017,"Árgreiðsla, 6%",Frystitogarar,3506.7
2017,Hreinn hagnaður - árgreiðsla,Samtals,2461
2017,Hreinn hagnaður - árgreiðsla,Bátar undir 10 brl.,-526
2017,Hreinn hagnaður - árgreiðsla,Bátar 10-200 brl.,2316
2017,Hreinn hagnaður - árgreiðsla,Bátar > 200 brl.,-310
2017,Hreinn hagnaður - árgreiðsla,Uppsjávarveiðiskip,-1318
2017,Hreinn hagnaður - árgreiðsla,Ísfisktogarar,466
2017,Hreinn hagnaður - árgreiðsla,Frystitogarar,1833
2017,"sem hlutfall af tekjum, %",Samtals,2.1
2017,"sem hlutfall af tekjum, %",Bátar undir 10 brl.,-11.6
2017,"sem hlutfall af tekjum, %",Bátar 10-200 brl.,11.1
2017,"sem hlutfall af tekjum, %",Bátar > 200 brl.,-1.4
2017,"sem hlutfall af tekjum, %",Uppsjávarveiðiskip,-7.5
2017,"sem hlutfall af tekjum, %",Ísfisktogarar,2.4
2017,"sem hlutfall af tekjum, %",Frystitogarar,6.0
2018,1. Tekjur alls,Samtals,133635
2018,1. Tekjur alls,Bátar undir 10 brl.,5292
2018,1. Tekjur alls,Bátar 10-200 brl.,21499
2018,1. Tekjur alls,Bátar > 200 brl.,27362
2018,1. Tekjur alls,Uppsjávarveiðiskip,20914
2018,1. Tekjur alls,Ísfisktogarar,28750
2018,1. Tekjur alls,Frystitogarar,29818
2018,1.1  Útflutningstekjur,Samtals,37315
2018,1.1  Útflutningstekjur,Bátar undir 10 brl.,0
2018,1.1  Útflutningstekjur,Bátar 10-200 brl.,112
2018,1.1  Útflutningstekjur,Bátar > 200 brl.,4534
2018,1.1  Útflutningstekjur,Uppsjávarveiðiskip,174
2018,1.1  Útflutningstekjur,Ísfisktogarar,4663
2018,1.1  Útflutningstekjur,Frystitogarar,27832
2018,1.2  Selt hráefni,Samtals,90623
2018,1.2  Selt hráefni,Bátar undir 10 brl.,4838
2018,1.2  Selt hráefni,Bátar 10-200 brl.,20571
2018,1.2  Selt hráefni,Bátar > 200 brl.,22430
2018,1.2  Selt hráefni,Uppsjávarveiðiskip,19197
2018,1.2  Selt hráefni,Ísfisktogarar,22545
2018,1.2  Selt hráefni,Frystitogarar,1041
2018,1.3  Aðrar tekjur,Samtals,5697
2018,1.3  Aðrar tekjur,Bátar undir 10 brl.,454
2018,1.3  Aðrar tekjur,Bátar 10-200 brl.,816
2018,1.3  Aðrar tekjur,Bátar > 200 brl.,397
2018,1.3  Aðrar tekjur,Uppsjávarveiðiskip,1543
2018,1.3  Aðrar tekjur,Ísfisktogarar,1542
2018,1.3  Aðrar tekjur,Frystitogarar,945
2018,2  Gjöld alls,Samtals,109629
2018,2  Gjöld alls,Bátar undir 10 brl.,4292
2018,2  Gjöld alls,Bátar 10-200 brl.,18276
2018,2  Gjöld alls,Bátar > 200 brl.,24331
2018,2  Gjöld alls,Uppsjávarveiðiskip,16942
2018,2  Gjöld alls,Ísfisktogarar,22543
2018,2  Gjöld alls,Frystitogarar,23244
2018,2.1  Aflahlutir,Samtals,34097
2018,2.1  Aflahlutir,Bátar undir 10 brl.,948
2018,2.1  Aflahlutir,Bátar 10-200 brl.,4917
2018,2.1  Aflahlutir,Bátar > 200 brl.,7169
2018,2.1  Aflahlutir,Uppsjávarveiðiskip,4905
2018,2.1  Aflahlutir,Ísfisktogarar,7171
2018,2.1  Aflahlutir,Frystitogarar,8986
2018,2.2  Önnur laun,Samtals,6064
2018,2.2  Önnur laun,Bátar undir 10 brl.,27
2018,2.2  Önnur laun,Bátar 10-200 brl.,1705
2018,2.2  Önnur laun,Bátar > 200 brl.,1750
2018,2.2  Önnur laun,Uppsjávarveiðiskip,120
2018,2.2  Önnur laun,Ísfisktogarar,1240
2018,2.2  Önnur laun,Frystitogarar,1223
2018,2.3  Launatengd gjöld,Samtals,7943
2018,2.3  Launatengd gjöld,Bátar undir 10 brl.,185
2018,2.3  Launatengd gjöld,Bátar 10-200 brl.,1361
2018,2.3  Launatengd gjöld,Bátar > 200 brl.,1794
2018,2.3  Launatengd gjöld,Uppsjávarveiðiskip,957
2018,2.3  Launatengd gjöld,Ísfisktogarar,1786
2018,2.3  Launatengd gjöld,Frystitogarar,1860
2018,2.4  Olíur,Samtals,11417
2018,2.4  Olíur,Bátar undir 10 brl.,276
2018,2.4  Olíur,Bátar 10-200 brl.,1119
2018,2.4  Olíur,Bátar > 200 brl.,1425
2018,2.4  Olíur,Uppsjávarveiðiskip,3007
2018,2.4  Olíur,Ísfisktogarar,2868
2018,2.4  Olíur,Frystitogarar,2723
2018,2.5  Veiðarfæri,Samtals,4665
2018,2.5  Veiðarfæri,Bátar undir 10 brl.,131
2018,2.5  Veiðarfæri,Bátar 10-200 brl.,807
2018,2.5  Veiðarfæri,Bátar > 200 brl.,417
2018,2.5  Veiðarfæri,Uppsjávarveiðiskip,1950
2018,2.5  Veiðarfæri,Ísfisktogarar,665
2018,2.5  Veiðarfæri,Frystitogarar,695
2018,2.6  Viðhald,Samtals,9050
2018,2.6  Viðhald,Bátar undir 10 brl.,466
2018,2.6  Viðhald,Bátar 10-200 brl.,1008
2018,2.6  Viðhald,Bátar > 200 brl.,2064
2018,2.6  Viðhald,Uppsjávarveiðiskip,1388
2018,2.6  Viðhald,Ísfisktogarar,1899
2018,2.6  Viðhald,Frystitogarar,2226
2018,2.7  Frystikostn. umbúðir og fl.,Samtals,1005
2018,2.7  Frystikostn. umbúðir og fl.,Bátar undir 10 brl.,0
2018,2.7  Frystikostn. umbúðir og fl.,Bátar 10-200 brl.,0
2018,2.7  Frystikostn. umbúðir og fl.,Bátar > 200 brl.,0
2018,2.7  Frystikostn. umbúðir og fl.,Uppsjávarveiðiskip,0
2018,2.7  Frystikostn. umbúðir og fl.,Ísfisktogarar,0
2018,2.7  Frystikostn. umbúðir og fl.,Frystitogarar,1005
2018,2.8  Flutningskostnaður,Samtals,1542
2018,2.8  Flutningskostnaður,Bátar undir 10 brl.,285
2018,2.8  Flutningskostnaður,Bátar 10-200 brl.,395
2018,2.8  Flutningskostnaður,Bátar > 200 brl.,274
2018,2.8  Flutningskostnaður,Uppsjávarveiðiskip,12
2018,2.8  Flutningskostnaður,Ísfisktogarar,149
2018,2.8  Flutningskostnaður,Frystitogarar,427
2018,2.9  Laun v/skrifstofu,Samtals,1444
2018,2.9  Laun v/skrifstofu,Bátar undir 10 brl.,1
2018,2.9  Laun v/skrifstofu,Bátar 10-200 brl.,101
2018,2.9  Laun v/skrifstofu,Bátar > 200 brl.,246
2018,2.9  Laun v/skrifstofu,Uppsjávarveiðiskip,189
2018,2.9  Laun v/skrifstofu,Ísfisktogarar,319
2018,2.9  Laun v/skrifstofu,Frystitogarar,589
2018,2.10 Skrifst.kostnaður,Samtals,2556
2018,2.10 Skrifst.kostnaður,Bátar undir 10 brl.,507
2018,2.10 Skrifst.kostnaður,Bátar 10-200 brl.,941
2018,2.10 Skrifst.kostnaður,Bátar > 200 brl.,559
2018,2.10 Skrifst.kostnaður,Uppsjávarveiðiskip,305
2018,2.10 Skrifst.kostnaður,Ísfisktogarar,218
2018,2.10 Skrifst.kostnaður,Frystitogarar,26
2018,2.11  Tryggingar,Samtals,1028
2018,2.11  Tryggingar,Bátar undir 10 brl.,35
2018,2.11  Tryggingar,Bátar 10-200 brl.,143
2018,2.11  Tryggingar,Bátar > 200 brl.,183
2018,2.11  Tryggingar,Uppsjávarveiðiskip,140
2018,2.11  Tryggingar,Ísfisktogarar,328
2018,2.11  Tryggingar,Frystitogarar,199
2018,2.12 Sölukostnaður,Samtals,2304
2018,2.12 Sölukostnaður,Bátar undir 10 brl.,1
2018,2.12 Sölukostnaður,Bátar 10-200 brl.,180
2018,2.12 Sölukostnaður,Bátar > 200 brl.,591
2018,2.12 Sölukostnaður,Uppsjávarveiðiskip,29
2018,2.12 Sölukostnaður,Ísfisktogarar,807
2018,2.12 Sölukostnaður,Frystitogarar,696
2018,2.13 Löndunarkostnaður,Samtals,2856
2018,2.13 Löndunarkostnaður,Bátar undir 10 brl.,1
2018,2.13 Löndunarkostnaður,Bátar 10-200 brl.,284
2018,2.13 Löndunarkostnaður,Bátar > 200 brl.,465
2018,2.13 Löndunarkostnaður,Uppsjávarveiðiskip,417
2018,2.13 Löndunarkostnaður,Ísfisktogarar,1161
2018,2.13 Löndunarkostnaður,Frystitogarar,529
2018,2.14 Kvótaleiga,Samtals,0
2018,2.14 Kvótaleiga,Bátar undir 10 brl.,0
2018,2.14 Kvótaleiga,Bátar 10-200 brl.,0
2018,2.14 Kvótaleiga,Bátar > 200 brl.,0
2018,2.14 Kvótaleiga,Uppsjávarveiðiskip,0
2018,2.14 Kvótaleiga,Ísfisktogarar,0
2018,2.14 Kvótaleiga,Frystitogarar,0
2018,2.15 Önnur gjöld,Samtals,23658
2018,2.15 Önnur gjöld,Bátar undir 10 brl.,1431
2018,2.15 Önnur gjöld,Bátar 10-200 brl.,5314
2018,2.15 Önnur gjöld,Bátar > 200 brl.,7395
2018,2.15 Önnur gjöld,Uppsjávarveiðiskip,3523
2018,2.15 Önnur gjöld,Ísfisktogarar,3933
2018,2.15 Önnur gjöld,Frystitogarar,2061
2018,Verg hlutdeild fjármagns (EBITDA),Samtals,24006
2018,Verg hlutdeild fjármagns (EBITDA),Bátar undir 10 brl.,1000
2018,Verg hlutdeild fjármagns (EBITDA),Bátar 10-200 brl.,3223
2018,Verg hlutdeild fjármagns (EBITDA),Bátar > 200 brl.,3030
2018,Verg hlutdeild fjármagns (EBITDA),Uppsjávarveiðiskip,3971
2018,Verg hlutdeild fjármagns (EBITDA),Ísfisktogarar,6207
2018,Verg hlutdeild fjármagns (EBITDA),Frystitogarar,6574
2018,"EBITDA sem hlutfall af tekjum, %",Samtals,18.0
2018,"EBITDA sem hlutfall af tekjum, %",Bátar undir 10 brl.,18.9
2018,"EBITDA sem hlutfall af tekjum, %",Bátar 10-200 brl.,15.0
2018,"EBITDA sem hlutfall af tekjum, %",Bátar > 200 brl.,11.1
2018,"EBITDA sem hlutfall af tekjum, %",Uppsjávarveiðiskip,19.0
2018,"EBITDA sem hlutfall af tekjum, %",Ísfisktogarar,21.6
2018,"EBITDA sem hlutfall af tekjum, %",Frystitogarar,22.0
2018,Afskriftir,Samtals,7233
2018,Afskriftir,Bátar undir 10 brl.,516
2018,Afskriftir,Bátar 10-200 brl.,872
2018,Afskriftir,Bátar > 200 brl.,1255
2018,Afskriftir,Uppsjávarveiðiskip,1975
2018,Afskriftir,Ísfisktogarar,1444
2018,Afskriftir,Frystitogarar,1171
2018,Verðbreytingarfærsla og vextir,Samtals,6891
2018,Verðbreytingarfærsla og vextir,Bátar undir 10 brl.,283
2018,Verðbreytingarfærsla og vextir,Bátar 10-200 brl.,2705
2018,Verðbreytingarfærsla og vextir,Bátar > 200 brl.,2232
2018,Verðbreytingarfærsla og vextir,Uppsjávarveiðiskip,937
2018,Verðbreytingarfærsla og vextir,Ísfisktogarar,800
2018,Verðbreytingarfærsla og vextir,Frystitogarar,-66
2018,Hreinn hagnaður (EBT),Samtals,9882
2018,Hreinn hagnaður (EBT),Bátar undir 10 brl.,201
2018,Hreinn hagnaður (EBT),Bátar 10-200 brl.,-354
2018,Hreinn hagnaður (EBT),Bátar > 200 brl.,-456
2018,Hreinn hagnaður (EBT),Uppsjávarveiðiskip,1060
2018,Hreinn hagnaður (EBT),Ísfisktogarar,3963
2018,Hreinn hagnaður (EBT),Frystitogarar,5469
2018,"Hreinn hagnaður sem hlutfall af tekjum, %",Samtals,7.4
2018,"Hreinn hagnaður sem hlutfall af tekjum, %",Bátar undir 10 brl.,3.8
2018,"Hreinn hagnaður sem hlutfall af tekjum, %",Bátar 10-200 brl.,-1.6
2018,"Hreinn hagnaður sem hlutfall af tekjum, %",Bátar > 200 brl.,-1.7
2018,"Hreinn hagnaður sem hlutfall af tekjum, %",Uppsjávarveiðiskip,5.1
2018,"Hreinn hagnaður sem hlutfall af tekjum, %",Ísfisktogarar,13.8
2018,"Hreinn hagnaður sem hlutfall af tekjum, %",Frystitogarar,18.3
2018,"Árgreiðsla, 6%",Samtals,19674.8
2018,"Árgreiðsla, 6%",Bátar undir 10 brl.,1063.8
2018,"Árgreiðsla, 6%",Bátar 10-200 brl.,1526.4
2018,"Árgreiðsla, 6%",Bátar > 200 brl.,3308.8
2018,"Árgreiðsla, 6%",Uppsjávarveiðiskip,5825.5
2018,"Árgreiðsla, 6%",Ísfisktogarar,5541.4
2018,"Árgreiðsla, 6%",Frystitogarar,2408.8
2018,Hreinn hagnaður - árgreiðsla,Samtals,4331
2018,Hreinn hagnaður - árgreiðsla,Bátar undir 10 brl.,-64
2018,Hreinn hagnaður - árgreiðsla,Bátar 10-200 brl.,1696
2018,Hreinn hagnaður - árgreiðsla,Bátar > 200 brl.,-278
2018,Hreinn hagnaður - árgreiðsla,Uppsjávarveiðiskip,-1854
2018,Hreinn hagnaður - árgreiðsla,Ísfisktogarar,666
2018,Hreinn hagnaður - árgreiðsla,Frystitogarar,4165
2018,"sem hlutfall af tekjum, %",Samtals,3.2
2018,"sem hlutfall af tekjum, %",Bátar undir 10 brl.,-1.2
2018,"sem hlutfall af tekjum, %",Bátar 10-200 brl.,7.9
2018,"sem hlutfall af tekjum, %",Bátar > 200 brl.,-1.0
2018,"sem hlutfall af tekjum, %",Uppsjávarveiðiskip,-8.9
2018,"sem hlutfall af tekjum, %",Ísfisktogarar,2.3
2018,"sem hlutfall af tekjum, %",Frystitogarar,14.0
2019,1. Tekjur alls,Samtals,151572
2019,1. Tekjur alls,Bátar undir 10 brl.,6105
2019,1. Tekjur alls,Bátar 10-200 brl.,24821
2019,1. Tekjur alls,Bátar > 200 brl.,29179
2019,1. Tekjur alls,Uppsjávarveiðiskip,19810
2019,1. Tekjur alls,Ísfisktogarar,31942
2019,1. Tekjur alls,Frystitogarar,39714
2019,1.1  Útflutningstekjur,Samtals,44949
2019,1.1  Útflutningstekjur,Bátar undir 10 brl.,0
2019,1.1  Útflutningstekjur,Bátar 10-200 brl.,156
2019,1.1  Útflutningstekjur,Bátar > 200 brl.,2404
2019,1.1  Útflutningstekjur,Uppsjávarveiðiskip,757
2019,1.1  Útflutningstekjur,Ísfisktogarar,3808
2019,1.1  Útflutningstekjur,Frystitogarar,37825
2019,1.2  Selt hráefni,Samtals,100127
2019,1.2  Selt hráefni,Bátar undir 10 brl.,5735
2019,1.2  Selt hráefni,Bátar 10-200 brl.,23883
2019,1.2  Selt hráefni,Bátar > 200 brl.,25277
2019,1.2  Selt hráefni,Uppsjávarveiðiskip,18513
2019,1.2  Selt hráefni,Ísfisktogarar,26223
2019,1.2  Selt hráefni,Frystitogarar,496
2019,1.3  Aðrar tekjur,Samtals,6496
2019,1.3  Aðrar tekjur,Bátar undir 10 brl.,370
2019,1.3  Aðrar tekjur,Bátar 10-200 brl.,781
2019,1.3  Aðrar tekjur,Bátar > 200 brl.,1499
2019,1.3  Aðrar tekjur,Uppsjávarveiðiskip,540
2019,1.3  Aðrar tekjur,Ísfisktogarar,1912
2019,1.3  Aðrar tekjur,Frystitogarar,1394
2019,2  Gjöld alls,Samtals,116410
2019,2  Gjöld alls,Bátar undir 10 brl.,4881
2019,2  Gjöld alls,Bátar 10-200 brl.,20215
2019,2  Gjöld alls,Bátar > 200 brl.,22148
2019,2  Gjöld alls,Uppsjávarveiðiskip,15055
2019,2  Gjöld alls,Ísfisktogarar,23240
2019,2  Gjöld alls,Frystitogarar,30871
2019,2.1  Aflahlutir,Samtals,43458
2019,2.1  Aflahlutir,Bátar undir 10 brl.,1142
2019,2.1  Aflahlutir,Bátar 10-200 brl.,7703
2019,2.1  Aflahlutir,Bátar > 200 brl.,8024
2019,2.1  Aflahlutir,Uppsjávarveiðiskip,5056
2019,2.1  Aflahlutir,Ísfisktogarar,9003
2019,2.1  Aflahlutir,Frystitogarar,12530
2019,2.2  Önnur laun,Samtals,0
2019,2.2  Önnur laun,Bátar undir 10 brl.,0
2019,2.2  Önnur laun,Bátar 10-200 brl.,0
2019,2.2  Önnur laun,Bátar > 200 brl.,0
2019,2.2  Önnur laun,Uppsjávarveiðiskip,0
2019,2.2  Önnur laun,Ísfisktogarar,0
2019,2.2  Önnur laun,Frystitogarar,0
2019,2.3  Launatengd gjöld,Samtals,8270
2019,2.3  Launatengd gjöld,Bátar undir 10 brl.,119
2019,2.3  Launatengd gjöld,Bátar 10-200 brl.,1139
2019,2.3  Launatengd gjöld,Bátar > 200 brl.,1353
2019,2.3  Launatengd gjöld,Uppsjávarveiðiskip,1098
2019,2.3  Launatengd gjöld,Ísfisktogarar,2003
2019,2.3  Launatengd gjöld,Frystitogarar,2558
2019,2.4  Olíur,Samtals,12305
2019,2.4  Olíur,Bátar undir 10 brl.,353
2019,2.4  Olíur,Bátar 10-200 brl.,927
2019,2.4  Olíur,Bátar > 200 brl.,1884
2019,2.4  Olíur,Uppsjávarveiðiskip,3272
2019,2.4  Olíur,Ísfisktogarar,2634
2019,2.4  Olíur,Frystitogarar,3235
2019,2.5  Veiðarfæri,Samtals,4768
2019,2.5  Veiðarfæri,Bátar undir 10 brl.,18
2019,2.5  Veiðarfæri,Bátar 10-200 brl.,353
2019,2.5  Veiðarfæri,Bátar > 200 brl.,1359
2019,2.5  Veiðarfæri,Uppsjávarveiðiskip,1236
2019,2.5  Veiðarfæri,Ísfisktogarar,944
2019,2.5  Veiðarfæri,Frystitogarar,858
2019,2.6  Viðhald,Samtals,8973
2019,2.6  Viðhald,Bátar undir 10 brl.,554
2019,2.6  Viðhald,Bátar 10-200 brl.,1339
2019,2.6  Viðhald,Bátar > 200 brl.,1592
2019,2.6  Viðhald,Uppsjávarveiðiskip,1454
2019,2.6  Viðhald,Ísfisktogarar,1954
2019,2.6  Viðhald,Frystitogarar,2081
2019,2.7  Frystikostn. umbúðir og fl.,Samtals,992
2019,2.7  Frystikostn. umbúðir og fl.,Bátar undir 10 brl.,0
2019,2.7  Frystikostn. umbúðir og fl.,Bátar 10-200 brl.,0
2019,2.7  Frystikostn. umbúðir og fl.,Bátar > 200 brl.,0
2019,2.7  Frystikostn. umbúðir og fl.,Uppsjávarveiðiskip,0
2019,2.7  Frystikostn. umbúðir og fl.,Ísfisktogarar,0
2019,2.7  Frystikostn. umbúðir og fl.,Frystitogarar,992
2019,2.8  Flutningskostnaður,Samtals,1365
2019,2.8  Flutningskostnaður,Bátar undir 10 brl.,250
2019,2.8  Flutningskostnaður,Bátar 10-200 brl.,301
2019,2.8  Flutningskostnaður,Bátar > 200 brl.,358
2019,2.8  Flutningskostnaður,Uppsjávarveiðiskip,18
2019,2.8  Flutningskostnaður,Ísfisktogarar,56
2019,2.8  Flutningskostnaður,Frystitogarar,384
2019,2.9  Laun v/skrifstofu,Samtals,940
2019,2.9  Laun v/skrifstofu,Bátar undir 10 brl.,0
2019,2.9  Laun v/skrifstofu,Bátar 10-200 brl.,155
2019,2.9  Laun v/skrifstofu,Bátar > 200 brl.,100
2019,2.9  Laun v/skrifstofu,Uppsjávarveiðiskip,386
2019,2.9  Laun v/skrifstofu,Ísfisktogarar,189
2019,2.9  Laun v/skrifstofu,Frystitogarar,110
2019,2.10 Skrifst.kostnaður,Samtals,1108
2019,2.10 Skrifst.kostnaður,Bátar undir 10 brl.,166
2019,2.10 Skrifst.kostnaður,Bátar 10-200 brl.,419
2019,2.10 Skrifst.kostnaður,Bátar > 200 brl.,235
2019,2.10 Skrifst.kostnaður,Uppsjávarveiðiskip,107
2019,2.10 Skrifst.kostnaður,Ísfisktogarar,95
2019,2.10 Skrifst.kostnaður,Frystitogarar,86
2019,2.11  Tryggingar,Samtals,1785
2019,2.11  Tryggingar,Bátar undir 10 brl.,163
2019,2.11  Tryggingar,Bátar 10-200 brl.,446
2019,2.11  Tryggingar,Bátar > 200 brl.,289
2019,2.11  Tryggingar,Uppsjávarveiðiskip,342
2019,2.11  Tryggingar,Ísfisktogarar,305
2019,2.11  Tryggingar,Frystitogarar,241
2019,2.12 Sölukostnaður,Samtals,2282
2019,2.12 Sölukostnaður,Bátar undir 10 brl.,10
2019,2.12 Sölukostnaður,Bátar 10-200 brl.,199
2019,2.12 Sölukostnaður,Bátar > 200 brl.,454
2019,2.12 Sölukostnaður,Uppsjávarveiðiskip,175
2019,2.12 Sölukostnaður,Ísfisktogarar,1261
2019,2.12 Sölukostnaður,Frystitogarar,184
2019,2.13 Löndunarkostnaður,Samtals,2988
2019,2.13 Löndunarkostnaður,Bátar undir 10 brl.,6
2019,2.13 Löndunarkostnaður,Bátar 10-200 brl.,283
2019,2.13 Löndunarkostnaður,Bátar > 200 brl.,467
2019,2.13 Löndunarkostnaður,Uppsjávarveiðiskip,381
2019,2.13 Löndunarkostnaður,Ísfisktogarar,1124
2019,2.13 Löndunarkostnaður,Frystitogarar,726
2019,2.14 Kvótaleiga,Samtals,0
2019,2.14 Kvótaleiga,Bátar undir 10 brl.,0
2019,2.14 Kvótaleiga,Bátar 10-200 brl.,0
2019,2.14 Kvótaleiga,Bátar > 200 brl.,0
2019,2.14 Kvótaleiga,Uppsjávarveiðiskip,0
2019,2.14 Kvótaleiga,Ísfisktogarar,0
2019,2.14 Kvótaleiga,Frystitogarar,0
2019,2.15 Önnur gjöld,Samtals,27175
2019,2.15 Önnur gjöld,Bátar undir 10 brl.,2102
2019,2.15 Önnur gjöld,Bátar 10-200 brl.,6951
2019,2.15 Önnur gjöld,Bátar > 200 brl.,6033
2019,2.15 Önnur gjöld,Uppsjávarveiðiskip,1531
2019,2.15 Önnur gjöld,Ísfisktogarar,3672
2019,2.15 Önnur gjöld,Frystitogarar,6886
2019,Verg hlutdeild fjármagns (EBITDA),Samtals,35162
2019,Verg hlutdeild fjármagns (EBITDA),Bátar undir 10 brl.,1223
2019,Verg hlutdeild fjármagns (EBITDA),Bátar 10-200 brl.,4606
2019,Verg hlutdeild fjármagns (EBITDA),Bátar > 200 brl.,7031
2019,Verg hlutdeild fjármagns (EBITDA),Uppsjávarveiðiskip,4756
2019,Verg hlutdeild fjármagns (EBITDA),Ísfisktogarar,8702
2019,Verg hlutdeild fjármagns (EBITDA),Frystitogarar,8844
2019,"EBITDA sem hlutfall af tekjum, %",Samtals,23.2
2019,"EBITDA sem hlutfall af tekjum, %",Bátar undir 10 brl.,20.0
2019,"EBITDA sem hlutfall af tekjum, %",Bátar 10-200 brl.,18.6
2019,"EBITDA sem hlutfall af tekjum, %",Bátar > 200 brl.,24.1
2019,"EBITDA sem hlutfall af tekjum, %",Uppsjávarveiðiskip,24.0
2019,"EBITDA sem hlutfall af tekjum, %",Ísfisktogarar,27.2
2019,"EBITDA sem hlutfall af tekjum, %",Frystitogarar,22.3
2019,Afskriftir,Samtals,7995
2019,Afskriftir,Bátar undir 10 brl.,618
2019,Afskriftir,Bátar 10-200 brl.,1022
2019,Afskriftir,Bátar > 200 brl.,1701
2019,Afskriftir,Uppsjávarveiðiskip,2338
2019,Afskriftir,Ísfisktogarar,1247
2019,Afskriftir,Frystitogarar,1069
2019,Verðbreytingarfærsla og vextir,Samtals,6999
2019,Verðbreytingarfærsla og vextir,Bátar undir 10 brl.,188
2019,Verðbreytingarfærsla og vextir,Bátar 10-200 brl.,1872
2019,Verðbreytingarfærsla og vextir,Bátar > 200 brl.,1131
2019,Verðbreytingarfærsla og vextir,Uppsjávarveiðiskip,797
2019,Verðbreytingarfærsla og vextir,Ísfisktogarar,1138
2019,Verðbreytingarfærsla og vextir,Frystitogarar,1873
2019,Hreinn hagnaður (EBT),Samtals,20167
2019,Hreinn hagnaður (EBT),Bátar undir 10 brl.,417
2019,Hreinn hagnaður (EBT),Bátar 10-200 brl.,1712
2019,Hreinn hagnaður (EBT),Bátar > 200 brl.,4199
2019,Hreinn hagnaður (EBT),Uppsjávarveiðiskip,1621
2019,Hreinn hagnaður (EBT),Ísfisktogarar,6317
2019,Hreinn hagnaður (EBT),Frystitogarar,5901
2019,"Hreinn hagnaður sem hlutfall af tekjum, %",Samtals,13.3
2019,"Hreinn hagnaður sem hlutfall af tekjum, %",Bátar undir 10 brl.,6.8
2019,"Hreinn hagnaður sem hlutfall af tekjum, %",Bátar 10-200 brl.,6.9
2019,"Hreinn hagnaður sem hlutfall af tekjum, %",Bátar > 200 brl.,14.4
2019,"Hreinn hagnaður sem hlutfall af tekjum, %",Uppsjávarveiðiskip,8.2
2019,"Hreinn hagnaður sem hlutfall af tekjum, %",Ísfisktogarar,19.8
2019,"Hreinn hagnaður sem hlutfall af tekjum, %",Frystitogarar,14.9
2019,"Árgreiðsla, 6%",Samtals,18695.1
2019,"Árgreiðsla, 6%",Bátar undir 10 brl.,1053.9
2019,"Árgreiðsla, 6%",Bátar 10-200 brl.,902.0
2019,"Árgreiðsla, 6%",Bátar > 200 brl.,2650.1
2019,"Árgreiðsla, 6%",Uppsjávarveiðiskip,5620.7
2019,"Árgreiðsla, 6%",Ísfisktogarar,5799.2
2019,"Árgreiðsla, 6%",Frystitogarar,2669.2
2019,Hreinn hagnaður - árgreiðsla,Samtals,16467
2019,Hreinn hagnaður - árgreiðsla,Bátar undir 10 brl.,170
2019,Hreinn hagnaður - árgreiðsla,Bátar 10-200 brl.,3704
2019,Hreinn hagnaður - árgreiðsla,Bátar > 200 brl.,4381
2019,Hreinn hagnaður - árgreiðsla,Uppsjávarveiðiskip,-865
2019,Hreinn hagnaður - árgreiðsla,Ísfisktogarar,2903
2019,Hreinn hagnaður - árgreiðsla,Frystitogarar,6175
2019,"sem hlutfall af tekjum, %",Samtals,10.9
2019,"sem hlutfall af tekjum, %",Bátar undir 10 brl.,2.8
2019,"sem hlutfall af tekjum, %",Bátar 10-200 brl.,14.9
2019,"sem hlutfall af tekjum, %",Bátar > 200 brl.,15.0
2019,"sem hlutfall af tekjum, %",Uppsjávarveiðiskip,-4.4
2019,"sem hlutfall af tekjum, %",Ísfisktogarar,9.1
2019,"sem hlutfall af tekjum, %",Frystitogarar,15.5
2020,1. Tekjur alls,Samtals,156598
2020,1. Tekjur alls,Bátar undir 10 brl.,5930
2020,1. Tekjur alls,Bátar 10-200 brl.,26103
2020,1. Tekjur alls,Bátar > 200 brl.,25161
2020,1. Tekjur alls,Uppsjávarveiðiskip,22450
2020,1. Tekjur alls,Ísfisktogarar,38860
2020,1. Tekjur alls,Frystitogarar,38094
2020,1.1  Útflutningstekjur,Samtals,44423
2020,1.1  Útflutningstekjur,Bátar undir 10 brl.,14
2020,1.1  Útflutningstekjur,Bátar 10-200 brl.,276
2020,1.1  Útflutningstekjur,Bátar > 200 brl.,756
2020,1.1  Útflutningstekjur,Uppsjávarveiðiskip,1192
2020,1.1  Útflutningstekjur,Ísfisktogarar,5571
2020,1.1  Útflutningstekjur,Frystitogarar,36614
2020,1.2  Selt hráefni,Samtals,103919
2020,1.2  Selt hráefni,Bátar undir 10 brl.,5378
2020,1.2  Selt hráefni,Bátar 10-200 brl.,25082
2020,1.2  Selt hráefni,Bátar > 200 brl.,23396
2020,1.2  Selt hráefni,Uppsjávarveiðiskip,20324
2020,1.2  Selt hráefni,Ísfisktogarar,29053
2020,1.2  Selt hráefni,Frystitogarar,685
2020,1.3  Aðrar tekjur,Samtals,8256
2020,1.3  Aðrar tekjur,Bátar undir 10 brl.,537
2020,1.3  Aðrar tekjur,Bátar 10-200 brl.,745
2020,1.3  Aðrar tekjur,Bátar > 200 brl.,1009
2020,1.3  Aðrar tekjur,Uppsjávarveiðiskip,934
2020,1.3  Aðrar tekjur,Ísfisktogarar,4236
2020,1.3  Aðrar tekjur,Frystitogarar,795
2020,2  Gjöld alls,Samtals,118681
2020,2  Gjöld alls,Bátar undir 10 brl.,4824
2020,2  Gjöld alls,Bátar 10-200 brl.,21300
2020,2  Gjöld alls,Bátar > 200 brl.,19465
2020,2  Gjöld alls,Uppsjávarveiðiskip,16581
2020,2  Gjöld alls,Ísfisktogarar,28489
2020,2  Gjöld alls,Frystitogarar,28021
2020,2.1  Aflahlutir,Samtals,39253
2020,2.1  Aflahlutir,Bátar undir 10 brl.,1077
2020,2.1  Aflahlutir,Bátar 10-200 brl.,6143
2020,2.1  Aflahlutir,Bátar > 200 brl.,5931
2020,2.1  Aflahlutir,Uppsjávarveiðiskip,5161
2020,2.1  Aflahlutir,Ísfisktogarar,9211
2020,2.1  Aflahlutir,Frystitogarar,11729
2020,2.2  Önnur laun,Samtals,5504
2020,2.2  Önnur laun,Bátar undir 10 brl.,100
2020,2.2  Önnur laun,Bátar 10-200 brl.,1607
2020,2.2  Önnur laun,Bátar > 200 brl.,1641
2020,2.2  Önnur laun,Uppsjávarveiðiskip,205
2020,2.2  Önnur laun,Ísfisktogarar,1416
2020,2.2  Önnur laun,Frystitogarar,535
2020,2.3  Launatengd gjöld,Samtals,9023
2020,2.3  Launatengd gjöld,Bátar undir 10 brl.,148
2020,2.3  Launatengd gjöld,Bátar 10-200 brl.,1274
2020,2.3  Launatengd gjöld,Bátar > 200 brl.,1519
2020,2.3  Launatengd gjöld,Uppsjávarveiðiskip,1078
2020,2.3  Launatengd gjöld,Ísfisktogarar,2167
2020,2.3  Launatengd gjöld,Frystitogarar,2838
2020,2.4  Olíur,Samtals,11401
2020,2.4  Olíur,Bátar undir 10 brl.,305
2020,2.4  Olíur,Bátar 10-200 brl.,1717
2020,2.4  Olíur,Bátar > 200 brl.,1655
2020,2.4  Olíur,Uppsjávarveiðiskip,2328
2020,2.4  Olíur,Ísfisktogarar,2557
2020,2.4  Olíur,Frystitogarar,2838
2020,2.5  Veiðarfæri,Samtals,6449
2020,2.5  Veiðarfæri,Bátar undir 10 brl.,86
2020,2.5  Veiðarfæri,Bátar 10-200 brl.,1002
2020,2.5  Veiðarfæri,Bátar > 200 brl.,493
2020,2.5  Veiðarfæri,Uppsjávarveiðiskip,2479
2020,2.5  Veiðarfæri,Ísfisktogarar,1367
2020,2.5  Veiðarfæri,Frystitogarar,1023
2020,2.6  Viðhald,Samtals,9672
2020,2.6  Viðhald,Bátar undir 10 brl.,460
2020,2.6  Viðhald,Bátar 10-200 brl.,1255
2020,2.6  Viðhald,Bátar > 200 brl.,1694
2020,2.6  Viðhald,Uppsjávarveiðiskip,1609
2020,2.6  Viðhald,Ísfisktogarar,2198
2020,2.6  Viðhald,Frystitogarar,2456
2020,2.7  Frystikostn. umbúðir og fl.,Samtals,835
2020,2.7  Frystikostn. umbúðir og fl.,Bátar undir 10 brl.,0
2020,2.7  Frystikostn. umbúðir og fl.,Bátar 10-200 brl.,0
2020,2.7  Frystikostn. umbúðir og fl.,Bátar > 200 brl.,0
2020,2.7  Frystikostn. umbúðir og fl.,Uppsjávarveiðiskip,0
2020,2.7  Frystikostn. umbúðir og fl.,Ísfisktogarar,0
2020,2.7  Frystikostn. umbúðir og fl.,Frystitogarar,835
2020,2.8  Flutningskostnaður,Samtals,1548
2020,2.8  Flutningskostnaður,Bátar undir 10 brl.,212
2020,2.8  Flutningskostnaður,Bátar 10-200 brl.,281
2020,2.8  Flutningskostnaður,Bátar > 200 brl.,305
2020,2.8  Flutningskostnaður,Uppsjávarveiðiskip,19
2020,2.8  Flutningskostnaður,Ísfisktogarar,250
2020,2.8  Flutningskostnaður,Frystitogarar,481
2020,2.9  Laun v/skrifstofu,Samtals,898
2020,2.9  Laun v/skrifstofu,Bátar undir 10 brl.,2
2020,2.9  Laun v/skrifstofu,Bátar 10-200 brl.,84
2020,2.9  Laun v/skrifstofu,Bátar > 200 brl.,215
2020,2.9  Laun v/skrifstofu,Uppsjávarveiðiskip,177
2020,2.9  Laun v/skrifstofu,Ísfisktogarar,144
2020,2.9  Laun v/skrifstofu,Frystitogarar,277
2020,2.10 Skrifst.kostnaður,Samtals,1630
2020,2.10 Skrifst.kostnaður,Bátar undir 10 brl.,239
2020,2.10 Skrifst.kostnaður,Bátar 10-200 brl.,519
2020,2.10 Skrifst.kostnaður,Bátar > 200 brl.,332
2020,2.10 Skrifst.kostnaður,Uppsjávarveiðiskip,284
2020,2.10 Skrifst.kostnaður,Ísfisktogarar,135
2020,2.10 Skrifst.kostnaður,Frystitogarar,121
2020,2.11  Tryggingar,Samtals,1572
2020,2.11  Tryggingar,Bátar undir 10 brl.,166
2020,2.11  Tryggingar,Bátar 10-200 brl.,241
2020,2.11  Tryggingar,Bátar > 200 brl.,232
2020,2.11  Tryggingar,Uppsjávarveiðiskip,207
2020,2.11  Tryggingar,Ísfisktogarar,374
2020,2.11  Tryggingar,Frystitogarar,352
2020,2.12 Sölukostnaður,Samtals,2317
2020,2.12 Sölukostnaður,Bátar undir 10 brl.,1
2020,2.12 Sölukostnaður,Bátar 10-200 brl.,198
2020,2.12 Sölukostnaður,Bátar > 200 brl.,190
2020,2.12 Sölukostnaður,Uppsjávarveiðiskip,267
2020,2.12 Sölukostnaður,Ísfisktogarar,1370
2020,2.12 Sölukostnaður,Frystitogarar,291
2020,2.13 Löndunarkostnaður,Samtals,3099
2020,2.13 Löndunarkostnaður,Bátar undir 10 brl.,29
2020,2.13 Löndunarkostnaður,Bátar 10-200 brl.,257
2020,2.13 Löndunarkostnaður,Bátar > 200 brl.,592
2020,2.13 Löndunarkostnaður,Uppsjávarveiðiskip,298
2020,2.13 Löndunarkostnaður,Ísfisktogarar,1132
2020,2.13 Löndunarkostnaður,Frystitogarar,791
2020,2.14 Kvótaleiga,Samtals,..
2020,2.14 Kvótaleiga,Bátar undir 10 brl.,..
2020,2.14 Kvótaleiga,Bátar 10-200 brl.,..
2020,2.14 Kvótaleiga,Bátar > 200 brl.,..
2020,2.14 Kvótaleiga,Uppsjávarveiðiskip,..
2020,2.14 Kvótaleiga,Ísfisktogarar,..
2020,2.14 Kvótaleiga,Frystitogarar,..
2020,2.15 Önnur gjöld,Samtals,25480
2020,2.15 Önnur gjöld,Bátar undir 10 brl.,1999
2020,2.15 Önnur gjöld,Bátar 10-200 brl.,6724
2020,2.15 Önnur gjöld,Bátar > 200 brl.,4665
2020,2.15 Önnur gjöld,Uppsjávarveiðiskip,2468
2020,2.15 Önnur gjöld,Ísfisktogarar,6167
2020,2.15 Önnur gjöld,Frystitogarar,3455
2020,Verg hlutdeild fjármagns (EBITDA),Samtals,37917
2020,Verg hlutdeild fjármagns (EBITDA),Bátar undir 10 brl.,1105
2020,Verg hlutdeild fjármagns (EBITDA),Bátar 10-200 brl.,4803
2020,Verg hlutdeild fjármagns (EBITDA),Bátar > 200 brl.,5696
2020,Verg hlutdeild fjármagns (EBITDA),Uppsjávarveiðiskip,5869
2020,Verg hlutdeild fjármagns (EBITDA),Ísfisktogarar,10371
2020,Verg hlutdeild fjármagns (EBITDA),Frystitogarar,10073
2020,"EBITDA sem hlutfall af tekjum, %",Samtals,24.2
2020,"EBITDA sem hlutfall af tekjum, %",Bátar undir 10 brl.,18.6
2020,"EBITDA sem hlutfall af tekjum, %",Bátar 10-200 brl.,18.4
2020,"EBITDA sem hlutfall af tekjum, %",Bátar > 200 brl.,22.6
2020,"EBITDA sem hlutfall af tekjum, %",Uppsjávarveiðiskip,26.1
2020,"EBITDA sem hlutfall af tekjum, %",Ísfisktogarar,26.7
2020,"EBITDA sem hlutfall af tekjum, %",Frystitogarar,26.4
2020,Afskriftir,Samtals,7539
2020,Afskriftir,Bátar undir 10 brl.,392
2020,Afskriftir,Bátar 10-200 brl.,1029
2020,Afskriftir,Bátar > 200 brl.,951
2020,Afskriftir,Uppsjávarveiðiskip,2027
2020,Afskriftir,Ísfisktogarar,1869
2020,Afskriftir,Frystitogarar,1271
2020,Verðbreytingarfærsla og vextir,Samtals,17000
2020,Verðbreytingarfærsla og vextir,Bátar undir 10 brl.,344
2020,Verðbreytingarfærsla og vextir,Bátar 10-200 brl.,5334
2020,Verðbreytingarfærsla og vextir,Bátar > 200 brl.,2434
2020,Verðbreytingarfærsla og vextir,Uppsjávarveiðiskip,1507
2020,Verðbreytingarfærsla og vextir,Ísfisktogarar,3814
2020,Verðbreytingarfærsla og vextir,Frystitogarar,3567
2020,Hreinn hagnaður (EBT),Samtals,13378
2020,Hreinn hagnaður (EBT),Bátar undir 10 brl.,369
2020,Hreinn hagnaður (EBT),Bátar 10-200 brl.,-1560
2020,Hreinn hagnaður (EBT),Bátar > 200 brl.,2312
2020,Hreinn hagnaður (EBT),Uppsjávarveiðiskip,2335
2020,Hreinn hagnaður (EBT),Ísfisktogarar,4687
2020,Hreinn hagnaður (EBT),Frystitogarar,5235
2020,"Hreinn hagnaður sem hlutfall af tekjum, %",Samtals,8.5
2020,"Hreinn hagnaður sem hlutfall af tekjum, %",Bátar undir 10 brl.,6.2
2020,"Hreinn hagnaður sem hlutfall af tekjum, %",Bátar 10-200 brl.,-6.0
2020,"Hreinn hagnaður sem hlutfall af tekjum, %",Bátar > 200 brl.,9.2
2020,"Hreinn hagnaður sem hlutfall af tekjum, %",Uppsjávarveiðiskip,10.4
2020,"Hreinn hagnaður sem hlutfall af tekjum, %",Ísfisktogarar,12.1
2020,"Hreinn hagnaður sem hlutfall af tekjum, %",Frystitogarar,13.7
2020,"Árgreiðsla, 6%",Samtals,18597.9
2020,"Árgreiðsla, 6%",Bátar undir 10 brl.,973.1
2020,"Árgreiðsla, 6%",Bátar 10-200 brl.,1036.7
2020,"Árgreiðsla, 6%",Bátar > 200 brl.,2353.1
2020,"Árgreiðsla, 6%",Uppsjávarveiðiskip,5777.2
2020,"Árgreiðsla, 6%",Ísfisktogarar,5611.3
2020,"Árgreiðsla, 6%",Frystitogarar,2846.5
2020,Hreinn hagnaður - árgreiðsla,Samtals,19319
2020,Hreinn hagnaður - árgreiðsla,Bátar undir 10 brl.,132
2020,Hreinn hagnaður - árgreiðsla,Bátar 10-200 brl.,3766
2020,Hreinn hagnaður - árgreiðsla,Bátar > 200 brl.,3343
2020,Hreinn hagnaður - árgreiðsla,Uppsjávarveiðiskip,92
2020,Hreinn hagnaður - árgreiðsla,Ísfisktogarar,4760
2020,Hreinn hagnaður - árgreiðsla,Frystitogarar,7227
2020,"sem hlutfall af tekjum, %",Samtals,12.3
2020,"sem hlutfall af tekjum, %",Bátar undir 10 brl.,2.2
2020,"sem hlutfall af tekjum, %",Bátar 10-200 brl.,14.4
2020,"sem hlutfall af tekjum, %",Bátar > 200 brl.,13.3
2020,"sem hlutfall af tekjum, %",Uppsjávarveiðiskip,0.4
2020,"sem hlutfall af tekjum, %",Ísfisktogarar,12.2
2020,"sem hlutfall af tekjum, %",Frystitogarar,19.0
2021,1. Tekjur alls,Samtals,172299
2021,1. Tekjur alls,Bátar undir 10 brl.,6361
2021,1. Tekjur alls,Bátar 10-200 brl.,27733
2021,1. Tekjur alls,Bátar > 200 brl.,29170
2021,1. Tekjur alls,Uppsjávarveiðiskip,35077
2021,1. Tekjur alls,Ísfisktogarar,51586
2021,1. Tekjur alls,Frystitogarar,22373
2021,1.1  Útflutningstekjur,Samtals,28539
2021,1.1  Útflutningstekjur,Bátar undir 10 brl.,0
2021,1.1  Útflutningstekjur,Bátar 10-200 brl.,92
2021,1.1  Útflutningstekjur,Bátar > 200 brl.,1430
2021,1.1  Útflutningstekjur,Uppsjávarveiðiskip,2397
2021,1.1  Útflutningstekjur,Ísfisktogarar,3653
2021,1.1  Útflutningstekjur,Frystitogarar,20967
2021,1.2  Selt hráefni,Samtals,133670
2021,1.2  Selt hráefni,Bátar undir 10 brl.,5772
2021,1.2  Selt hráefni,Bátar 10-200 brl.,26541
2021,1.2  Selt hráefni,Bátar > 200 brl.,26272
2021,1.2  Selt hráefni,Uppsjávarveiðiskip,31459
2021,1.2  Selt hráefni,Ísfisktogarar,43622
2021,1.2  Selt hráefni,Frystitogarar,4
2021,1.3  Aðrar tekjur,Samtals,10089
2021,1.3  Aðrar tekjur,Bátar undir 10 brl.,589
2021,1.3  Aðrar tekjur,Bátar 10-200 brl.,1099
2021,1.3  Aðrar tekjur,Bátar > 200 brl.,1468
2021,1.3  Aðrar tekjur,Uppsjávarveiðiskip,1221
2021,1.3  Aðrar tekjur,Ísfisktogarar,4310
2021,1.3  Aðrar tekjur,Frystitogarar,1402
2021,2  Gjöld alls,Samtals,131611
2021,2  Gjöld alls,Bátar undir 10 brl.,5025
2021,2  Gjöld alls,Bátar 10-200 brl.,23581
2021,2  Gjöld alls,Bátar > 200 brl.,24294
2021,2  Gjöld alls,Uppsjávarveiðiskip,24237
2021,2  Gjöld alls,Ísfisktogarar,38926
2021,2  Gjöld alls,Frystitogarar,15547
2021,2.1  Aflahlutir,Samtals,38816
2021,2.1  Aflahlutir,Bátar undir 10 brl.,1154
2021,2.1  Aflahlutir,Bátar 10-200 brl.,6461
2021,2.1  Aflahlutir,Bátar > 200 brl.,6794
2021,2.1  Aflahlutir,Uppsjávarveiðiskip,5006
2021,2.1  Aflahlutir,Ísfisktogarar,12804
2021,2.1  Aflahlutir,Frystitogarar,6597
2021,2.2  Önnur laun,Samtals,8755
2021,2.2  Önnur laun,Bátar undir 10 brl.,61
2021,2.2  Önnur laun,Bátar 10-200 brl.,2044
2021,2.2  Önnur laun,Bátar > 200 brl.,2096
2021,2.2  Önnur laun,Uppsjávarveiðiskip,2741
2021,2.2  Önnur laun,Ísfisktogarar,1447
2021,2.2  Önnur laun,Frystitogarar,366
2021,2.3  Launatengd gjöld,Samtals,9209
2021,2.3  Launatengd gjöld,Bátar undir 10 brl.,134
2021,2.3  Launatengd gjöld,Bátar 10-200 brl.,1307
2021,2.3  Launatengd gjöld,Bátar > 200 brl.,1368
2021,2.3  Launatengd gjöld,Uppsjávarveiðiskip,1878
2021,2.3  Launatengd gjöld,Ísfisktogarar,3031
2021,2.3  Launatengd gjöld,Frystitogarar,1491
2021,2.4  Olíur,Samtals,15616
2021,2.4  Olíur,Bátar undir 10 brl.,360
2021,2.4  Olíur,Bátar 10-200 brl.,2206
2021,2.4  Olíur,Bátar > 200 brl.,2339
2021,2.4  Olíur,Uppsjávarveiðiskip,4605
2021,2.4  Olíur,Ísfisktogarar,4278
2021,2.4  Olíur,Frystitogarar,1827
2021,2.5  Veiðarfæri,Samtals,6655
2021,2.5  Veiðarfæri,Bátar undir 10 brl.,127
2021,2.5  Veiðarfæri,Bátar 10-200 brl.,1587
2021,2.5  Veiðarfæri,Bátar > 200 brl.,1361
2021,2.5  Veiðarfæri,Uppsjávarveiðiskip,1656
2021,2.5  Veiðarfæri,Ísfisktogarar,1325
2021,2.5  Veiðarfæri,Frystitogarar,600
2021,2.6  Viðhald,Samtals,10237
2021,2.6  Viðhald,Bátar undir 10 brl.,509
2021,2.6  Viðhald,Bátar 10-200 brl.,1403
2021,2.6  Viðhald,Bátar > 200 brl.,2019
2021,2.6  Viðhald,Uppsjávarveiðiskip,2151
2021,2.6  Viðhald,Ísfisktogarar,3002
2021,2.6  Viðhald,Frystitogarar,1153
2021,2.7  Frystikostn. umbúðir og fl.,Samtals,475
2021,2.7  Frystikostn. umbúðir og fl.,Bátar undir 10 brl.,0
2021,2.7  Frystikostn. umbúðir og fl.,Bátar 10-200 brl.,0
2021,2.7  Frystikostn. umbúðir og fl.,Bátar > 200 brl.,0
2021,2.7  Frystikostn. umbúðir og fl.,Uppsjávarveiðiskip,0
2021,2.7  Frystikostn. umbúðir og fl.,Ísfisktogarar,0
2021,2.7  Frystikostn. umbúðir og fl.,Frystitogarar,475
2021,2.8  Flutningskostnaður,Samtals,1594
2021,2.8  Flutningskostnaður,Bátar undir 10 brl.,288
2021,2.8  Flutningskostnaður,Bátar 10-200 brl.,340
2021,2.8  Flutningskostnaður,Bátar > 200 brl.,390
2021,2.8  Flutningskostnaður,Uppsjávarveiðiskip,9
2021,2.8  Flutningskostnaður,Ísfisktogarar,378
2021,2.8  Flutningskostnaður,Frystitogarar,189
2021,2.9  Laun v/skrifstofu,Samtals,1402
2021,2.9  Laun v/skrifstofu,Bátar undir 10 brl.,3
2021,2.9  Laun v/skrifstofu,Bátar 10-200 brl.,220
2021,2.9  Laun v/skrifstofu,Bátar > 200 brl.,304
2021,2.9  Laun v/skrifstofu,Uppsjávarveiðiskip,147
2021,2.9  Laun v/skrifstofu,Ísfisktogarar,134
2021,2.9  Laun v/skrifstofu,Frystitogarar,593
2021,2.10 Skrifst.kostnaður,Samtals,2749
2021,2.10 Skrifst.kostnaður,Bátar undir 10 brl.,233
2021,2.10 Skrifst.kostnaður,Bátar 10-200 brl.,783
2021,2.10 Skrifst.kostnaður,Bátar > 200 brl.,787
2021,2.10 Skrifst.kostnaður,Uppsjávarveiðiskip,715
2021,2.10 Skrifst.kostnaður,Ísfisktogarar,165
2021,2.10 Skrifst.kostnaður,Frystitogarar,66
2021,2.11  Tryggingar,Samtals,1878
2021,2.11  Tryggingar,Bátar undir 10 brl.,175
2021,2.11  Tryggingar,Bátar 10-200 brl.,323
2021,2.11  Tryggingar,Bátar > 200 brl.,283
2021,2.11  Tryggingar,Uppsjávarveiðiskip,396
2021,2.11  Tryggingar,Ísfisktogarar,491
2021,2.11  Tryggingar,Frystitogarar,210
2021,2.12 Sölukostnaður,Samtals,2229
2021,2.12 Sölukostnaður,Bátar undir 10 brl.,1
2021,2.12 Sölukostnaður,Bátar 10-200 brl.,143
2021,2.12 Sölukostnaður,Bátar > 200 brl.,277
2021,2.12 Sölukostnaður,Uppsjávarveiðiskip,451
2021,2.12 Sölukostnaður,Ísfisktogarar,1239
2021,2.12 Sölukostnaður,Frystitogarar,117
2021,2.13 Löndunarkostnaður,Samtals,4192
2021,2.13 Löndunarkostnaður,Bátar undir 10 brl.,343
2021,2.13 Löndunarkostnaður,Bátar 10-200 brl.,493
2021,2.13 Löndunarkostnaður,Bátar > 200 brl.,566
2021,2.13 Löndunarkostnaður,Uppsjávarveiðiskip,552
2021,2.13 Löndunarkostnaður,Ísfisktogarar,1794
2021,2.13 Löndunarkostnaður,Frystitogarar,443
2021,2.14 Kvótaleiga,Samtals,0
2021,2.14 Kvótaleiga,Bátar undir 10 brl.,0
2021,2.14 Kvótaleiga,Bátar 10-200 brl.,0
2021,2.14 Kvótaleiga,Bátar > 200 brl.,0
2021,2.14 Kvótaleiga,Uppsjávarveiðiskip,0
2021,2.14 Kvótaleiga,Ísfisktogarar,0
2021,2.14 Kvótaleiga,Frystitogarar,0
2021,2.15 Önnur gjöld,Samtals,27804
2021,2.15 Önnur gjöld,Bátar undir 10 brl.,1636
2021,2.15 Önnur gjöld,Bátar 10-200 brl.,6271
2021,2.15 Önnur gjöld,Bátar > 200 brl.,5709
2021,2.15 Önnur gjöld,Uppsjávarveiðiskip,3928
2021,2.15 Önnur gjöld,Ísfisktogarar,8839
2021,2.15 Önnur gjöld,Frystitogarar,1420
2021,Verg hlutdeild fjármagns (EBITDA),Samtals,40688
2021,Verg hlutdeild fjármagns (EBITDA),Bátar undir 10 brl.,1337
2021,Verg hlutdeild fjármagns (EBITDA),Bátar 10-200 brl.,4151
2021,Verg hlutdeild fjármagns (EBITDA),Bátar > 200 brl.,4876
2021,Verg hlutdeild fjármagns (EBITDA),Uppsjávarveiðiskip,10839
2021,Verg hlutdeild fjármagns (EBITDA),Ísfisktogarar,12659
2021,Verg hlutdeild fjármagns (EBITDA),Frystitogarar,6826
2021,"EBITDA sem hlutfall af tekjum, %",Samtals,23.6
2021,"EBITDA sem hlutfall af tekjum, %",Bátar undir 10 brl.,21.0
2021,"EBITDA sem hlutfall af tekjum, %",Bátar 10-200 brl.,15.0
2021,"EBITDA sem hlutfall af tekjum, %",Bátar > 200 brl.,16.7
2021,"EBITDA sem hlutfall af tekjum, %",Uppsjávarveiðiskip,30.9
2021,"EBITDA sem hlutfall af tekjum, %",Ísfisktogarar,24.5
2021,"EBITDA sem hlutfall af tekjum, %",Frystitogarar,30.5
2021,Afskriftir,Samtals,8544
2021,Afskriftir,Bátar undir 10 brl.,645
2021,Afskriftir,Bátar 10-200 brl.,918
2021,Afskriftir,Bátar > 200 brl.,1083
2021,Afskriftir,Uppsjávarveiðiskip,2537
2021,Afskriftir,Ísfisktogarar,2434
2021,Afskriftir,Frystitogarar,927
2021,Verðbreytingarfærsla og vextir,Samtals,347
2021,Verðbreytingarfærsla og vextir,Bátar undir 10 brl.,108
2021,Verðbreytingarfærsla og vextir,Bátar 10-200 brl.,-228
2021,Verðbreytingarfærsla og vextir,Bátar > 200 brl.,283
2021,Verðbreytingarfærsla og vextir,Uppsjávarveiðiskip,-62
2021,Verðbreytingarfærsla og vextir,Ísfisktogarar,36
2021,Verðbreytingarfærsla og vextir,Frystitogarar,210
2021,Hreinn hagnaður (EBT),Samtals,31797
2021,Hreinn hagnaður (EBT),Bátar undir 10 brl.,584
2021,Hreinn hagnaður (EBT),Bátar 10-200 brl.,3462
2021,Hreinn hagnaður (EBT),Bátar > 200 brl.,3509
2021,Hreinn hagnaður (EBT),Uppsjávarveiðiskip,8364
2021,Hreinn hagnaður (EBT),Ísfisktogarar,10189
2021,Hreinn hagnaður (EBT),Frystitogarar,5688
2021,"Hreinn hagnaður sem hlutfall af tekjum, %",Samtals,18.5
2021,"Hreinn hagnaður sem hlutfall af tekjum, %",Bátar undir 10 brl.,9.2
2021,"Hreinn hagnaður sem hlutfall af tekjum, %",Bátar 10-200 brl.,12.5
2021,"Hreinn hagnaður sem hlutfall af tekjum, %",Bátar > 200 brl.,12.0
2021,"Hreinn hagnaður sem hlutfall af tekjum, %",Uppsjávarveiðiskip,23.8
2021,"Hreinn hagnaður sem hlutfall af tekjum, %",Ísfisktogarar,19.8
2021,"Hreinn hagnaður sem hlutfall af tekjum, %",Frystitogarar,25.4
2021,"Árgreiðsla, 6%",Samtals,21222.4
2021,"Árgreiðsla, 6%",Bátar undir 10 brl.,1154.0
2021,"Árgreiðsla, 6%",Bátar 10-200 brl.,1080.7
2021,"Árgreiðsla, 6%",Bátar > 200 brl.,3181.0
2021,"Árgreiðsla, 6%",Uppsjávarveiðiskip,7390.5
2021,"Árgreiðsla, 6%",Ísfisktogarar,6742.4
2021,"Árgreiðsla, 6%",Frystitogarar,1673.8
2021,Hreinn hagnaður - árgreiðsla,Samtals,19466
2021,Hreinn hagnaður - árgreiðsla,Bátar undir 10 brl.,183
2021,Hreinn hagnaður - árgreiðsla,Bátar 10-200 brl.,3071
2021,Hreinn hagnaður - árgreiðsla,Bátar > 200 brl.,1695
2021,Hreinn hagnaður - árgreiðsla,Uppsjávarveiðiskip,3449
2021,Hreinn hagnaður - árgreiðsla,Ísfisktogarar,5917
2021,Hreinn hagnaður - árgreiðsla,Frystitogarar,5152
2021,"sem hlutfall af tekjum, %",Samtals,11.3
2021,"sem hlutfall af tekjum, %",Bátar undir 10 brl.,2.9
2021,"sem hlutfall af tekjum, %",Bátar 10-200 brl.,11.1
2021,"sem hlutfall af tekjum, %",Bátar > 200 brl.,5.8
2021,"sem hlutfall af tekjum, %",Uppsjávarveiðiskip,9.8
2021,"sem hlutfall af tekjum, %",Ísfisktogarar,11.5
2021,"sem hlutfall af tekjum, %",Frystitogarar,23.0
2022,1. Tekjur alls,Samtals,204672
2022,1. Tekjur alls,Bátar undir 10 brl.,6939
2022,1. Tekjur alls,Bátar 10-200 brl.,31559
2022,1. Tekjur alls,Bátar > 200 brl.,31832
2022,1. Tekjur alls,Uppsjávarveiðiskip,47011
2022,1. Tekjur alls,Ísfisktogarar,51252
2022,1. Tekjur alls,Frystitogarar,36080
2022,1.1  Útflutningstekjur,Samtals,48116
2022,1.1  Útflutningstekjur,Bátar undir 10 brl.,0
2022,1.1  Útflutningstekjur,Bátar 10-200 brl.,0
2022,1.1  Útflutningstekjur,Bátar > 200 brl.,1934
2022,1.1  Útflutningstekjur,Uppsjávarveiðiskip,381
2022,1.1  Útflutningstekjur,Ísfisktogarar,11764
2022,1.1  Útflutningstekjur,Frystitogarar,34037
2022,1.2  Selt hráefni,Samtals,146885
2022,1.2  Selt hráefni,Bátar undir 10 brl.,6693
2022,1.2  Selt hráefni,Bátar 10-200 brl.,29311
2022,1.2  Selt hráefni,Bátar > 200 brl.,28763
2022,1.2  Selt hráefni,Uppsjávarveiðiskip,44458
2022,1.2  Selt hráefni,Ísfisktogarar,36647
2022,1.2  Selt hráefni,Frystitogarar,1013
2022,1.3  Aðrar tekjur,Samtals,9671
2022,1.3  Aðrar tekjur,Bátar undir 10 brl.,246
2022,1.3  Aðrar tekjur,Bátar 10-200 brl.,2248
2022,1.3  Aðrar tekjur,Bátar > 200 brl.,1134
2022,1.3  Aðrar tekjur,Uppsjávarveiðiskip,2172
2022,1.3  Aðrar tekjur,Ísfisktogarar,2841
2022,1.3  Aðrar tekjur,Frystitogarar,1029
2022,2  Gjöld alls,Samtals,154352
2022,2  Gjöld alls,Bátar undir 10 brl.,5713
2022,2  Gjöld alls,Bátar 10-200 brl.,24825
2022,2  Gjöld alls,Bátar > 200 brl.,25855
2022,2  Gjöld alls,Uppsjávarveiðiskip,32909
2022,2  Gjöld alls,Ísfisktogarar,38714
2022,2  Gjöld alls,Frystitogarar,26336
2022,2.1  Aflahlutir,Samtals,51928
2022,2.1  Aflahlutir,Bátar undir 10 brl.,1006
2022,2.1  Aflahlutir,Bátar 10-200 brl.,8299
2022,2.1  Aflahlutir,Bátar > 200 brl.,9087
2022,2.1  Aflahlutir,Uppsjávarveiðiskip,10150
2022,2.1  Aflahlutir,Ísfisktogarar,12707
2022,2.1  Aflahlutir,Frystitogarar,10679
2022,2.2  Önnur laun,Samtals,6620
2022,2.2  Önnur laun,Bátar undir 10 brl.,0
2022,2.2  Önnur laun,Bátar 10-200 brl.,1079
2022,2.2  Önnur laun,Bátar > 200 brl.,1181
2022,2.2  Önnur laun,Uppsjávarveiðiskip,1320
2022,2.2  Önnur laun,Ísfisktogarar,1652
2022,2.2  Önnur laun,Frystitogarar,1388
2022,2.3  Launatengd gjöld,Samtals,10895
2022,2.3  Launatengd gjöld,Bátar undir 10 brl.,117
2022,2.3  Launatengd gjöld,Bátar 10-200 brl.,1462
2022,2.3  Launatengd gjöld,Bátar > 200 brl.,1516
2022,2.3  Launatengd gjöld,Uppsjávarveiðiskip,2436
2022,2.3  Launatengd gjöld,Ísfisktogarar,2979
2022,2.3  Launatengd gjöld,Frystitogarar,2385
2022,2.4  Olíur,Samtals,23010
2022,2.4  Olíur,Bátar undir 10 brl.,274
2022,2.4  Olíur,Bátar 10-200 brl.,1261
2022,2.4  Olíur,Bátar > 200 brl.,3577
2022,2.4  Olíur,Uppsjávarveiðiskip,7628
2022,2.4  Olíur,Ísfisktogarar,5838
2022,2.4  Olíur,Frystitogarar,4432
2022,2.5  Veiðarfæri,Samtals,7409
2022,2.5  Veiðarfæri,Bátar undir 10 brl.,37
2022,2.5  Veiðarfæri,Bátar 10-200 brl.,1587
2022,2.5  Veiðarfæri,Bátar > 200 brl.,1361
2022,2.5  Veiðarfæri,Uppsjávarveiðiskip,2422
2022,2.5  Veiðarfæri,Ísfisktogarar,1179
2022,2.5  Veiðarfæri,Frystitogarar,823
2022,2.6  Viðhald,Samtals,11757
2022,2.6  Viðhald,Bátar undir 10 brl.,464
2022,2.6  Viðhald,Bátar 10-200 brl.,1615
2022,2.6  Viðhald,Bátar > 200 brl.,1876
2022,2.6  Viðhald,Uppsjávarveiðiskip,2878
2022,2.6  Viðhald,Ísfisktogarar,2965
2022,2.6  Viðhald,Frystitogarar,1959
2022,2.7  Frystikostn. umbúðir og fl.,Samtals,753
2022,2.7  Frystikostn. umbúðir og fl.,Bátar undir 10 brl.,0
2022,2.7  Frystikostn. umbúðir og fl.,Bátar 10-200 brl.,0
2022,2.7  Frystikostn. umbúðir og fl.,Bátar > 200 brl.,0
2022,2.7  Frystikostn. umbúðir og fl.,Uppsjávarveiðiskip,0
2022,2.7  Frystikostn. umbúðir og fl.,Ísfisktogarar,0
2022,2.7  Frystikostn. umbúðir og fl.,Frystitogarar,753
2022,2.8  Flutningskostnaður,Samtals,1552
2022,2.8  Flutningskostnaður,Bátar undir 10 brl.,384
2022,2.8  Flutningskostnaður,Bátar 10-200 brl.,357
2022,2.8  Flutningskostnaður,Bátar > 200 brl.,337
2022,2.8  Flutningskostnaður,Uppsjávarveiðiskip,26
2022,2.8  Flutningskostnaður,Ísfisktogarar,341
2022,2.8  Flutningskostnaður,Frystitogarar,107
2022,2.9  Laun v/skrifstofu,Samtals,1683
2022,2.9  Laun v/skrifstofu,Bátar undir 10 brl.,1
2022,2.9  Laun v/skrifstofu,Bátar 10-200 brl.,103
2022,2.9  Laun v/skrifstofu,Bátar > 200 brl.,90
2022,2.9  Laun v/skrifstofu,Uppsjávarveiðiskip,589
2022,2.9  Laun v/skrifstofu,Ísfisktogarar,136
2022,2.9  Laun v/skrifstofu,Frystitogarar,764
2022,2.10 Skrifst.kostnaður,Samtals,2709
2022,2.10 Skrifst.kostnaður,Bátar undir 10 brl.,139
2022,2.10 Skrifst.kostnaður,Bátar 10-200 brl.,783
2022,2.10 Skrifst.kostnaður,Bátar > 200 brl.,787
2022,2.10 Skrifst.kostnaður,Uppsjávarveiðiskip,715
2022,2.10 Skrifst.kostnaður,Ísfisktogarar,207
2022,2.10 Skrifst.kostnaður,Frystitogarar,78
2022,2.11  Tryggingar,Samtals,1763
2022,2.11  Tryggingar,Bátar undir 10 brl.,175
2022,2.11  Tryggingar,Bátar 10-200 brl.,323
2022,2.11  Tryggingar,Bátar > 200 brl.,179
2022,2.11  Tryggingar,Uppsjávarveiðiskip,396
2022,2.11  Tryggingar,Ísfisktogarar,491
2022,2.11  Tryggingar,Frystitogarar,199
2022,2.12 Sölukostnaður,Samtals,2211
2022,2.12 Sölukostnaður,Bátar undir 10 brl.,0
2022,2.12 Sölukostnaður,Bátar 10-200 brl.,215
2022,2.12 Sölukostnaður,Bátar > 200 brl.,196
2022,2.12 Sölukostnaður,Uppsjávarveiðiskip,124
2022,2.12 Sölukostnaður,Ísfisktogarar,1565
2022,2.12 Sölukostnaður,Frystitogarar,111
2022,2.13 Löndunarkostnaður,Samtals,3846
2022,2.13 Löndunarkostnaður,Bátar undir 10 brl.,2
2022,2.13 Löndunarkostnaður,Bátar 10-200 brl.,546
2022,2.13 Löndunarkostnaður,Bátar > 200 brl.,470
2022,2.13 Löndunarkostnaður,Uppsjávarveiðiskip,573
2022,2.13 Löndunarkostnaður,Ísfisktogarar,1610
2022,2.13 Löndunarkostnaður,Frystitogarar,645
2022,2.14 Kvótaleiga,Samtals,0
2022,2.14 Kvótaleiga,Bátar undir 10 brl.,0
2022,2.14 Kvótaleiga,Bátar 10-200 brl.,0
2022,2.14 Kvótaleiga,Bátar > 200 brl.,0
2022,2.14 Kvótaleiga,Uppsjávarveiðiskip,0
2022,2.14 Kvótaleiga,Ísfisktogarar,0
2022,2.14 Kvótaleiga,Frystitogarar,0
2022,2.15 Önnur gjöld,Samtals,28217
2022,2.15 Önnur gjöld,Bátar undir 10 brl.,3113
2022,2.15 Önnur gjöld,Bátar 10-200 brl.,7195
2022,2.15 Önnur gjöld,Bátar > 200 brl.,5198
2022,2.15 Önnur gjöld,Uppsjávarveiðiskip,3653
2022,2.15 Önnur gjöld,Ísfisktogarar,7044
2022,2.15 Önnur gjöld,Frystitogarar,2013
2022,Verg hlutdeild fjármagns (EBITDA),Samtals,50320
2022,Verg hlutdeild fjármagns (EBITDA),Bátar undir 10 brl.,1226
2022,Verg hlutdeild fjármagns (EBITDA),Bátar 10-200 brl.,6734
2022,Verg hlutdeild fjármagns (EBITDA),Bátar > 200 brl.,5977
2022,Verg hlutdeild fjármagns (EBITDA),Uppsjávarveiðiskip,14101
2022,Verg hlutdeild fjármagns (EBITDA),Ísfisktogarar,12538
2022,Verg hlutdeild fjármagns (EBITDA),Frystitogarar,9744
2022,"EBITDA sem hlutfall af tekjum, %",Samtals,24.6
2022,"EBITDA sem hlutfall af tekjum, %",Bátar undir 10 brl.,17.7
2022,"EBITDA sem hlutfall af tekjum, %",Bátar 10-200 brl.,21.3
2022,"EBITDA sem hlutfall af tekjum, %",Bátar > 200 brl.,18.8
2022,"EBITDA sem hlutfall af tekjum, %",Uppsjávarveiðiskip,30.0
2022,"EBITDA sem hlutfall af tekjum, %",Ísfisktogarar,24.5
2022,"EBITDA sem hlutfall af tekjum, %",Frystitogarar,27.0
2022,Afskriftir,Samtals,8801
2022,Afskriftir,Bátar undir 10 brl.,658
2022,Afskriftir,Bátar 10-200 brl.,755
2022,Afskriftir,Bátar > 200 brl.,493
2022,Afskriftir,Uppsjávarveiðiskip,3562
2022,Afskriftir,Ísfisktogarar,2178
2022,Afskriftir,Frystitogarar,1156
2022,Verðbreytingarfærsla og vextir,Samtals,7255
2022,Verðbreytingarfærsla og vextir,Bátar undir 10 brl.,161
2022,Verðbreytingarfærsla og vextir,Bátar 10-200 brl.,2167
2022,Verðbreytingarfærsla og vextir,Bátar > 200 brl.,1561
2022,Verðbreytingarfærsla og vextir,Uppsjávarveiðiskip,990
2022,Verðbreytingarfærsla og vextir,Ísfisktogarar,1163
2022,Verðbreytingarfærsla og vextir,Frystitogarar,1213
2022,Hreinn hagnaður (EBT),Samtals,34264
2022,Hreinn hagnaður (EBT),Bátar undir 10 brl.,406
2022,Hreinn hagnaður (EBT),Bátar 10-200 brl.,3812
2022,Hreinn hagnaður (EBT),Bátar > 200 brl.,3924
2022,Hreinn hagnaður (EBT),Uppsjávarveiðiskip,9549
2022,Hreinn hagnaður (EBT),Ísfisktogarar,9197
2022,Hreinn hagnaður (EBT),Frystitogarar,7376
2022,"Hreinn hagnaður sem hlutfall af tekjum, %",Samtals,16.7
2022,"Hreinn hagnaður sem hlutfall af tekjum, %",Bátar undir 10 brl.,5.9
2022,"Hreinn hagnaður sem hlutfall af tekjum, %",Bátar 10-200 brl.,12.1
2022,"Hreinn hagnaður sem hlutfall af tekjum, %",Bátar > 200 brl.,12.3
2022,"Hreinn hagnaður sem hlutfall af tekjum, %",Uppsjávarveiðiskip,20.3
2022,"Hreinn hagnaður sem hlutfall af tekjum, %",Ísfisktogarar,17.9
2022,"Hreinn hagnaður sem hlutfall af tekjum, %",Frystitogarar,20.4
2022,"Árgreiðsla, 6%",Samtals,23658.9
2022,"Árgreiðsla, 6%",Bátar undir 10 brl.,1313.4
2022,"Árgreiðsla, 6%",Bátar 10-200 brl.,1855.0
2022,"Árgreiðsla, 6%",Bátar > 200 brl.,3423.4
2022,"Árgreiðsla, 6%",Uppsjávarveiðiskip,7879.6
2022,"Árgreiðsla, 6%",Ísfisktogarar,6838.4
2022,"Árgreiðsla, 6%",Frystitogarar,2349.0
2022,Hreinn hagnaður - árgreiðsla,Samtals,26661
2022,Hreinn hagnaður - árgreiðsla,Bátar undir 10 brl.,-87
2022,Hreinn hagnaður - árgreiðsla,Bátar 10-200 brl.,4878
2022,Hreinn hagnaður - árgreiðsla,Bátar > 200 brl.,2553
2022,Hreinn hagnaður - árgreiðsla,Uppsjávarveiðiskip,6222
2022,Hreinn hagnaður - árgreiðsla,Ísfisktogarar,5699
2022,Hreinn hagnaður - árgreiðsla,Frystitogarar,7395
2022,"sem hlutfall af tekjum, %",Samtals,13.0
2022,"sem hlutfall af tekjum, %",Bátar undir 10 brl.,-1.3
2022,"sem hlutfall af tekjum, %",Bátar 10-200 brl.,15.5
2022,"sem hlutfall af tekjum, %",Bátar > 200 brl.,8.0
2022,"sem hlutfall af tekjum, %",Uppsjávarveiðiskip,13.2
2022,"sem hlutfall af tekjum, %",Ísfisktogarar,11.1
2022,"sem hlutfall af tekjum, %",Frystitogarar,20.5
2023,1. Tekjur alls,Samtals,206100
2023,1. Tekjur alls,Bátar undir 10 brl.,6281
2023,1. Tekjur alls,Bátar 10-200 brl.,28946
2023,1. Tekjur alls,Bátar > 200 brl.,32370
2023,1. Tekjur alls,Uppsjávarveiðiskip,57260
2023,1. Tekjur alls,Ísfisktogarar,44265
2023,1. Tekjur alls,Frystitogarar,36977
2023,1.1  Útflutningstekjur,Samtals,42757
2023,1.1  Útflutningstekjur,Bátar undir 10 brl.,0
2023,1.1  Útflutningstekjur,Bátar 10-200 brl.,0
2023,1.1  Útflutningstekjur,Bátar > 200 brl.,3013
2023,1.1  Útflutningstekjur,Uppsjávarveiðiskip,99
2023,1.1  Útflutningstekjur,Ísfisktogarar,4703
2023,1.1  Útflutningstekjur,Frystitogarar,34943
2023,1.2  Selt hráefni,Samtals,154316
2023,1.2  Selt hráefni,Bátar undir 10 brl.,6046
2023,1.2  Selt hráefni,Bátar 10-200 brl.,28630
2023,1.2  Selt hráefni,Bátar > 200 brl.,27452
2023,1.2  Selt hráefni,Uppsjávarveiðiskip,54775
2023,1.2  Selt hráefni,Ísfisktogarar,36392
2023,1.2  Selt hráefni,Frystitogarar,1021
2023,1.3  Aðrar tekjur,Samtals,9027
2023,1.3  Aðrar tekjur,Bátar undir 10 brl.,235
2023,1.3  Aðrar tekjur,Bátar 10-200 brl.,316
2023,1.3  Aðrar tekjur,Bátar > 200 brl.,1905
2023,1.3  Aðrar tekjur,Uppsjávarveiðiskip,2386
2023,1.3  Aðrar tekjur,Ísfisktogarar,3170
2023,1.3  Aðrar tekjur,Frystitogarar,1014
2023,2  Gjöld alls,Samtals,154690
2023,2  Gjöld alls,Bátar undir 10 brl.,5140
2023,2  Gjöld alls,Bátar 10-200 brl.,23296
2023,2  Gjöld alls,Bátar > 200 brl.,25232
2023,2  Gjöld alls,Uppsjávarveiðiskip,39084
2023,2  Gjöld alls,Ísfisktogarar,32223
2023,2  Gjöld alls,Frystitogarar,29715
2023,2.1  Aflahlutir,Samtals,51922
2023,2.1  Aflahlutir,Bátar undir 10 brl.,1185
2023,2.1  Aflahlutir,Bátar 10-200 brl.,6814
2023,2.1  Aflahlutir,Bátar > 200 brl.,7363
2023,2.1  Aflahlutir,Uppsjávarveiðiskip,14472
2023,2.1  Aflahlutir,Ísfisktogarar,10893
2023,2.1  Aflahlutir,Frystitogarar,11195
2023,2.2  Önnur laun,Samtals,5568
2023,2.2  Önnur laun,Bátar undir 10 brl.,0
2023,2.2  Önnur laun,Bátar 10-200 brl.,2311
2023,2.2  Önnur laun,Bátar > 200 brl.,1811
2023,2.2  Önnur laun,Uppsjávarveiðiskip,0
2023,2.2  Önnur laun,Ísfisktogarar,714
2023,2.2  Önnur laun,Frystitogarar,732
2023,2.3  Launatengd gjöld,Samtals,11110
2023,2.3  Launatengd gjöld,Bátar undir 10 brl.,94
2023,2.3  Launatengd gjöld,Bátar 10-200 brl.,1414
2023,2.3  Launatengd gjöld,Bátar > 200 brl.,1472
2023,2.3  Launatengd gjöld,Uppsjávarveiðiskip,3161
2023,2.3  Launatengd gjöld,Ísfisktogarar,2621
2023,2.3  Launatengd gjöld,Frystitogarar,2350
2023,2.4  Olíur,Samtals,20909
2023,2.4  Olíur,Bátar undir 10 brl.,466
2023,2.4  Olíur,Bátar 10-200 brl.,2026
2023,2.4  Olíur,Bátar > 200 brl.,3263
2023,2.4  Olíur,Uppsjávarveiðiskip,6503
2023,2.4  Olíur,Ísfisktogarar,4462
2023,2.4  Olíur,Frystitogarar,4189
2023,2.5  Veiðarfæri,Samtals,5595
2023,2.5  Veiðarfæri,Bátar undir 10 brl.,126
2023,2.5  Veiðarfæri,Bátar 10-200 brl.,547
2023,2.5  Veiðarfæri,Bátar > 200 brl.,264
2023,2.5  Veiðarfæri,Uppsjávarveiðiskip,2371
2023,2.5  Veiðarfæri,Ísfisktogarar,1223
2023,2.5  Veiðarfæri,Frystitogarar,1063
2023,2.6  Viðhald,Samtals,13105
2023,2.6  Viðhald,Bátar undir 10 brl.,553
2023,2.6  Viðhald,Bátar 10-200 brl.,1478
2023,2.6  Viðhald,Bátar > 200 brl.,2109
2023,2.6  Viðhald,Uppsjávarveiðiskip,4035
2023,2.6  Viðhald,Ísfisktogarar,2442
2023,2.6  Viðhald,Frystitogarar,2488
2023,2.7  Frystikostn. umbúðir og fl.,Samtals,792
2023,2.7  Frystikostn. umbúðir og fl.,Bátar undir 10 brl.,0
2023,2.7  Frystikostn. umbúðir og fl.,Bátar 10-200 brl.,0
2023,2.7  Frystikostn. umbúðir og fl.,Bátar > 200 brl.,0
2023,2.7  Frystikostn. umbúðir og fl.,Uppsjávarveiðiskip,0
2023,2.7  Frystikostn. umbúðir og fl.,Ísfisktogarar,0
2023,2.7  Frystikostn. umbúðir og fl.,Frystitogarar,792
2023,2.8  Flutningskostnaður,Samtals,1293
2023,2.8  Flutningskostnaður,Bátar undir 10 brl.,54
2023,2.8  Flutningskostnaður,Bátar 10-200 brl.,432
2023,2.8  Flutningskostnaður,Bátar > 200 brl.,163
2023,2.8  Flutningskostnaður,Uppsjávarveiðiskip,52
2023,2.8  Flutningskostnaður,Ísfisktogarar,312
2023,2.8  Flutningskostnaður,Frystitogarar,280
2023,2.9  Laun v/skrifstofu,Samtals,1544
2023,2.9  Laun v/skrifstofu,Bátar undir 10 brl.,0
2023,2.9  Laun v/skrifstofu,Bátar 10-200 brl.,158
2023,2.9  Laun v/skrifstofu,Bátar > 200 brl.,172
2023,2.9  Laun v/skrifstofu,Uppsjávarveiðiskip,425
2023,2.9  Laun v/skrifstofu,Ísfisktogarar,273
2023,2.9  Laun v/skrifstofu,Frystitogarar,515
2023,2.10 Skrifst.kostnaður,Samtals,1961
2023,2.10 Skrifst.kostnaður,Bátar undir 10 brl.,202
2023,2.10 Skrifst.kostnaður,Bátar 10-200 brl.,526
2023,2.10 Skrifst.kostnaður,Bátar > 200 brl.,145
2023,2.10 Skrifst.kostnaður,Uppsjávarveiðiskip,320
2023,2.10 Skrifst.kostnaður,Ísfisktogarar,299
2023,2.10 Skrifst.kostnaður,Frystitogarar,471
2023,2.11  Tryggingar,Samtals,1913
2023,2.11  Tryggingar,Bátar undir 10 brl.,212
2023,2.11  Tryggingar,Bátar 10-200 brl.,239
2023,2.11  Tryggingar,Bátar > 200 brl.,267
2023,2.11  Tryggingar,Uppsjávarveiðiskip,473
2023,2.11  Tryggingar,Ísfisktogarar,417
2023,2.11  Tryggingar,Frystitogarar,305
2023,2.12 Sölukostnaður,Samtals,2202
2023,2.12 Sölukostnaður,Bátar undir 10 brl.,0
2023,2.12 Sölukostnaður,Bátar 10-200 brl.,107
2023,2.12 Sölukostnaður,Bátar > 200 brl.,316
2023,2.12 Sölukostnaður,Uppsjávarveiðiskip,113
2023,2.12 Sölukostnaður,Ísfisktogarar,1277
2023,2.12 Sölukostnaður,Frystitogarar,390
2023,2.13 Löndunarkostnaður,Samtals,3554
2023,2.13 Löndunarkostnaður,Bátar undir 10 brl.,105
2023,2.13 Löndunarkostnaður,Bátar 10-200 brl.,482
2023,2.13 Löndunarkostnaður,Bátar > 200 brl.,335
2023,2.13 Löndunarkostnaður,Uppsjávarveiðiskip,519
2023,2.13 Löndunarkostnaður,Ísfisktogarar,1447
2023,2.13 Löndunarkostnaður,Frystitogarar,667
2023,2.14 Kvótaleiga,Samtals,0
2023,2.14 Kvótaleiga,Bátar undir 10 brl.,0
2023,2.14 Kvótaleiga,Bátar 10-200 brl.,0
2023,2.14 Kvótaleiga,Bátar > 200 brl.,0
2023,2.14 Kvótaleiga,Uppsjávarveiðiskip,0
2023,2.14 Kvótaleiga,Ísfisktogarar,0
2023,2.14 Kvótaleiga,Frystitogarar,0
2023,2.15 Önnur gjöld,Samtals,33221
2023,2.15 Önnur gjöld,Bátar undir 10 brl.,2143
2023,2.15 Önnur gjöld,Bátar 10-200 brl.,6763
2023,2.15 Önnur gjöld,Bátar > 200 brl.,7551
2023,2.15 Önnur gjöld,Uppsjávarveiðiskip,6642
2023,2.15 Önnur gjöld,Ísfisktogarar,5844
2023,2.15 Önnur gjöld,Frystitogarar,4277
2023,Verg hlutdeild fjármagns (EBITDA),Samtals,51410
2023,Verg hlutdeild fjármagns (EBITDA),Bátar undir 10 brl.,1141
2023,Verg hlutdeild fjármagns (EBITDA),Bátar 10-200 brl.,5650
2023,Verg hlutdeild fjármagns (EBITDA),Bátar > 200 brl.,7139
2023,Verg hlutdeild fjármagns (EBITDA),Uppsjávarveiðiskip,18175
2023,Verg hlutdeild fjármagns (EBITDA),Ísfisktogarar,12042
2023,Verg hlutdeild fjármagns (EBITDA),Frystitogarar,7263
2023,"EBITDA sem hlutfall af tekjum, %",Samtals,24.9
2023,"EBITDA sem hlutfall af tekjum, %",Bátar undir 10 brl.,18.2
2023,"EBITDA sem hlutfall af tekjum, %",Bátar 10-200 brl.,19.5
2023,"EBITDA sem hlutfall af tekjum, %",Bátar > 200 brl.,22.1
2023,"EBITDA sem hlutfall af tekjum, %",Uppsjávarveiðiskip,31.7
2023,"EBITDA sem hlutfall af tekjum, %",Ísfisktogarar,27.2
2023,"EBITDA sem hlutfall af tekjum, %",Frystitogarar,19.6
2023,Afskriftir,Samtals,10956
2023,Afskriftir,Bátar undir 10 brl.,790
2023,Afskriftir,Bátar 10-200 brl.,1117
2023,Afskriftir,Bátar > 200 brl.,1455
2023,Afskriftir,Uppsjávarveiðiskip,3542
2023,Afskriftir,Ísfisktogarar,2378
2023,Afskriftir,Frystitogarar,1674
2023,Verðbreytingarfærsla og vextir,Samtals,8706
2023,Verðbreytingarfærsla og vextir,Bátar undir 10 brl.,139
2023,Verðbreytingarfærsla og vextir,Bátar 10-200 brl.,1798
2023,Verðbreytingarfærsla og vextir,Bátar > 200 brl.,1958
2023,Verðbreytingarfærsla og vextir,Uppsjávarveiðiskip,950
2023,Verðbreytingarfærsla og vextir,Ísfisktogarar,1364
2023,Verðbreytingarfærsla og vextir,Frystitogarar,2497
2023,Hreinn hagnaður (EBT),Samtals,31749
2023,Hreinn hagnaður (EBT),Bátar undir 10 brl.,213
2023,Hreinn hagnaður (EBT),Bátar 10-200 brl.,2735
2023,Hreinn hagnaður (EBT),Bátar > 200 brl.,3725
2023,Hreinn hagnaður (EBT),Uppsjávarveiðiskip,13683
2023,Hreinn hagnaður (EBT),Ísfisktogarar,8300
2023,Hreinn hagnaður (EBT),Frystitogarar,3092
2023,"Hreinn hagnaður sem hlutfall af tekjum, %",Samtals,15.4
2023,"Hreinn hagnaður sem hlutfall af tekjum, %",Bátar undir 10 brl.,3.4
2023,"Hreinn hagnaður sem hlutfall af tekjum, %",Bátar 10-200 brl.,9.4
2023,"Hreinn hagnaður sem hlutfall af tekjum, %",Bátar > 200 brl.,11.5
2023,"Hreinn hagnaður sem hlutfall af tekjum, %",Uppsjávarveiðiskip,23.9
2023,"Hreinn hagnaður sem hlutfall af tekjum, %",Ísfisktogarar,18.8
2023,"Hreinn hagnaður sem hlutfall af tekjum, %",Frystitogarar,8.4
2023,"Árgreiðsla, 6%",Samtals,26501.5
2023,"Árgreiðsla, 6%",Bátar undir 10 brl.,1505.1
2023,"Árgreiðsla, 6%",Bátar 10-200 brl.,1761.5
2023,"Árgreiðsla, 6%",Bátar > 200 brl.,3671.7
2023,"Árgreiðsla, 6%",Uppsjávarveiðiskip,8893.0
2023,"Árgreiðsla, 6%",Ísfisktogarar,7156.5
2023,"Árgreiðsla, 6%",Frystitogarar,3513.8
2023,Hreinn hagnaður - árgreiðsla,Samtals,24909
2023,Hreinn hagnaður - árgreiðsla,Bátar undir 10 brl.,-364
2023,Hreinn hagnaður - árgreiðsla,Bátar 10-200 brl.,3889
2023,Hreinn hagnaður - árgreiðsla,Bátar > 200 brl.,3467
2023,Hreinn hagnaður - árgreiðsla,Uppsjávarveiðiskip,9282
2023,Hreinn hagnaður - árgreiðsla,Ísfisktogarar,4886
2023,Hreinn hagnaður - árgreiðsla,Frystitogarar,3749
2023,"sem hlutfall af tekjum, %",Samtals,12.1
2023,"sem hlutfall af tekjum, %",Bátar undir 10 brl.,-5.8
2023,"sem hlutfall af tekjum, %",Bátar 10-200 brl.,13.4
2023,"sem hlutfall af tekjum, %",Bátar > 200 brl.,10.7
2023,"sem hlutfall af tekjum, %",Uppsjávarveiðiskip,16.2
2023,"sem hlutfall af tekjum, %",Ísfisktogarar,11.0
2023,"sem hlutfall af tekjum, %",Frystitogarar,10.1
2024,1. Tekjur alls,Samtals,177335
2024,1. Tekjur alls,Bátar undir 10 brl.,7212
2024,1. Tekjur alls,Bátar 10-200 brl.,30116
2024,1. Tekjur alls,Bátar > 200 brl.,24377
2024,1. Tekjur alls,Uppsjávarveiðiskip,29406
2024,1. Tekjur alls,Ísfisktogarar,42611
2024,1. Tekjur alls,Frystitogarar,43614
2024,1.1  Útflutningstekjur,Samtals,46992
2024,1.1  Útflutningstekjur,Bátar undir 10 brl.,0
2024,1.1  Útflutningstekjur,Bátar 10-200 brl.,0
2024,1.1  Útflutningstekjur,Bátar > 200 brl.,986
2024,1.1  Útflutningstekjur,Uppsjávarveiðiskip,109
2024,1.1  Útflutningstekjur,Ísfisktogarar,4426
2024,1.1  Útflutningstekjur,Frystitogarar,41471
2024,1.2  Selt hráefni,Samtals,124237
2024,1.2  Selt hráefni,Bátar undir 10 brl.,6918
2024,1.2  Selt hráefni,Bátar 10-200 brl.,29366
2024,1.2  Selt hráefni,Bátar > 200 brl.,22642
2024,1.2  Selt hráefni,Uppsjávarveiðiskip,29006
2024,1.2  Selt hráefni,Ísfisktogarar,35117
2024,1.2  Selt hráefni,Frystitogarar,1187
2024,1.3  Aðrar tekjur,Samtals,6107
2024,1.3  Aðrar tekjur,Bátar undir 10 brl.,294
2024,1.3  Aðrar tekjur,Bátar 10-200 brl.,749
2024,1.3  Aðrar tekjur,Bátar > 200 brl.,749
2024,1.3  Aðrar tekjur,Uppsjávarveiðiskip,291
2024,1.3  Aðrar tekjur,Ísfisktogarar,3069
2024,1.3  Aðrar tekjur,Frystitogarar,955
2024,2  Gjöld alls,Samtals,144515
2024,2  Gjöld alls,Bátar undir 10 brl.,5794
2024,2  Gjöld alls,Bátar 10-200 brl.,25052
2024,2  Gjöld alls,Bátar > 200 brl.,20240
2024,2  Gjöld alls,Uppsjávarveiðiskip,26577
2024,2  Gjöld alls,Ísfisktogarar,32752
2024,2  Gjöld alls,Frystitogarar,34100
2024,2.1  Aflahlutir,Samtals,46367
2024,2.1  Aflahlutir,Bátar undir 10 brl.,1356
2024,2.1  Aflahlutir,Bátar 10-200 brl.,6989
2024,2.1  Aflahlutir,Bátar > 200 brl.,5677
2024,2.1  Aflahlutir,Uppsjávarveiðiskip,8647
2024,2.1  Aflahlutir,Ísfisktogarar,10418
2024,2.1  Aflahlutir,Frystitogarar,13280
2024,2.2  Önnur laun,Samtals,4006
2024,2.2  Önnur laun,Bátar undir 10 brl.,0
2024,2.2  Önnur laun,Bátar 10-200 brl.,2377
2024,2.2  Önnur laun,Bátar > 200 brl.,846
2024,2.2  Önnur laun,Uppsjávarveiðiskip,0
2024,2.2  Önnur laun,Ísfisktogarar,495
2024,2.2  Önnur laun,Frystitogarar,288
2024,2.3  Launatengd gjöld,Samtals,11939
2024,2.3  Launatengd gjöld,Bátar undir 10 brl.,110
2024,2.3  Launatengd gjöld,Bátar 10-200 brl.,1647
2024,2.3  Launatengd gjöld,Bátar > 200 brl.,1149
2024,2.3  Launatengd gjöld,Uppsjávarveiðiskip,2764
2024,2.3  Launatengd gjöld,Ísfisktogarar,2950
2024,2.3  Launatengd gjöld,Frystitogarar,3318
2024,2.4  Olíur,Samtals,19708
2024,2.4  Olíur,Bátar undir 10 brl.,406
2024,2.4  Olíur,Bátar 10-200 brl.,2108
2024,2.4  Olíur,Bátar > 200 brl.,2426
2024,2.4  Olíur,Uppsjávarveiðiskip,5841
2024,2.4  Olíur,Ísfisktogarar,4241
2024,2.4  Olíur,Frystitogarar,4685
2024,2.5  Veiðarfæri,Samtals,5381
2024,2.5  Veiðarfæri,Bátar undir 10 brl.,42
2024,2.5  Veiðarfæri,Bátar 10-200 brl.,424
2024,2.5  Veiðarfæri,Bátar > 200 brl.,575
2024,2.5  Veiðarfæri,Uppsjávarveiðiskip,1947
2024,2.5  Veiðarfæri,Ísfisktogarar,1225
2024,2.5  Veiðarfæri,Frystitogarar,1169
2024,2.6  Viðhald,Samtals,10753
2024,2.6  Viðhald,Bátar undir 10 brl.,534
2024,2.6  Viðhald,Bátar 10-200 brl.,1397
2024,2.6  Viðhald,Bátar > 200 brl.,1572
2024,2.6  Viðhald,Uppsjávarveiðiskip,2614
2024,2.6  Viðhald,Ísfisktogarar,2458
2024,2.6  Viðhald,Frystitogarar,2178
2024,2.7  Frystikostn. umbúðir og fl.,Samtals,990
2024,2.7  Frystikostn. umbúðir og fl.,Bátar undir 10 brl.,0
2024,2.7  Frystikostn. umbúðir og fl.,Bátar 10-200 brl.,0
2024,2.7  Frystikostn. umbúðir og fl.,Bátar > 200 brl.,0
2024,2.7  Frystikostn. umbúðir og fl.,Uppsjávarveiðiskip,0
2024,2.7  Frystikostn. umbúðir og fl.,Ísfisktogarar,0
2024,2.7  Frystikostn. umbúðir og fl.,Frystitogarar,990
2024,2.8  Flutningskostnaður,Samtals,1576
2024,2.8  Flutningskostnaður,Bátar undir 10 brl.,327
2024,2.8  Flutningskostnaður,Bátar 10-200 brl.,305
2024,2.8  Flutningskostnaður,Bátar > 200 brl.,142
2024,2.8  Flutningskostnaður,Uppsjávarveiðiskip,31
2024,2.8  Flutningskostnaður,Ísfisktogarar,281
2024,2.8  Flutningskostnaður,Frystitogarar,489
2024,2.9  Laun v/skrifstofu,Samtals,863
2024,2.9  Laun v/skrifstofu,Bátar undir 10 brl.,0
2024,2.9  Laun v/skrifstofu,Bátar 10-200 brl.,112
2024,2.9  Laun v/skrifstofu,Bátar > 200 brl.,61
2024,2.9  Laun v/skrifstofu,Uppsjávarveiðiskip,185
2024,2.9  Laun v/skrifstofu,Ísfisktogarar,319
2024,2.9  Laun v/skrifstofu,Frystitogarar,185
2024,2.10 Skrifst.kostnaður,Samtals,2790
2024,2.10 Skrifst.kostnaður,Bátar undir 10 brl.,221
2024,2.10 Skrifst.kostnaður,Bátar 10-200 brl.,909
2024,2.10 Skrifst.kostnaður,Bátar > 200 brl.,351
2024,2.10 Skrifst.kostnaður,Uppsjávarveiðiskip,793
2024,2.10 Skrifst.kostnaður,Ísfisktogarar,295
2024,2.10 Skrifst.kostnaður,Frystitogarar,220
2024,2.11  Tryggingar,Samtals,1813
2024,2.11  Tryggingar,Bátar undir 10 brl.,182
2024,2.11  Tryggingar,Bátar 10-200 brl.,280
2024,2.11  Tryggingar,Bátar > 200 brl.,226
2024,2.11  Tryggingar,Uppsjávarveiðiskip,273
2024,2.11  Tryggingar,Ísfisktogarar,446
2024,2.11  Tryggingar,Frystitogarar,405
2024,2.12 Sölukostnaður,Samtals,2122
2024,2.12 Sölukostnaður,Bátar undir 10 brl.,0
2024,2.12 Sölukostnaður,Bátar 10-200 brl.,248
2024,2.12 Sölukostnaður,Bátar > 200 brl.,237
2024,2.12 Sölukostnaður,Uppsjávarveiðiskip,29
2024,2.12 Sölukostnaður,Ísfisktogarar,1435
2024,2.12 Sölukostnaður,Frystitogarar,173
2024,2.13 Löndunarkostnaður,Samtals,3105
2024,2.13 Löndunarkostnaður,Bátar undir 10 brl.,119
2024,2.13 Löndunarkostnaður,Bátar 10-200 brl.,499
2024,2.13 Löndunarkostnaður,Bátar > 200 brl.,231
2024,2.13 Löndunarkostnaður,Uppsjávarveiðiskip,391
2024,2.13 Löndunarkostnaður,Ísfisktogarar,1301
2024,2.13 Löndunarkostnaður,Frystitogarar,564
2024,2.14 Kvótaleiga,Samtals,0
2024,2.14 Kvótaleiga,Bátar undir 10 brl.,0
2024,2.14 Kvótaleiga,Bátar 10-200 brl.,0
2024,2.14 Kvótaleiga,Bátar > 200 brl.,0
2024,2.14 Kvótaleiga,Uppsjávarveiðiskip,0
2024,2.14 Kvótaleiga,Ísfisktogarar,0
2024,2.14 Kvótaleiga,Frystitogarar,0
2024,2.15 Önnur gjöld,Samtals,33104
2024,2.15 Önnur gjöld,Bátar undir 10 brl.,2497
2024,2.15 Önnur gjöld,Bátar 10-200 brl.,7756
2024,2.15 Önnur gjöld,Bátar > 200 brl.,6746
2024,2.15 Önnur gjöld,Uppsjávarveiðiskip,3061
2024,2.15 Önnur gjöld,Ísfisktogarar,6887
2024,2.15 Önnur gjöld,Frystitogarar,6157
2024,Verg hlutdeild fjármagns (EBITDA),Samtals,32820
2024,Verg hlutdeild fjármagns (EBITDA),Bátar undir 10 brl.,1418
2024,Verg hlutdeild fjármagns (EBITDA),Bátar 10-200 brl.,5064
2024,Verg hlutdeild fjármagns (EBITDA),Bátar > 200 brl.,4137
2024,Verg hlutdeild fjármagns (EBITDA),Uppsjávarveiðiskip,2829
2024,Verg hlutdeild fjármagns (EBITDA),Ísfisktogarar,9859
2024,Verg hlutdeild fjármagns (EBITDA),Frystitogarar,9513
2024,"EBITDA sem hlutfall af tekjum, %",Samtals,18.5
2024,"EBITDA sem hlutfall af tekjum, %",Bátar undir 10 brl.,19.7
2024,"EBITDA sem hlutfall af tekjum, %",Bátar 10-200 brl.,16.8
2024,"EBITDA sem hlutfall af tekjum, %",Bátar > 200 brl.,17.0
2024,"EBITDA sem hlutfall af tekjum, %",Uppsjávarveiðiskip,9.6
2024,"EBITDA sem hlutfall af tekjum, %",Ísfisktogarar,23.1
2024,"EBITDA sem hlutfall af tekjum, %",Frystitogarar,21.8
2024,Afskriftir,Samtals,10575
2024,Afskriftir,Bátar undir 10 brl.,749
2024,Afskriftir,Bátar 10-200 brl.,591
2024,Afskriftir,Bátar > 200 brl.,1057
2024,Afskriftir,Uppsjávarveiðiskip,3843
2024,Afskriftir,Ísfisktogarar,2479
2024,Afskriftir,Frystitogarar,1857
2024,Verðbreytingarfærsla og vextir,Samtals,6926
2024,Verðbreytingarfærsla og vextir,Bátar undir 10 brl.,266
2024,Verðbreytingarfærsla og vextir,Bátar 10-200 brl.,1787
2024,Verðbreytingarfærsla og vextir,Bátar > 200 brl.,1221
2024,Verðbreytingarfærsla og vextir,Uppsjávarveiðiskip,1500
2024,Verðbreytingarfærsla og vextir,Ísfisktogarar,1368
2024,Verðbreytingarfærsla og vextir,Frystitogarar,785
2024,Hreinn hagnaður (EBT),Samtals,15319
2024,Hreinn hagnaður (EBT),Bátar undir 10 brl.,403
2024,Hreinn hagnaður (EBT),Bátar 10-200 brl.,2686
2024,Hreinn hagnaður (EBT),Bátar > 200 brl.,1858
2024,Hreinn hagnaður (EBT),Uppsjávarveiðiskip,-2514
2024,Hreinn hagnaður (EBT),Ísfisktogarar,6013
2024,Hreinn hagnaður (EBT),Frystitogarar,6872
2024,"Hreinn hagnaður sem hlutfall af tekjum, %",Samtals,8.6
2024,"Hreinn hagnaður sem hlutfall af tekjum, %",Bátar undir 10 brl.,5.6
2024,"Hreinn hagnaður sem hlutfall af tekjum, %",Bátar 10-200 brl.,8.9
2024,"Hreinn hagnaður sem hlutfall af tekjum, %",Bátar > 200 brl.,7.6
2024,"Hreinn hagnaður sem hlutfall af tekjum, %",Uppsjávarveiðiskip,-8.5
2024,"Hreinn hagnaður sem hlutfall af tekjum, %",Ísfisktogarar,14.1
2024,"Hreinn hagnaður sem hlutfall af tekjum, %",Frystitogarar,15.8
2024,"Árgreiðsla, 6%",Samtals,27755.3
2024,"Árgreiðsla, 6%",Bátar undir 10 brl.,1361.5
2024,"Árgreiðsla, 6%",Bátar 10-200 brl.,1680.4
2024,"Árgreiðsla, 6%",Bátar > 200 brl.,3562.9
2024,"Árgreiðsla, 6%",Uppsjávarveiðiskip,9332.9
2024,"Árgreiðsla, 6%",Ísfisktogarar,6731.4
2024,"Árgreiðsla, 6%",Frystitogarar,5086.2
2024,Hreinn hagnaður - árgreiðsla,Samtals,5064
2024,Hreinn hagnaður - árgreiðsla,Bátar undir 10 brl.,56
2024,Hreinn hagnaður - árgreiðsla,Bátar 10-200 brl.,3383
2024,Hreinn hagnaður - árgreiðsla,Bátar > 200 brl.,574
2024,Hreinn hagnaður - árgreiðsla,Uppsjávarveiðiskip,-6504
2024,Hreinn hagnaður - árgreiðsla,Ísfisktogarar,3128
2024,Hreinn hagnaður - árgreiðsla,Frystitogarar,4427
2024,"sem hlutfall af tekjum, %",Samtals,2.9
2024,"sem hlutfall af tekjum, %",Bátar undir 10 brl.,0.8
2024,"sem hlutfall af tekjum, %",Bátar 10-200 brl.,11.2
2024,"sem hlutfall af tekjum, %",Bátar > 200 brl.,2.4
2024,"sem hlutfall af tekjum, %",Uppsjávarveiðiskip,-22.1
2024,"sem hlutfall af tekjum, %",Ísfisktogarar,7.3
2024,"sem hlutfall af tekjum, %",Frystitogarar,10.2
