Species,Port,Year,Quantity,Value
Capelin,Akranes,1982,0,0
Capelin,Akranes,1983,2630,4434
Capelin,Akranes,1984,40836,48467
Capelin,Akranes,1985,34328,55418
Capelin,Akranes,1986,27148,43719
Capelin,Akranes,1987,43719,79411
Capelin,Akranes,1988,31309,90797
Capelin,Akranes,1989,28391,104155
Capelin,Akranes,1990,27137,98478
Capelin,Akranes,1991,19270,72783
Capelin,Akranes,1992,43780,169698
Capelin,Akranes,1993,56393,208413
Capelin,Akranes,1994,41979,165837
Capelin,Akranes,1995,47869,205391
Capelin,Akranes,1996,58877,303716
Capelin,Akranes,1997,98331,591977
Capelin,Akranes,1998,66652,477419
Capelin,Akranes,1999,42740,174965
Capelin,Akranes,2000,61481,239635
Capelin,Akranes,2001,72149,379729
Capelin,Akranes,2002,74248,583142
Capelin,Akranes,2003,51709,354094
Capelin,Akranes,2004,48855,322429
Capelin,Akranes,2005,29901,164840
Capelin,Akranes,2006,9930,64338
Capelin,Akranes,2007,26473,262445
Capelin,Akranes,2008,10131,70917
Capelin,Akranes,2009,0,0
Capelin,Akranes,2010,12227,244544
Capelin,Akranes,2011,27933,687140
Capelin,Akranes,2012,41288,806387
Capelin,Akranes,2013,24885,643477
Capelin,Akranes,2014,9380,166798
Capelin,Akranes,2015,23757,571055
Capelin,Akranes,2016,3587,74315
Capelin,Akranes,2017,14561,237703
Capelin,Akranes,2018,10028,184952
Capelin,Akranes,2019,0,0
Capelin,Akranes,2020,0,0
Capelin,Akranes,2021,6397,153857
Capelin,Akranes,2022,38798,1133486
Capelin,Akranes,2023,21309,671256
Capelin,Akranes,2024,0,0
Capelin,Akureyri,1982,0,0
Capelin,Akureyri,1983,12678,32320
Capelin,Akureyri,1984,38475,58737
Capelin,Akureyri,1985,48063,91268
Capelin,Akureyri,1986,50110,92803
Capelin,Akureyri,1987,43316,101517
Capelin,Akureyri,1988,43948,143655
Capelin,Akureyri,1989,24027,98513
Capelin,Akureyri,1990,22103,87054
Capelin,Akureyri,1991,9077,42085
Capelin,Akureyri,1992,32214,135475
Capelin,Akureyri,1993,38002,158093
Capelin,Akureyri,1994,30004,131401
Capelin,Akureyri,1995,30288,138915
Capelin,Akureyri,1996,61551,328652
Capelin,Akureyri,1997,55948,359978
Capelin,Akureyri,1998,22936,171542
Capelin,Akureyri,1999,19019,85522
Capelin,Akureyri,2000,33121,147043
Capelin,Akureyri,2001,45179,306656
Capelin,Akureyri,2002,63220,509591
Capelin,Akureyri,2003,49957,357925
Capelin,Akureyri,2004,19969,177148
Capelin,Akureyri,2005,27468,281769
Capelin,Akureyri,2006,2381,73875
Capelin,Akureyri,2007,22,936
Capelin,Akureyri,2008,0,0
Capelin,Akureyri,2009,0,0
Capelin,Akureyri,2010,0,0
Capelin,Akureyri,2011,0,0
Capelin,Akureyri,2012,0,0
Capelin,Akureyri,2013,1703,130536
Capelin,Akureyri,2014,0,0
Capelin,Akureyri,2015,0,0
Capelin,Akureyri,2016,0,0
Capelin,Akureyri,2017,0,0
Capelin,Akureyri,2018,0,0
Capelin,Akureyri,2019,0,0
Capelin,Akureyri,2020,0,0
Capelin,Akureyri,2021,0,0
Capelin,Akureyri,2022,0,0
Capelin,Akureyri,2023,0,0
Capelin,Akureyri,2024,0,0
Capelin,Arnarstapi,1982,0,0
Capelin,Arnarstapi,1983,0,0
Capelin,Arnarstapi,1984,0,0
Capelin,Arnarstapi,1985,0,0
Capelin,Arnarstapi,1986,0,0
Capelin,Arnarstapi,1987,0,0
Capelin,Arnarstapi,1988,0,0
Capelin,Arnarstapi,1989,0,0
Capelin,Arnarstapi,1990,0,0
Capelin,Arnarstapi,1991,0,0
Capelin,Arnarstapi,1992,0,0
Capelin,Arnarstapi,1993,0,0
Capelin,Arnarstapi,1994,0,0
Capelin,Arnarstapi,1995,0,0
Capelin,Arnarstapi,1996,0,0
Capelin,Arnarstapi,1997,0,0
Capelin,Arnarstapi,1998,0,0
Capelin,Arnarstapi,1999,0,0
Capelin,Arnarstapi,2000,0,0
Capelin,Arnarstapi,2001,0,0
Capelin,Arnarstapi,2002,0,0
Capelin,Arnarstapi,2003,0,0
Capelin,Arnarstapi,2004,0,0
Capelin,Arnarstapi,2005,0,0
Capelin,Arnarstapi,2006,0,0
Capelin,Arnarstapi,2007,0,0
Capelin,Arnarstapi,2008,0,0
Capelin,Arnarstapi,2009,0,0
Capelin,Arnarstapi,2010,0,0
Capelin,Arnarstapi,2011,0,0
Capelin,Arnarstapi,2012,0,0
Capelin,Arnarstapi,2013,0,0
Capelin,Arnarstapi,2014,0,0
Capelin,Arnarstapi,2015,0,0
Capelin,Arnarstapi,2016,0,0
Capelin,Arnarstapi,2017,0,0
Capelin,Arnarstapi,2018,0,0
Capelin,Arnarstapi,2019,0,0
Capelin,Arnarstapi,2020,0,0
Capelin,Arnarstapi,2021,0,0
Capelin,Arnarstapi,2022,0,0
Capelin,Arnarstapi,2023,0,0
Capelin,Arnarstapi,2024,0,0
Capelin,Bakkafjörður,1982,0,0
Capelin,Bakkafjörður,1983,0,0
Capelin,Bakkafjörður,1984,0,0
Capelin,Bakkafjörður,1985,0,0
Capelin,Bakkafjörður,1986,0,0
Capelin,Bakkafjörður,1987,0,0
Capelin,Bakkafjörður,1988,0,0
Capelin,Bakkafjörður,1989,0,0
Capelin,Bakkafjörður,1990,0,0
Capelin,Bakkafjörður,1991,0,0
Capelin,Bakkafjörður,1992,0,0
Capelin,Bakkafjörður,1993,0,0
Capelin,Bakkafjörður,1994,0,0
Capelin,Bakkafjörður,1995,0,0
Capelin,Bakkafjörður,1996,0,0
Capelin,Bakkafjörður,1997,0,0
Capelin,Bakkafjörður,1998,0,0
Capelin,Bakkafjörður,1999,0,0
Capelin,Bakkafjörður,2000,0,0
Capelin,Bakkafjörður,2001,0,0
Capelin,Bakkafjörður,2002,0,0
Capelin,Bakkafjörður,2003,0,0
Capelin,Bakkafjörður,2004,0,0
Capelin,Bakkafjörður,2005,0,0
Capelin,Bakkafjörður,2006,0,0
Capelin,Bakkafjörður,2007,0,0
Capelin,Bakkafjörður,2008,0,0
Capelin,Bakkafjörður,2009,0,0
Capelin,Bakkafjörður,2010,0,0
Capelin,Bakkafjörður,2011,0,0
Capelin,Bakkafjörður,2012,0,0
Capelin,Bakkafjörður,2013,0,0
Capelin,Bakkafjörður,2014,0,0
Capelin,Bakkafjörður,2015,0,0
Capelin,Bakkafjörður,2016,0,0
Capelin,Bakkafjörður,2017,0,0
Capelin,Bakkafjörður,2018,0,0
Capelin,Bakkafjörður,2019,0,0
Capelin,Bakkafjörður,2020,0,0
Capelin,Bakkafjörður,2021,0,0
Capelin,Bakkafjörður,2022,0,0
Capelin,Bakkafjörður,2023,0,0
Capelin,Bakkafjörður,2024,0,0
Capelin,Blönduós,1982,0,0
Capelin,Blönduós,1983,0,0
Capelin,Blönduós,1984,0,0
Capelin,Blönduós,1985,0,0
Capelin,Blönduós,1986,0,0
Capelin,Blönduós,1987,0,0
Capelin,Blönduós,1988,0,0
Capelin,Blönduós,1989,0,0
Capelin,Blönduós,1990,0,0
Capelin,Blönduós,1991,0,0
Capelin,Blönduós,1992,0,0
Capelin,Blönduós,1993,0,0
Capelin,Blönduós,1994,0,0
Capelin,Blönduós,1995,0,0
Capelin,Blönduós,1996,0,0
Capelin,Blönduós,1997,0,0
Capelin,Blönduós,1998,0,0
Capelin,Blönduós,1999,0,0
Capelin,Blönduós,2000,0,0
Capelin,Blönduós,2001,0,0
Capelin,Blönduós,2002,0,0
Capelin,Blönduós,2003,0,0
Capelin,Blönduós,2004,0,0
Capelin,Blönduós,2005,0,0
Capelin,Blönduós,2006,0,0
Capelin,Blönduós,2007,0,0
Capelin,Blönduós,2008,0,0
Capelin,Blönduós,2009,0,0
Capelin,Blönduós,2010,0,0
Capelin,Blönduós,2011,0,0
Capelin,Blönduós,2012,0,0
Capelin,Blönduós,2013,0,0
Capelin,Blönduós,2014,0,0
Capelin,Blönduós,2015,0,0
Capelin,Blönduós,2016,0,0
Capelin,Blönduós,2017,0,0
Capelin,Blönduós,2018,0,0
Capelin,Blönduós,2019,0,0
Capelin,Blönduós,2020,0,0
Capelin,Blönduós,2021,0,0
Capelin,Blönduós,2022,0,0
Capelin,Blönduós,2023,0,0
Capelin,Blönduós,2024,0,0
Capelin,Bolungarvík,1982,0,0
Capelin,Bolungarvík,1983,2986,5188
Capelin,Bolungarvík,1984,27464,31157
Capelin,Bolungarvík,1985,28540,54919
Capelin,Bolungarvík,1986,29892,53379
Capelin,Bolungarvík,1987,22923,46014
Capelin,Bolungarvík,1988,20921,71238
Capelin,Bolungarvík,1989,13656,54328
Capelin,Bolungarvík,1990,12298,45626
Capelin,Bolungarvík,1991,13388,53626
Capelin,Bolungarvík,1992,17256,63851
Capelin,Bolungarvík,1993,17419,75963
Capelin,Bolungarvík,1994,26152,89999
Capelin,Bolungarvík,1995,22322,97082
Capelin,Bolungarvík,1996,30925,146299
Capelin,Bolungarvík,1997,24465,138410
Capelin,Bolungarvík,1998,8594,56756
Capelin,Bolungarvík,1999,11451,43765
Capelin,Bolungarvík,2000,23745,95199
Capelin,Bolungarvík,2001,27434,154424
Capelin,Bolungarvík,2002,26179,192255
Capelin,Bolungarvík,2003,8012,55450
Capelin,Bolungarvík,2004,2731,21454
Capelin,Bolungarvík,2005,2534,12826
Capelin,Bolungarvík,2006,0,0
Capelin,Bolungarvík,2007,0,0
Capelin,Bolungarvík,2008,0,0
Capelin,Bolungarvík,2009,0,0
Capelin,Bolungarvík,2010,0,0
Capelin,Bolungarvík,2011,0,0
Capelin,Bolungarvík,2012,0,0
Capelin,Bolungarvík,2013,0,0
Capelin,Bolungarvík,2014,0,0
Capelin,Bolungarvík,2015,0,0
Capelin,Bolungarvík,2016,0,0
Capelin,Bolungarvík,2017,0,0
Capelin,Bolungarvík,2018,0,0
Capelin,Bolungarvík,2019,0,0
Capelin,Bolungarvík,2020,0,0
Capelin,Bolungarvík,2021,0,0
Capelin,Bolungarvík,2022,0,0
Capelin,Bolungarvík,2023,0,0
Capelin,Bolungarvík,2024,0,0
Capelin,Borgarfjörður Eystri,1982,0,0
Capelin,Borgarfjörður Eystri,1983,0,0
Capelin,Borgarfjörður Eystri,1984,0,0
Capelin,Borgarfjörður Eystri,1985,0,0
Capelin,Borgarfjörður Eystri,1986,0,0
Capelin,Borgarfjörður Eystri,1987,0,0
Capelin,Borgarfjörður Eystri,1988,0,0
Capelin,Borgarfjörður Eystri,1989,0,0
Capelin,Borgarfjörður Eystri,1990,0,0
Capelin,Borgarfjörður Eystri,1991,0,0
Capelin,Borgarfjörður Eystri,1992,0,0
Capelin,Borgarfjörður Eystri,1993,0,0
Capelin,Borgarfjörður Eystri,1994,0,0
Capelin,Borgarfjörður Eystri,1995,0,0
Capelin,Borgarfjörður Eystri,1996,0,0
Capelin,Borgarfjörður Eystri,1997,0,0
Capelin,Borgarfjörður Eystri,1998,0,0
Capelin,Borgarfjörður Eystri,1999,0,0
Capelin,Borgarfjörður Eystri,2000,0,0
Capelin,Borgarfjörður Eystri,2001,0,0
Capelin,Borgarfjörður Eystri,2002,0,0
Capelin,Borgarfjörður Eystri,2003,0,0
Capelin,Borgarfjörður Eystri,2004,0,0
Capelin,Borgarfjörður Eystri,2005,0,0
Capelin,Borgarfjörður Eystri,2006,0,0
Capelin,Borgarfjörður Eystri,2007,0,0
Capelin,Borgarfjörður Eystri,2008,0,0
Capelin,Borgarfjörður Eystri,2009,0,0
Capelin,Borgarfjörður Eystri,2010,0,0
Capelin,Borgarfjörður Eystri,2011,0,0
Capelin,Borgarfjörður Eystri,2012,0,0
Capelin,Borgarfjörður Eystri,2013,0,0
Capelin,Borgarfjörður Eystri,2014,0,0
Capelin,Borgarfjörður Eystri,2015,0,0
Capelin,Borgarfjörður Eystri,2016,0,0
Capelin,Borgarfjörður Eystri,2017,0,0
Capelin,Borgarfjörður Eystri,2018,0,0
Capelin,Borgarfjörður Eystri,2019,0,0
Capelin,Borgarfjörður Eystri,2020,0,0
Capelin,Borgarfjörður Eystri,2021,0,0
Capelin,Borgarfjörður Eystri,2022,0,0
Capelin,Borgarfjörður Eystri,2023,0,0
Capelin,Borgarfjörður Eystri,2024,0,0
Capelin,Borgarnes,1982,0,0
Capelin,Borgarnes,1983,0,0
Capelin,Borgarnes,1984,0,0
Capelin,Borgarnes,1985,0,0
Capelin,Borgarnes,1986,0,0
Capelin,Borgarnes,1987,0,0
Capelin,Borgarnes,1988,0,0
Capelin,Borgarnes,1989,0,0
Capelin,Borgarnes,1990,0,0
Capelin,Borgarnes,1991,0,0
Capelin,Borgarnes,1992,0,0
Capelin,Borgarnes,1993,0,0
Capelin,Borgarnes,1994,0,0
Capelin,Borgarnes,1995,0,0
Capelin,Borgarnes,1996,0,0
Capelin,Borgarnes,1997,0,0
Capelin,Borgarnes,1998,0,0
Capelin,Borgarnes,1999,0,0
Capelin,Borgarnes,2000,0,0
Capelin,Borgarnes,2001,0,0
Capelin,Borgarnes,2002,0,0
Capelin,Borgarnes,2003,0,0
Capelin,Borgarnes,2004,0,0
Capelin,Borgarnes,2005,0,0
Capelin,Borgarnes,2006,0,0
Capelin,Borgarnes,2007,0,0
Capelin,Borgarnes,2008,0,0
Capelin,Borgarnes,2009,0,0
Capelin,Borgarnes,2010,0,0
Capelin,Borgarnes,2011,0,0
Capelin,Borgarnes,2012,0,0
Capelin,Borgarnes,2013,0,0
Capelin,Borgarnes,2014,0,0
Capelin,Borgarnes,2015,0,0
Capelin,Borgarnes,2016,0,0
Capelin,Borgarnes,2017,0,0
Capelin,Borgarnes,2018,0,0
Capelin,Borgarnes,2019,0,0
Capelin,Borgarnes,2020,0,0
Capelin,Borgarnes,2021,0,0
Capelin,Borgarnes,2022,0,0
Capelin,Borgarnes,2023,0,0
Capelin,Borgarnes,2024,0,0
Capelin,Breiðdalsvík,1982,0,0
Capelin,Breiðdalsvík,1983,0,0
Capelin,Breiðdalsvík,1984,0,0
Capelin,Breiðdalsvík,1985,0,0
Capelin,Breiðdalsvík,1986,0,0
Capelin,Breiðdalsvík,1987,0,0
Capelin,Breiðdalsvík,1988,0,0
Capelin,Breiðdalsvík,1989,0,0
Capelin,Breiðdalsvík,1990,0,0
Capelin,Breiðdalsvík,1991,0,0
Capelin,Breiðdalsvík,1992,0,0
Capelin,Breiðdalsvík,1993,0,0
Capelin,Breiðdalsvík,1994,0,0
Capelin,Breiðdalsvík,1995,0,0
Capelin,Breiðdalsvík,1996,0,0
Capelin,Breiðdalsvík,1997,0,0
Capelin,Breiðdalsvík,1998,0,0
Capelin,Breiðdalsvík,1999,0,0
Capelin,Breiðdalsvík,2000,0,0
Capelin,Breiðdalsvík,2001,0,0
Capelin,Breiðdalsvík,2002,0,0
Capelin,Breiðdalsvík,2003,0,0
Capelin,Breiðdalsvík,2004,0,0
Capelin,Breiðdalsvík,2005,0,0
Capelin,Breiðdalsvík,2006,0,0
Capelin,Breiðdalsvík,2007,0,0
Capelin,Breiðdalsvík,2008,0,0
Capelin,Breiðdalsvík,2009,0,0
Capelin,Breiðdalsvík,2010,0,0
Capelin,Breiðdalsvík,2011,0,0
Capelin,Breiðdalsvík,2012,0,0
Capelin,Breiðdalsvík,2013,0,0
Capelin,Breiðdalsvík,2014,0,0
Capelin,Breiðdalsvík,2015,0,0
Capelin,Breiðdalsvík,2016,0,0
Capelin,Breiðdalsvík,2017,0,0
Capelin,Breiðdalsvík,2018,0,0
Capelin,Breiðdalsvík,2019,0,0
Capelin,Breiðdalsvík,2020,0,0
Capelin,Breiðdalsvík,2021,0,0
Capelin,Breiðdalsvík,2022,0,0
Capelin,Breiðdalsvík,2023,0,0
Capelin,Breiðdalsvík,2024,0,0
Capelin,Brjánslækur,1982,0,0
Capelin,Brjánslækur,1983,0,0
Capelin,Brjánslækur,1984,0,0
Capelin,Brjánslækur,1985,0,0
Capelin,Brjánslækur,1986,0,0
Capelin,Brjánslækur,1987,0,0
Capelin,Brjánslækur,1988,0,0
Capelin,Brjánslækur,1989,0,0
Capelin,Brjánslækur,1990,0,0
Capelin,Brjánslækur,1991,0,0
Capelin,Brjánslækur,1992,0,0
Capelin,Brjánslækur,1993,0,0
Capelin,Brjánslækur,1994,0,0
Capelin,Brjánslækur,1995,0,0
Capelin,Brjánslækur,1996,0,0
Capelin,Brjánslækur,1997,0,0
Capelin,Brjánslækur,1998,0,0
Capelin,Brjánslækur,1999,0,0
Capelin,Brjánslækur,2000,0,0
Capelin,Brjánslækur,2001,0,0
Capelin,Brjánslækur,2002,0,0
Capelin,Brjánslækur,2003,0,0
Capelin,Brjánslækur,2004,0,0
Capelin,Brjánslækur,2005,0,0
Capelin,Brjánslækur,2006,0,0
Capelin,Brjánslækur,2007,0,0
Capelin,Brjánslækur,2008,0,0
Capelin,Brjánslækur,2009,0,0
Capelin,Brjánslækur,2010,0,0
Capelin,Brjánslækur,2011,0,0
Capelin,Brjánslækur,2012,0,0
Capelin,Brjánslækur,2013,0,0
Capelin,Brjánslækur,2014,0,0
Capelin,Brjánslækur,2015,0,0
Capelin,Brjánslækur,2016,0,0
Capelin,Brjánslækur,2017,0,0
Capelin,Brjánslækur,2018,0,0
Capelin,Brjánslækur,2019,0,0
Capelin,Brjánslækur,2020,0,0
Capelin,Brjánslækur,2021,0,0
Capelin,Brjánslækur,2022,0,0
Capelin,Brjánslækur,2023,0,0
Capelin,Brjánslækur,2024,0,0
Capelin,Bíldudalur,1982,0,0
Capelin,Bíldudalur,1983,0,0
Capelin,Bíldudalur,1984,0,0
Capelin,Bíldudalur,1985,0,0
Capelin,Bíldudalur,1986,0,0
Capelin,Bíldudalur,1987,0,0
Capelin,Bíldudalur,1988,0,0
Capelin,Bíldudalur,1989,0,0
Capelin,Bíldudalur,1990,0,0
Capelin,Bíldudalur,1991,0,0
Capelin,Bíldudalur,1992,0,0
Capelin,Bíldudalur,1993,0,0
Capelin,Bíldudalur,1994,11,107
Capelin,Bíldudalur,1995,0,0
Capelin,Bíldudalur,1996,0,0
Capelin,Bíldudalur,1997,0,0
Capelin,Bíldudalur,1998,0,0
Capelin,Bíldudalur,1999,0,0
Capelin,Bíldudalur,2000,0,0
Capelin,Bíldudalur,2001,0,0
Capelin,Bíldudalur,2002,0,0
Capelin,Bíldudalur,2003,0,0
Capelin,Bíldudalur,2004,0,0
Capelin,Bíldudalur,2005,0,0
Capelin,Bíldudalur,2006,0,0
Capelin,Bíldudalur,2007,0,0
Capelin,Bíldudalur,2008,0,0
Capelin,Bíldudalur,2009,0,0
Capelin,Bíldudalur,2010,0,0
Capelin,Bíldudalur,2011,0,0
Capelin,Bíldudalur,2012,0,0
Capelin,Bíldudalur,2013,0,0
Capelin,Bíldudalur,2014,0,0
Capelin,Bíldudalur,2015,0,0
Capelin,Bíldudalur,2016,0,0
Capelin,Bíldudalur,2017,0,0
Capelin,Bíldudalur,2018,0,0
Capelin,Bíldudalur,2019,0,0
Capelin,Bíldudalur,2020,0,0
Capelin,Bíldudalur,2021,0,0
Capelin,Bíldudalur,2022,0,0
Capelin,Bíldudalur,2023,0,0
Capelin,Bíldudalur,2024,0,0
Capelin,Búðardalur,1982,0,0
Capelin,Búðardalur,1983,0,0
Capelin,Búðardalur,1984,0,0
Capelin,Búðardalur,1985,0,0
Capelin,Búðardalur,1986,0,0
Capelin,Búðardalur,1987,0,0
Capelin,Búðardalur,1988,0,0
Capelin,Búðardalur,1989,0,0
Capelin,Búðardalur,1990,0,0
Capelin,Búðardalur,1991,0,0
Capelin,Búðardalur,1992,0,0
Capelin,Búðardalur,1993,0,0
Capelin,Búðardalur,1994,0,0
Capelin,Búðardalur,1995,0,0
Capelin,Búðardalur,1996,0,0
Capelin,Búðardalur,1997,0,0
Capelin,Búðardalur,1998,0,0
Capelin,Búðardalur,1999,0,0
Capelin,Búðardalur,2000,0,0
Capelin,Búðardalur,2001,0,0
Capelin,Búðardalur,2002,0,0
Capelin,Búðardalur,2003,0,0
Capelin,Búðardalur,2004,0,0
Capelin,Búðardalur,2005,0,0
Capelin,Búðardalur,2006,0,0
Capelin,Búðardalur,2007,0,0
Capelin,Búðardalur,2008,0,0
Capelin,Búðardalur,2009,0,0
Capelin,Búðardalur,2010,0,0
Capelin,Búðardalur,2011,0,0
Capelin,Búðardalur,2012,0,0
Capelin,Búðardalur,2013,0,0
Capelin,Búðardalur,2014,0,0
Capelin,Búðardalur,2015,0,0
Capelin,Búðardalur,2016,0,0
Capelin,Búðardalur,2017,0,0
Capelin,Búðardalur,2018,0,0
Capelin,Búðardalur,2019,0,0
Capelin,Búðardalur,2020,0,0
Capelin,Búðardalur,2021,0,0
Capelin,Búðardalur,2022,0,0
Capelin,Búðardalur,2023,0,0
Capelin,Búðardalur,2024,0,0
Capelin,Dalvík,1982,0,0
Capelin,Dalvík,1983,0,0
Capelin,Dalvík,1984,0,0
Capelin,Dalvík,1985,0,0
Capelin,Dalvík,1986,0,0
Capelin,Dalvík,1987,0,0
Capelin,Dalvík,1988,0,0
Capelin,Dalvík,1989,0,0
Capelin,Dalvík,1990,0,0
Capelin,Dalvík,1991,0,0
Capelin,Dalvík,1992,0,0
Capelin,Dalvík,1993,0,0
Capelin,Dalvík,1994,0,0
Capelin,Dalvík,1995,0,0
Capelin,Dalvík,1996,0,0
Capelin,Dalvík,1997,0,0
Capelin,Dalvík,1998,0,0
Capelin,Dalvík,1999,0,0
Capelin,Dalvík,2000,0,0
Capelin,Dalvík,2001,0,0
Capelin,Dalvík,2002,0,0
Capelin,Dalvík,2003,0,0
Capelin,Dalvík,2004,0,0
Capelin,Dalvík,2005,1825,60374
Capelin,Dalvík,2006,1215,39981
Capelin,Dalvík,2007,0,0
Capelin,Dalvík,2008,0,0
Capelin,Dalvík,2009,0,0
Capelin,Dalvík,2010,0,0
Capelin,Dalvík,2011,0,0
Capelin,Dalvík,2012,0,0
Capelin,Dalvík,2013,0,0
Capelin,Dalvík,2014,0,0
Capelin,Dalvík,2015,0,0
Capelin,Dalvík,2016,0,0
Capelin,Dalvík,2017,0,0
Capelin,Dalvík,2018,0,0
Capelin,Dalvík,2019,0,0
Capelin,Dalvík,2020,0,0
Capelin,Dalvík,2021,0,0
Capelin,Dalvík,2022,0,0
Capelin,Dalvík,2023,0,0
Capelin,Dalvík,2024,0,0
Capelin,Djúpivogur,1982,0,0
Capelin,Djúpivogur,1983,0,0
Capelin,Djúpivogur,1984,0,0
Capelin,Djúpivogur,1985,0,0
Capelin,Djúpivogur,1986,5,21
Capelin,Djúpivogur,1987,0,0
Capelin,Djúpivogur,1988,88,389
Capelin,Djúpivogur,1989,0,0
Capelin,Djúpivogur,1990,0,0
Capelin,Djúpivogur,1991,0,0
Capelin,Djúpivogur,1992,0,0
Capelin,Djúpivogur,1993,192,938
Capelin,Djúpivogur,1994,2417,22937
Capelin,Djúpivogur,1995,3831,25007
Capelin,Djúpivogur,1996,7865,69000
Capelin,Djúpivogur,1997,16251,89481
Capelin,Djúpivogur,1998,12761,98716
Capelin,Djúpivogur,1999,18740,73889
Capelin,Djúpivogur,2000,18272,75063
Capelin,Djúpivogur,2001,26360,143225
Capelin,Djúpivogur,2002,30138,244398
Capelin,Djúpivogur,2003,28606,197378
Capelin,Djúpivogur,2004,21761,143552
Capelin,Djúpivogur,2005,0,0
Capelin,Djúpivogur,2006,0,0
Capelin,Djúpivogur,2007,0,0
Capelin,Djúpivogur,2008,0,0
Capelin,Djúpivogur,2009,0,0
Capelin,Djúpivogur,2010,0,0
Capelin,Djúpivogur,2011,0,0
Capelin,Djúpivogur,2012,0,0
Capelin,Djúpivogur,2013,0,0
Capelin,Djúpivogur,2014,0,0
Capelin,Djúpivogur,2015,0,0
Capelin,Djúpivogur,2016,0,0
Capelin,Djúpivogur,2017,0,0
Capelin,Djúpivogur,2018,0,0
Capelin,Djúpivogur,2019,0,0
Capelin,Djúpivogur,2020,0,0
Capelin,Djúpivogur,2021,0,0
Capelin,Djúpivogur,2022,0,0
Capelin,Djúpivogur,2023,0,0
Capelin,Djúpivogur,2024,0,0
Capelin,Domeniska lýðveldið,1982,0,0
Capelin,Domeniska lýðveldið,1983,0,0
Capelin,Domeniska lýðveldið,1984,0,0
Capelin,Domeniska lýðveldið,1985,0,0
Capelin,Domeniska lýðveldið,1986,0,0
Capelin,Domeniska lýðveldið,1987,0,0
Capelin,Domeniska lýðveldið,1988,0,0
Capelin,Domeniska lýðveldið,1989,0,0
Capelin,Domeniska lýðveldið,1990,0,0
Capelin,Domeniska lýðveldið,1991,0,0
Capelin,Domeniska lýðveldið,1992,0,0
Capelin,Domeniska lýðveldið,1993,0,0
Capelin,Domeniska lýðveldið,1994,0,0
Capelin,Domeniska lýðveldið,1995,0,0
Capelin,Domeniska lýðveldið,1996,0,0
Capelin,Domeniska lýðveldið,1997,0,0
Capelin,Domeniska lýðveldið,1998,0,0
Capelin,Domeniska lýðveldið,1999,0,0
Capelin,Domeniska lýðveldið,2000,0,0
Capelin,Domeniska lýðveldið,2001,0,0
Capelin,Domeniska lýðveldið,2002,0,0
Capelin,Domeniska lýðveldið,2003,0,0
Capelin,Domeniska lýðveldið,2004,0,0
Capelin,Domeniska lýðveldið,2005,0,0
Capelin,Domeniska lýðveldið,2006,0,0
Capelin,Domeniska lýðveldið,2007,0,0
Capelin,Domeniska lýðveldið,2008,0,0
Capelin,Domeniska lýðveldið,2009,0,0
Capelin,Domeniska lýðveldið,2010,0,0
Capelin,Domeniska lýðveldið,2011,0,0
Capelin,Domeniska lýðveldið,2012,0,0
Capelin,Domeniska lýðveldið,2013,0,0
Capelin,Domeniska lýðveldið,2014,0,0
Capelin,Domeniska lýðveldið,2015,0,0
Capelin,Domeniska lýðveldið,2016,0,0
Capelin,Domeniska lýðveldið,2017,0,0
Capelin,Domeniska lýðveldið,2018,0,0
Capelin,Domeniska lýðveldið,2019,0,0
Capelin,Domeniska lýðveldið,2020,0,0
Capelin,Domeniska lýðveldið,2021,0,0
Capelin,Domeniska lýðveldið,2022,0,0
Capelin,Domeniska lýðveldið,2023,0,0
Capelin,Domeniska lýðveldið,2024,0,0
Capelin,Drangsnes,1982,0,0
Capelin,Drangsnes,1983,0,0
Capelin,Drangsnes,1984,0,0
Capelin,Drangsnes,1985,0,0
Capelin,Drangsnes,1986,0,0
Capelin,Drangsnes,1987,0,0
Capelin,Drangsnes,1988,0,0
Capelin,Drangsnes,1989,0,0
Capelin,Drangsnes,1990,0,0
Capelin,Drangsnes,1991,0,0
Capelin,Drangsnes,1992,0,0
Capelin,Drangsnes,1993,0,0
Capelin,Drangsnes,1994,0,0
Capelin,Drangsnes,1995,0,0
Capelin,Drangsnes,1996,0,0
Capelin,Drangsnes,1997,0,0
Capelin,Drangsnes,1998,0,0
Capelin,Drangsnes,1999,0,0
Capelin,Drangsnes,2000,0,0
Capelin,Drangsnes,2001,0,0
Capelin,Drangsnes,2002,0,0
Capelin,Drangsnes,2003,0,0
Capelin,Drangsnes,2004,0,0
Capelin,Drangsnes,2005,0,0
Capelin,Drangsnes,2006,0,0
Capelin,Drangsnes,2007,0,0
Capelin,Drangsnes,2008,0,0
Capelin,Drangsnes,2009,0,0
Capelin,Drangsnes,2010,0,0
Capelin,Drangsnes,2011,0,0
Capelin,Drangsnes,2012,0,0
Capelin,Drangsnes,2013,0,0
Capelin,Drangsnes,2014,0,0
Capelin,Drangsnes,2015,0,0
Capelin,Drangsnes,2016,0,0
Capelin,Drangsnes,2017,0,0
Capelin,Drangsnes,2018,0,0
Capelin,Drangsnes,2019,0,0
Capelin,Drangsnes,2020,0,0
Capelin,Drangsnes,2021,0,0
Capelin,Drangsnes,2022,0,0
Capelin,Drangsnes,2023,0,0
Capelin,Drangsnes,2024,0,0
Capelin,Egilsstaðir,1982,0,0
Capelin,Egilsstaðir,1983,0,0
Capelin,Egilsstaðir,1984,0,0
Capelin,Egilsstaðir,1985,0,0
Capelin,Egilsstaðir,1986,0,0
Capelin,Egilsstaðir,1987,0,0
Capelin,Egilsstaðir,1988,0,0
Capelin,Egilsstaðir,1989,0,0
Capelin,Egilsstaðir,1990,0,0
Capelin,Egilsstaðir,1991,0,0
Capelin,Egilsstaðir,1992,0,0
Capelin,Egilsstaðir,1993,0,0
Capelin,Egilsstaðir,1994,0,0
Capelin,Egilsstaðir,1995,0,0
Capelin,Egilsstaðir,1996,0,0
Capelin,Egilsstaðir,1997,92,649
Capelin,Egilsstaðir,1998,0,0
Capelin,Egilsstaðir,1999,0,0
Capelin,Egilsstaðir,2000,0,0
Capelin,Egilsstaðir,2001,0,0
Capelin,Egilsstaðir,2002,0,0
Capelin,Egilsstaðir,2003,0,0
Capelin,Egilsstaðir,2004,0,0
Capelin,Egilsstaðir,2005,0,0
Capelin,Egilsstaðir,2006,0,0
Capelin,Egilsstaðir,2007,0,0
Capelin,Egilsstaðir,2008,0,0
Capelin,Egilsstaðir,2009,0,0
Capelin,Egilsstaðir,2010,0,0
Capelin,Egilsstaðir,2011,0,0
Capelin,Egilsstaðir,2012,0,0
Capelin,Egilsstaðir,2013,0,0
Capelin,Egilsstaðir,2014,0,0
Capelin,Egilsstaðir,2015,0,0
Capelin,Egilsstaðir,2016,0,0
Capelin,Egilsstaðir,2017,0,0
Capelin,Egilsstaðir,2018,0,0
Capelin,Egilsstaðir,2019,0,0
Capelin,Egilsstaðir,2020,0,0
Capelin,Egilsstaðir,2021,0,0
Capelin,Egilsstaðir,2022,0,0
Capelin,Egilsstaðir,2023,0,0
Capelin,Egilsstaðir,2024,0,0
Capelin,Eskifjörður,1982,5935,2732
Capelin,Eskifjörður,1983,10630,18314
Capelin,Eskifjörður,1984,82574,123671
Capelin,Eskifjörður,1985,115299,203869
Capelin,Eskifjörður,1986,96641,177964
Capelin,Eskifjörður,1987,83730,158616
Capelin,Eskifjörður,1988,94681,273012
Capelin,Eskifjörður,1989,65121,234614
Capelin,Eskifjörður,1990,78864,287330
Capelin,Eskifjörður,1991,30220,121636
Capelin,Eskifjörður,1992,86644,345469
Capelin,Eskifjörður,1993,96003,375531
Capelin,Eskifjörður,1994,72293,306741
Capelin,Eskifjörður,1995,69394,316164
Capelin,Eskifjörður,1996,119690,699089
Capelin,Eskifjörður,1997,123609,744663
Capelin,Eskifjörður,1998,68758,491230
Capelin,Eskifjörður,1999,66267,311732
Capelin,Eskifjörður,2000,75483,332503
Capelin,Eskifjörður,2001,79277,405097
Capelin,Eskifjörður,2002,98526,828679
Capelin,Eskifjörður,2003,52220,374261
Capelin,Eskifjörður,2004,63688,446886
Capelin,Eskifjörður,2005,66965,497394
Capelin,Eskifjörður,2006,16104,210006
Capelin,Eskifjörður,2007,25011,381160
Capelin,Eskifjörður,2008,13267,192532
Capelin,Eskifjörður,2009,0,0
Capelin,Eskifjörður,2010,7181,229237
Capelin,Eskifjörður,2011,27882,942945
Capelin,Eskifjörður,2012,59517,1435652
Capelin,Eskifjörður,2013,40665,1475986
Capelin,Eskifjörður,2014,7549,249810
Capelin,Eskifjörður,2015,34207,987409
Capelin,Eskifjörður,2016,7212,166192
Capelin,Eskifjörður,2017,16120,318933
Capelin,Eskifjörður,2018,16925,461293
Capelin,Eskifjörður,2019,0,0
Capelin,Eskifjörður,2020,0,0
Capelin,Eskifjörður,2021,20251,959090
Capelin,Eskifjörður,2022,45891,1575160
Capelin,Eskifjörður,2023,35942,1468193
Capelin,Eskifjörður,2024,0,0
Capelin,Eyrarbakki,1982,0,0
Capelin,Eyrarbakki,1983,0,0
Capelin,Eyrarbakki,1984,3,5
Capelin,Eyrarbakki,1985,0,0
Capelin,Eyrarbakki,1986,0,0
Capelin,Eyrarbakki,1987,0,0
Capelin,Eyrarbakki,1988,0,0
Capelin,Eyrarbakki,1989,120,1438
Capelin,Eyrarbakki,1990,189,2189
Capelin,Eyrarbakki,1991,81,971
Capelin,Eyrarbakki,1992,0,0
Capelin,Eyrarbakki,1993,0,0
Capelin,Eyrarbakki,1994,29,764
Capelin,Eyrarbakki,1995,1898,13447
Capelin,Eyrarbakki,1996,2849,13457
Capelin,Eyrarbakki,1997,641,3206
Capelin,Eyrarbakki,1998,738,8853
Capelin,Eyrarbakki,1999,0,0
Capelin,Eyrarbakki,2000,0,0
Capelin,Eyrarbakki,2001,0,0
Capelin,Eyrarbakki,2002,0,0
Capelin,Eyrarbakki,2003,0,0
Capelin,Eyrarbakki,2004,0,0
Capelin,Eyrarbakki,2005,0,0
Capelin,Eyrarbakki,2006,0,0
Capelin,Eyrarbakki,2007,0,0
Capelin,Eyrarbakki,2008,0,0
Capelin,Eyrarbakki,2009,0,0
Capelin,Eyrarbakki,2010,0,0
Capelin,Eyrarbakki,2011,0,0
Capelin,Eyrarbakki,2012,0,0
Capelin,Eyrarbakki,2013,0,0
Capelin,Eyrarbakki,2014,0,0
Capelin,Eyrarbakki,2015,0,0
Capelin,Eyrarbakki,2016,0,0
Capelin,Eyrarbakki,2017,0,0
Capelin,Eyrarbakki,2018,0,0
Capelin,Eyrarbakki,2019,0,0
Capelin,Eyrarbakki,2020,0,0
Capelin,Eyrarbakki,2021,0,0
Capelin,Eyrarbakki,2022,0,0
Capelin,Eyrarbakki,2023,0,0
Capelin,Eyrarbakki,2024,0,0
Capelin,Flatey á Breiðafirði,1982,0,0
Capelin,Flatey á Breiðafirði,1983,0,0
Capelin,Flatey á Breiðafirði,1984,0,0
Capelin,Flatey á Breiðafirði,1985,0,0
Capelin,Flatey á Breiðafirði,1986,0,0
Capelin,Flatey á Breiðafirði,1987,0,0
Capelin,Flatey á Breiðafirði,1988,0,0
Capelin,Flatey á Breiðafirði,1989,0,0
Capelin,Flatey á Breiðafirði,1990,0,0
Capelin,Flatey á Breiðafirði,1991,0,0
Capelin,Flatey á Breiðafirði,1992,0,0
Capelin,Flatey á Breiðafirði,1993,0,0
Capelin,Flatey á Breiðafirði,1994,0,0
Capelin,Flatey á Breiðafirði,1995,0,0
Capelin,Flatey á Breiðafirði,1996,0,0
Capelin,Flatey á Breiðafirði,1997,0,0
Capelin,Flatey á Breiðafirði,1998,0,0
Capelin,Flatey á Breiðafirði,1999,0,0
Capelin,Flatey á Breiðafirði,2000,0,0
Capelin,Flatey á Breiðafirði,2001,0,0
Capelin,Flatey á Breiðafirði,2002,0,0
Capelin,Flatey á Breiðafirði,2003,0,0
Capelin,Flatey á Breiðafirði,2004,0,0
Capelin,Flatey á Breiðafirði,2005,0,0
Capelin,Flatey á Breiðafirði,2006,0,0
Capelin,Flatey á Breiðafirði,2007,0,0
Capelin,Flatey á Breiðafirði,2008,0,0
Capelin,Flatey á Breiðafirði,2009,0,0
Capelin,Flatey á Breiðafirði,2010,0,0
Capelin,Flatey á Breiðafirði,2011,0,0
Capelin,Flatey á Breiðafirði,2012,0,0
Capelin,Flatey á Breiðafirði,2013,0,0
Capelin,Flatey á Breiðafirði,2014,0,0
Capelin,Flatey á Breiðafirði,2015,0,0
Capelin,Flatey á Breiðafirði,2016,0,0
Capelin,Flatey á Breiðafirði,2017,0,0
Capelin,Flatey á Breiðafirði,2018,0,0
Capelin,Flatey á Breiðafirði,2019,0,0
Capelin,Flatey á Breiðafirði,2020,0,0
Capelin,Flatey á Breiðafirði,2021,0,0
Capelin,Flatey á Breiðafirði,2022,0,0
Capelin,Flatey á Breiðafirði,2023,0,0
Capelin,Flatey á Breiðafirði,2024,0,0
Capelin,Flateyri,1982,0,0
Capelin,Flateyri,1983,0,0
Capelin,Flateyri,1984,0,0
Capelin,Flateyri,1985,0,0
Capelin,Flateyri,1986,48,194
Capelin,Flateyri,1987,11,46
Capelin,Flateyri,1988,0,0
Capelin,Flateyri,1989,0,0
Capelin,Flateyri,1990,0,0
Capelin,Flateyri,1991,0,0
Capelin,Flateyri,1992,0,0
Capelin,Flateyri,1993,0,0
Capelin,Flateyri,1994,0,0
Capelin,Flateyri,1995,0,0
Capelin,Flateyri,1996,0,0
Capelin,Flateyri,1997,0,0
Capelin,Flateyri,1998,0,0
Capelin,Flateyri,1999,0,0
Capelin,Flateyri,2000,0,0
Capelin,Flateyri,2001,0,0
Capelin,Flateyri,2002,0,0
Capelin,Flateyri,2003,0,0
Capelin,Flateyri,2004,0,0
Capelin,Flateyri,2005,0,0
Capelin,Flateyri,2006,0,0
Capelin,Flateyri,2007,0,0
Capelin,Flateyri,2008,0,0
Capelin,Flateyri,2009,0,0
Capelin,Flateyri,2010,0,0
Capelin,Flateyri,2011,0,0
Capelin,Flateyri,2012,0,0
Capelin,Flateyri,2013,0,0
Capelin,Flateyri,2014,0,0
Capelin,Flateyri,2015,0,0
Capelin,Flateyri,2016,0,0
Capelin,Flateyri,2017,0,0
Capelin,Flateyri,2018,0,0
Capelin,Flateyri,2019,0,0
Capelin,Flateyri,2020,0,0
Capelin,Flateyri,2021,0,0
Capelin,Flateyri,2022,0,0
Capelin,Flateyri,2023,0,0
Capelin,Flateyri,2024,0,0
Capelin,Fáskrúðsfjörður,1982,0,0
Capelin,Fáskrúðsfjörður,1983,0,0
Capelin,Fáskrúðsfjörður,1984,6160,7528
Capelin,Fáskrúðsfjörður,1985,0,0
Capelin,Fáskrúðsfjörður,1986,0,0
Capelin,Fáskrúðsfjörður,1987,0,0
Capelin,Fáskrúðsfjörður,1988,0,0
Capelin,Fáskrúðsfjörður,1989,0,0
Capelin,Fáskrúðsfjörður,1990,0,0
Capelin,Fáskrúðsfjörður,1991,0,0
Capelin,Fáskrúðsfjörður,1992,0,0
Capelin,Fáskrúðsfjörður,1993,1348,4580
Capelin,Fáskrúðsfjörður,1994,206,5103
Capelin,Fáskrúðsfjörður,1995,5881,36480
Capelin,Fáskrúðsfjörður,1996,52240,309478
Capelin,Fáskrúðsfjörður,1997,72029,431207
Capelin,Fáskrúðsfjörður,1998,35417,255003
Capelin,Fáskrúðsfjörður,1999,41393,188861
Capelin,Fáskrúðsfjörður,2000,40006,176179
Capelin,Fáskrúðsfjörður,2001,24450,124670
Capelin,Fáskrúðsfjörður,2002,43577,375006
Capelin,Fáskrúðsfjörður,2003,19238,144387
Capelin,Fáskrúðsfjörður,2004,11922,88900
Capelin,Fáskrúðsfjörður,2005,33304,224729
Capelin,Fáskrúðsfjörður,2006,2951,27042
Capelin,Fáskrúðsfjörður,2007,5233,57224
Capelin,Fáskrúðsfjörður,2008,2535,18249
Capelin,Fáskrúðsfjörður,2009,0,0
Capelin,Fáskrúðsfjörður,2010,1648,35761
Capelin,Fáskrúðsfjörður,2011,5501,149537
Capelin,Fáskrúðsfjörður,2012,17977,420124
Capelin,Fáskrúðsfjörður,2013,11151,382595
Capelin,Fáskrúðsfjörður,2014,1838,76056
Capelin,Fáskrúðsfjörður,2015,8794,240723
Capelin,Fáskrúðsfjörður,2016,3082,77053
Capelin,Fáskrúðsfjörður,2017,10677,203924
Capelin,Fáskrúðsfjörður,2018,7947,222727
Capelin,Fáskrúðsfjörður,2019,0,0
Capelin,Fáskrúðsfjörður,2020,0,0
Capelin,Fáskrúðsfjörður,2021,3150,123870
Capelin,Fáskrúðsfjörður,2022,18119,588666
Capelin,Fáskrúðsfjörður,2023,12996,600768
Capelin,Fáskrúðsfjörður,2024,0,0
Capelin,Garðabær,1982,0,0
Capelin,Garðabær,1983,0,0
Capelin,Garðabær,1984,0,0
Capelin,Garðabær,1985,0,0
Capelin,Garðabær,1986,0,0
Capelin,Garðabær,1987,0,0
Capelin,Garðabær,1988,0,0
Capelin,Garðabær,1989,0,0
Capelin,Garðabær,1990,0,0
Capelin,Garðabær,1991,0,0
Capelin,Garðabær,1992,0,0
Capelin,Garðabær,1993,0,0
Capelin,Garðabær,1994,0,0
Capelin,Garðabær,1995,0,0
Capelin,Garðabær,1996,0,0
Capelin,Garðabær,1997,0,0
Capelin,Garðabær,1998,0,0
Capelin,Garðabær,1999,0,0
Capelin,Garðabær,2000,0,0
Capelin,Garðabær,2001,0,0
Capelin,Garðabær,2002,0,0
Capelin,Garðabær,2003,0,0
Capelin,Garðabær,2004,0,0
Capelin,Garðabær,2005,0,0
Capelin,Garðabær,2006,0,0
Capelin,Garðabær,2007,0,0
Capelin,Garðabær,2008,0,0
Capelin,Garðabær,2009,0,0
Capelin,Garðabær,2010,0,0
Capelin,Garðabær,2011,0,0
Capelin,Garðabær,2012,0,0
Capelin,Garðabær,2013,0,0
Capelin,Garðabær,2014,0,0
Capelin,Garðabær,2015,0,0
Capelin,Garðabær,2016,0,0
Capelin,Garðabær,2017,0,0
Capelin,Garðabær,2018,0,0
Capelin,Garðabær,2019,0,0
Capelin,Garðabær,2020,0,0
Capelin,Garðabær,2021,0,0
Capelin,Garðabær,2022,0,0
Capelin,Garðabær,2023,0,0
Capelin,Garðabær,2024,0,0
Capelin,Garður,1982,0,0
Capelin,Garður,1983,0,0
Capelin,Garður,1984,13,29
Capelin,Garður,1985,2,12
Capelin,Garður,1986,28,319
Capelin,Garður,1987,265,3618
Capelin,Garður,1988,2,12
Capelin,Garður,1989,79,949
Capelin,Garður,1990,124,1445
Capelin,Garður,1991,66,719
Capelin,Garður,1992,372,2564
Capelin,Garður,1993,230,3209
Capelin,Garður,1994,372,10705
Capelin,Garður,1995,446,8992
Capelin,Garður,1996,2993,21190
Capelin,Garður,1997,1958,12120
Capelin,Garður,1998,64,649
Capelin,Garður,1999,0,0
Capelin,Garður,2000,0,0
Capelin,Garður,2001,0,0
Capelin,Garður,2002,0,0
Capelin,Garður,2003,0,0
Capelin,Garður,2004,0,0
Capelin,Garður,2005,0,0
Capelin,Garður,2006,0,0
Capelin,Garður,2007,0,0
Capelin,Garður,2008,0,0
Capelin,Garður,2009,0,0
Capelin,Garður,2010,0,0
Capelin,Garður,2011,0,0
Capelin,Garður,2012,0,0
Capelin,Garður,2013,0,0
Capelin,Garður,2014,0,0
Capelin,Garður,2015,0,0
Capelin,Garður,2016,0,0
Capelin,Garður,2017,0,0
Capelin,Garður,2018,0,0
Capelin,Garður,2019,0,0
Capelin,Garður,2020,0,0
Capelin,Garður,2021,0,0
Capelin,Garður,2022,0,0
Capelin,Garður,2023,0,0
Capelin,Garður,2024,0,0
Capelin,Grindavík,1982,316,119
Capelin,Grindavík,1983,3079,5234
Capelin,Grindavík,1984,29854,33547
Capelin,Grindavík,1985,20284,31268
Capelin,Grindavík,1986,37307,65335
Capelin,Grindavík,1987,39082,67885
Capelin,Grindavík,1988,37095,101651
Capelin,Grindavík,1989,29205,96794
Capelin,Grindavík,1990,28307,96893
Capelin,Grindavík,1991,13944,46361
Capelin,Grindavík,1992,34981,132862
Capelin,Grindavík,1993,47131,173270
Capelin,Grindavík,1994,46761,154584
Capelin,Grindavík,1995,52794,217893
Capelin,Grindavík,1996,65686,351937
Capelin,Grindavík,1997,75323,429400
Capelin,Grindavík,1998,44371,306593
Capelin,Grindavík,1999,39658,160882
Capelin,Grindavík,2000,64471,261803
Capelin,Grindavík,2001,72611,390427
Capelin,Grindavík,2002,70652,545473
Capelin,Grindavík,2003,65808,489600
Capelin,Grindavík,2004,18616,134248
Capelin,Grindavík,2005,19951,91816
Capelin,Grindavík,2006,3357,17217
Capelin,Grindavík,2007,13469,107752
Capelin,Grindavík,2008,0,0
Capelin,Grindavík,2009,0,0
Capelin,Grindavík,2010,0,0
Capelin,Grindavík,2011,0,0
Capelin,Grindavík,2012,0,0
Capelin,Grindavík,2013,0,0
Capelin,Grindavík,2014,0,0
Capelin,Grindavík,2015,0,0
Capelin,Grindavík,2016,0,0
Capelin,Grindavík,2017,0,0
Capelin,Grindavík,2018,0,0
Capelin,Grindavík,2019,0,0
Capelin,Grindavík,2020,0,0
Capelin,Grindavík,2021,0,0
Capelin,Grindavík,2022,0,0
Capelin,Grindavík,2023,0,0
Capelin,Grindavík,2024,0,0
Capelin,Grundarfjörður,1982,0,0
Capelin,Grundarfjörður,1983,0,0
Capelin,Grundarfjörður,1984,0,0
Capelin,Grundarfjörður,1985,0,0
Capelin,Grundarfjörður,1986,0,0
Capelin,Grundarfjörður,1987,0,0
Capelin,Grundarfjörður,1988,0,0
Capelin,Grundarfjörður,1989,0,0
Capelin,Grundarfjörður,1990,0,0
Capelin,Grundarfjörður,1991,0,0
Capelin,Grundarfjörður,1992,0,0
Capelin,Grundarfjörður,1993,0,0
Capelin,Grundarfjörður,1994,0,0
Capelin,Grundarfjörður,1995,0,0
Capelin,Grundarfjörður,1996,0,0
Capelin,Grundarfjörður,1997,0,0
Capelin,Grundarfjörður,1998,0,0
Capelin,Grundarfjörður,1999,0,0
Capelin,Grundarfjörður,2000,0,0
Capelin,Grundarfjörður,2001,0,0
Capelin,Grundarfjörður,2002,0,0
Capelin,Grundarfjörður,2003,0,0
Capelin,Grundarfjörður,2004,0,0
Capelin,Grundarfjörður,2005,0,0
Capelin,Grundarfjörður,2006,0,0
Capelin,Grundarfjörður,2007,0,0
Capelin,Grundarfjörður,2008,1317,61761
Capelin,Grundarfjörður,2009,0,0
Capelin,Grundarfjörður,2010,0,0
Capelin,Grundarfjörður,2011,0,0
Capelin,Grundarfjörður,2012,0,0
Capelin,Grundarfjörður,2013,0,0
Capelin,Grundarfjörður,2014,579,50174
Capelin,Grundarfjörður,2015,0,0
Capelin,Grundarfjörður,2016,0,0
Capelin,Grundarfjörður,2017,0,0
Capelin,Grundarfjörður,2018,0,0
Capelin,Grundarfjörður,2019,0,0
Capelin,Grundarfjörður,2020,0,0
Capelin,Grundarfjörður,2021,0,0
Capelin,Grundarfjörður,2022,0,0
Capelin,Grundarfjörður,2023,0,0
Capelin,Grundarfjörður,2024,0,0
Capelin,Grímsey,1982,0,0
Capelin,Grímsey,1983,0,0
Capelin,Grímsey,1984,0,0
Capelin,Grímsey,1985,0,0
Capelin,Grímsey,1986,0,0
Capelin,Grímsey,1987,0,0
Capelin,Grímsey,1988,0,0
Capelin,Grímsey,1989,0,0
Capelin,Grímsey,1990,0,0
Capelin,Grímsey,1991,0,0
Capelin,Grímsey,1992,0,0
Capelin,Grímsey,1993,0,0
Capelin,Grímsey,1994,0,0
Capelin,Grímsey,1995,0,0
Capelin,Grímsey,1996,0,0
Capelin,Grímsey,1997,0,0
Capelin,Grímsey,1998,0,0
Capelin,Grímsey,1999,0,0
Capelin,Grímsey,2000,0,0
Capelin,Grímsey,2001,0,0
Capelin,Grímsey,2002,0,0
Capelin,Grímsey,2003,0,0
Capelin,Grímsey,2004,0,0
Capelin,Grímsey,2005,0,0
Capelin,Grímsey,2006,0,0
Capelin,Grímsey,2007,0,0
Capelin,Grímsey,2008,0,0
Capelin,Grímsey,2009,0,0
Capelin,Grímsey,2010,0,0
Capelin,Grímsey,2011,0,0
Capelin,Grímsey,2012,0,0
Capelin,Grímsey,2013,0,0
Capelin,Grímsey,2014,0,0
Capelin,Grímsey,2015,0,0
Capelin,Grímsey,2016,0,0
Capelin,Grímsey,2017,0,0
Capelin,Grímsey,2018,0,0
Capelin,Grímsey,2019,0,0
Capelin,Grímsey,2020,0,0
Capelin,Grímsey,2021,0,0
Capelin,Grímsey,2022,0,0
Capelin,Grímsey,2023,0,0
Capelin,Grímsey,2024,0,0
Capelin,Hafnarfjörður,1982,29,21
Capelin,Hafnarfjörður,1983,0,0
Capelin,Hafnarfjörður,1984,9548,11132
Capelin,Hafnarfjörður,1985,3823,4546
Capelin,Hafnarfjörður,1986,3607,6342
Capelin,Hafnarfjörður,1987,5957,22257
Capelin,Hafnarfjörður,1988,6293,17877
Capelin,Hafnarfjörður,1989,5894,20836
Capelin,Hafnarfjörður,1990,5641,20132
Capelin,Hafnarfjörður,1991,18,210
Capelin,Hafnarfjörður,1992,0,0
Capelin,Hafnarfjörður,1993,99,1384
Capelin,Hafnarfjörður,1994,333,10327
Capelin,Hafnarfjörður,1995,5266,30408
Capelin,Hafnarfjörður,1996,9089,52541
Capelin,Hafnarfjörður,1997,378,1614
Capelin,Hafnarfjörður,1998,228,2253
Capelin,Hafnarfjörður,1999,0,0
Capelin,Hafnarfjörður,2000,0,0
Capelin,Hafnarfjörður,2001,0,0
Capelin,Hafnarfjörður,2002,571,4855
Capelin,Hafnarfjörður,2003,0,0
Capelin,Hafnarfjörður,2004,0,0
Capelin,Hafnarfjörður,2005,3423,140442
Capelin,Hafnarfjörður,2006,5673,199599
Capelin,Hafnarfjörður,2007,3259,171718
Capelin,Hafnarfjörður,2008,0,0
Capelin,Hafnarfjörður,2009,1626,112014
Capelin,Hafnarfjörður,2010,2337,134906
Capelin,Hafnarfjörður,2011,435,27967
Capelin,Hafnarfjörður,2012,0,0
Capelin,Hafnarfjörður,2013,0,0
Capelin,Hafnarfjörður,2014,1663,147737
Capelin,Hafnarfjörður,2015,0,0
Capelin,Hafnarfjörður,2016,824,107855
Capelin,Hafnarfjörður,2017,0,0
Capelin,Hafnarfjörður,2018,0,0
Capelin,Hafnarfjörður,2019,0,0
Capelin,Hafnarfjörður,2020,0,0
Capelin,Hafnarfjörður,2021,0,0
Capelin,Hafnarfjörður,2022,464,74466
Capelin,Hafnarfjörður,2023,0,0
Capelin,Hafnarfjörður,2024,0,0
Capelin,Hafnir,1982,0,0
Capelin,Hafnir,1983,0,0
Capelin,Hafnir,1984,5515,2607
Capelin,Hafnir,1985,3,23
Capelin,Hafnir,1986,36,425
Capelin,Hafnir,1987,81,1093
Capelin,Hafnir,1988,22,217
Capelin,Hafnir,1989,0,0
Capelin,Hafnir,1990,0,0
Capelin,Hafnir,1991,0,0
Capelin,Hafnir,1992,0,0
Capelin,Hafnir,1993,0,0
Capelin,Hafnir,1994,0,0
Capelin,Hafnir,1995,0,0
Capelin,Hafnir,1996,0,0
Capelin,Hafnir,1997,0,0
Capelin,Hafnir,1998,0,0
Capelin,Hafnir,1999,0,0
Capelin,Hafnir,2000,0,0
Capelin,Hafnir,2001,0,0
Capelin,Hafnir,2002,0,0
Capelin,Hafnir,2003,0,0
Capelin,Hafnir,2004,0,0
Capelin,Hafnir,2005,0,0
Capelin,Hafnir,2006,0,0
Capelin,Hafnir,2007,0,0
Capelin,Hafnir,2008,0,0
Capelin,Hafnir,2009,0,0
Capelin,Hafnir,2010,0,0
Capelin,Hafnir,2011,0,0
Capelin,Hafnir,2012,0,0
Capelin,Hafnir,2013,0,0
Capelin,Hafnir,2014,0,0
Capelin,Hafnir,2015,0,0
Capelin,Hafnir,2016,0,0
Capelin,Hafnir,2017,0,0
Capelin,Hafnir,2018,0,0
Capelin,Hafnir,2019,0,0
Capelin,Hafnir,2020,0,0
Capelin,Hafnir,2021,0,0
Capelin,Hafnir,2022,0,0
Capelin,Hafnir,2023,0,0
Capelin,Hafnir,2024,0,0
Capelin,Haganesvík,1982,0,0
Capelin,Haganesvík,1983,0,0
Capelin,Haganesvík,1984,0,0
Capelin,Haganesvík,1985,0,0
Capelin,Haganesvík,1986,0,0
Capelin,Haganesvík,1987,0,0
Capelin,Haganesvík,1988,0,0
Capelin,Haganesvík,1989,0,0
Capelin,Haganesvík,1990,0,0
Capelin,Haganesvík,1991,0,0
Capelin,Haganesvík,1992,0,0
Capelin,Haganesvík,1993,0,0
Capelin,Haganesvík,1994,0,0
Capelin,Haganesvík,1995,0,0
Capelin,Haganesvík,1996,0,0
Capelin,Haganesvík,1997,0,0
Capelin,Haganesvík,1998,0,0
Capelin,Haganesvík,1999,0,0
Capelin,Haganesvík,2000,0,0
Capelin,Haganesvík,2001,0,0
Capelin,Haganesvík,2002,0,0
Capelin,Haganesvík,2003,0,0
Capelin,Haganesvík,2004,0,0
Capelin,Haganesvík,2005,0,0
Capelin,Haganesvík,2006,0,0
Capelin,Haganesvík,2007,0,0
Capelin,Haganesvík,2008,0,0
Capelin,Haganesvík,2009,0,0
Capelin,Haganesvík,2010,0,0
Capelin,Haganesvík,2011,0,0
Capelin,Haganesvík,2012,0,0
Capelin,Haganesvík,2013,0,0
Capelin,Haganesvík,2014,0,0
Capelin,Haganesvík,2015,0,0
Capelin,Haganesvík,2016,0,0
Capelin,Haganesvík,2017,0,0
Capelin,Haganesvík,2018,0,0
Capelin,Haganesvík,2019,0,0
Capelin,Haganesvík,2020,0,0
Capelin,Haganesvík,2021,0,0
Capelin,Haganesvík,2022,0,0
Capelin,Haganesvík,2023,0,0
Capelin,Haganesvík,2024,0,0
Capelin,Hauganes,1982,0,0
Capelin,Hauganes,1983,0,0
Capelin,Hauganes,1984,0,0
Capelin,Hauganes,1985,0,0
Capelin,Hauganes,1986,0,0
Capelin,Hauganes,1987,0,0
Capelin,Hauganes,1988,0,0
Capelin,Hauganes,1989,0,0
Capelin,Hauganes,1990,0,0
Capelin,Hauganes,1991,0,0
Capelin,Hauganes,1992,0,0
Capelin,Hauganes,1993,0,0
Capelin,Hauganes,1994,0,0
Capelin,Hauganes,1995,0,0
Capelin,Hauganes,1996,0,0
Capelin,Hauganes,1997,0,0
Capelin,Hauganes,1998,0,0
Capelin,Hauganes,1999,0,0
Capelin,Hauganes,2000,0,0
Capelin,Hauganes,2001,0,0
Capelin,Hauganes,2002,0,0
Capelin,Hauganes,2003,0,0
Capelin,Hauganes,2004,0,0
Capelin,Hauganes,2005,0,0
Capelin,Hauganes,2006,0,0
Capelin,Hauganes,2007,0,0
Capelin,Hauganes,2008,0,0
Capelin,Hauganes,2009,0,0
Capelin,Hauganes,2010,0,0
Capelin,Hauganes,2011,0,0
Capelin,Hauganes,2012,0,0
Capelin,Hauganes,2013,0,0
Capelin,Hauganes,2014,0,0
Capelin,Hauganes,2015,0,0
Capelin,Hauganes,2016,0,0
Capelin,Hauganes,2017,0,0
Capelin,Hauganes,2018,0,0
Capelin,Hauganes,2019,0,0
Capelin,Hauganes,2020,0,0
Capelin,Hauganes,2021,0,0
Capelin,Hauganes,2022,0,0
Capelin,Hauganes,2023,0,0
Capelin,Hauganes,2024,0,0
Capelin,Haukabergsvaðall,1982,0,0
Capelin,Haukabergsvaðall,1983,0,0
Capelin,Haukabergsvaðall,1984,0,0
Capelin,Haukabergsvaðall,1985,0,0
Capelin,Haukabergsvaðall,1986,0,0
Capelin,Haukabergsvaðall,1987,0,0
Capelin,Haukabergsvaðall,1988,0,0
Capelin,Haukabergsvaðall,1989,0,0
Capelin,Haukabergsvaðall,1990,0,0
Capelin,Haukabergsvaðall,1991,0,0
Capelin,Haukabergsvaðall,1992,0,0
Capelin,Haukabergsvaðall,1993,0,0
Capelin,Haukabergsvaðall,1994,0,0
Capelin,Haukabergsvaðall,1995,0,0
Capelin,Haukabergsvaðall,1996,0,0
Capelin,Haukabergsvaðall,1997,0,0
Capelin,Haukabergsvaðall,1998,0,0
Capelin,Haukabergsvaðall,1999,0,0
Capelin,Haukabergsvaðall,2000,0,0
Capelin,Haukabergsvaðall,2001,0,0
Capelin,Haukabergsvaðall,2002,0,0
Capelin,Haukabergsvaðall,2003,0,0
Capelin,Haukabergsvaðall,2004,0,0
Capelin,Haukabergsvaðall,2005,0,0
Capelin,Haukabergsvaðall,2006,0,0
Capelin,Haukabergsvaðall,2007,0,0
Capelin,Haukabergsvaðall,2008,0,0
Capelin,Haukabergsvaðall,2009,0,0
Capelin,Haukabergsvaðall,2010,0,0
Capelin,Haukabergsvaðall,2011,0,0
Capelin,Haukabergsvaðall,2012,0,0
Capelin,Haukabergsvaðall,2013,0,0
Capelin,Haukabergsvaðall,2014,0,0
Capelin,Haukabergsvaðall,2015,0,0
Capelin,Haukabergsvaðall,2016,0,0
Capelin,Haukabergsvaðall,2017,0,0
Capelin,Haukabergsvaðall,2018,0,0
Capelin,Haukabergsvaðall,2019,0,0
Capelin,Haukabergsvaðall,2020,0,0
Capelin,Haukabergsvaðall,2021,0,0
Capelin,Haukabergsvaðall,2022,0,0
Capelin,Haukabergsvaðall,2023,0,0
Capelin,Haukabergsvaðall,2024,0,0
Capelin,Hellissandur,1982,0,0
Capelin,Hellissandur,1983,0,0
Capelin,Hellissandur,1984,0,0
Capelin,Hellissandur,1985,0,0
Capelin,Hellissandur,1986,0,0
Capelin,Hellissandur,1987,0,0
Capelin,Hellissandur,1988,0,0
Capelin,Hellissandur,1989,0,0
Capelin,Hellissandur,1990,0,0
Capelin,Hellissandur,1991,0,0
Capelin,Hellissandur,1992,0,0
Capelin,Hellissandur,1993,0,0
Capelin,Hellissandur,1994,0,0
Capelin,Hellissandur,1995,0,0
Capelin,Hellissandur,1996,0,0
Capelin,Hellissandur,1997,0,0
Capelin,Hellissandur,1998,0,0
Capelin,Hellissandur,1999,0,0
Capelin,Hellissandur,2000,0,0
Capelin,Hellissandur,2001,0,0
Capelin,Hellissandur,2002,0,0
Capelin,Hellissandur,2003,0,0
Capelin,Hellissandur,2004,0,0
Capelin,Hellissandur,2005,0,0
Capelin,Hellissandur,2006,0,0
Capelin,Hellissandur,2007,0,0
Capelin,Hellissandur,2008,0,0
Capelin,Hellissandur,2009,0,0
Capelin,Hellissandur,2010,0,0
Capelin,Hellissandur,2011,0,0
Capelin,Hellissandur,2012,0,0
Capelin,Hellissandur,2013,0,0
Capelin,Hellissandur,2014,0,0
Capelin,Hellissandur,2015,0,0
Capelin,Hellissandur,2016,0,0
Capelin,Hellissandur,2017,0,0
Capelin,Hellissandur,2018,0,0
Capelin,Hellissandur,2019,0,0
Capelin,Hellissandur,2020,0,0
Capelin,Hellissandur,2021,0,0
Capelin,Hellissandur,2022,0,0
Capelin,Hellissandur,2023,0,0
Capelin,Hellissandur,2024,0,0
Capelin,Hellnar,1982,0,0
Capelin,Hellnar,1983,0,0
Capelin,Hellnar,1984,0,0
Capelin,Hellnar,1985,0,0
Capelin,Hellnar,1986,0,0
Capelin,Hellnar,1987,0,0
Capelin,Hellnar,1988,0,0
Capelin,Hellnar,1989,0,0
Capelin,Hellnar,1990,0,0
Capelin,Hellnar,1991,0,0
Capelin,Hellnar,1992,0,0
Capelin,Hellnar,1993,0,0
Capelin,Hellnar,1994,0,0
Capelin,Hellnar,1995,0,0
Capelin,Hellnar,1996,0,0
Capelin,Hellnar,1997,0,0
Capelin,Hellnar,1998,0,0
Capelin,Hellnar,1999,0,0
Capelin,Hellnar,2000,0,0
Capelin,Hellnar,2001,0,0
Capelin,Hellnar,2002,0,0
Capelin,Hellnar,2003,0,0
Capelin,Hellnar,2004,0,0
Capelin,Hellnar,2005,0,0
Capelin,Hellnar,2006,0,0
Capelin,Hellnar,2007,0,0
Capelin,Hellnar,2008,0,0
Capelin,Hellnar,2009,0,0
Capelin,Hellnar,2010,0,0
Capelin,Hellnar,2011,0,0
Capelin,Hellnar,2012,0,0
Capelin,Hellnar,2013,0,0
Capelin,Hellnar,2014,0,0
Capelin,Hellnar,2015,0,0
Capelin,Hellnar,2016,0,0
Capelin,Hellnar,2017,0,0
Capelin,Hellnar,2018,0,0
Capelin,Hellnar,2019,0,0
Capelin,Hellnar,2020,0,0
Capelin,Hellnar,2021,0,0
Capelin,Hellnar,2022,0,0
Capelin,Hellnar,2023,0,0
Capelin,Hellnar,2024,0,0
Capelin,Hjalteyri,1982,0,0
Capelin,Hjalteyri,1983,0,0
Capelin,Hjalteyri,1984,0,0
Capelin,Hjalteyri,1985,0,0
Capelin,Hjalteyri,1986,0,0
Capelin,Hjalteyri,1987,0,0
Capelin,Hjalteyri,1988,0,0
Capelin,Hjalteyri,1989,0,0
Capelin,Hjalteyri,1990,0,0
Capelin,Hjalteyri,1991,0,0
Capelin,Hjalteyri,1992,0,0
Capelin,Hjalteyri,1993,0,0
Capelin,Hjalteyri,1994,0,0
Capelin,Hjalteyri,1995,0,0
Capelin,Hjalteyri,1996,0,0
Capelin,Hjalteyri,1997,0,0
Capelin,Hjalteyri,1998,0,0
Capelin,Hjalteyri,1999,0,0
Capelin,Hjalteyri,2000,0,0
Capelin,Hjalteyri,2001,0,0
Capelin,Hjalteyri,2002,0,0
Capelin,Hjalteyri,2003,0,0
Capelin,Hjalteyri,2004,0,0
Capelin,Hjalteyri,2005,0,0
Capelin,Hjalteyri,2006,0,0
Capelin,Hjalteyri,2007,0,0
Capelin,Hjalteyri,2008,0,0
Capelin,Hjalteyri,2009,0,0
Capelin,Hjalteyri,2010,0,0
Capelin,Hjalteyri,2011,0,0
Capelin,Hjalteyri,2012,0,0
Capelin,Hjalteyri,2013,0,0
Capelin,Hjalteyri,2014,0,0
Capelin,Hjalteyri,2015,0,0
Capelin,Hjalteyri,2016,0,0
Capelin,Hjalteyri,2017,0,0
Capelin,Hjalteyri,2018,0,0
Capelin,Hjalteyri,2019,0,0
Capelin,Hjalteyri,2020,0,0
Capelin,Hjalteyri,2021,0,0
Capelin,Hjalteyri,2022,0,0
Capelin,Hjalteyri,2023,0,0
Capelin,Hjalteyri,2024,0,0
Capelin,Hnífsdalur,1982,0,0
Capelin,Hnífsdalur,1983,0,0
Capelin,Hnífsdalur,1984,0,0
Capelin,Hnífsdalur,1985,0,0
Capelin,Hnífsdalur,1986,0,0
Capelin,Hnífsdalur,1987,0,0
Capelin,Hnífsdalur,1988,0,0
Capelin,Hnífsdalur,1989,0,0
Capelin,Hnífsdalur,1990,0,0
Capelin,Hnífsdalur,1991,0,0
Capelin,Hnífsdalur,1992,0,0
Capelin,Hnífsdalur,1993,0,0
Capelin,Hnífsdalur,1994,0,0
Capelin,Hnífsdalur,1995,0,0
Capelin,Hnífsdalur,1996,0,0
Capelin,Hnífsdalur,1997,0,0
Capelin,Hnífsdalur,1998,0,0
Capelin,Hnífsdalur,1999,0,0
Capelin,Hnífsdalur,2000,0,0
Capelin,Hnífsdalur,2001,0,0
Capelin,Hnífsdalur,2002,0,0
Capelin,Hnífsdalur,2003,0,0
Capelin,Hnífsdalur,2004,0,0
Capelin,Hnífsdalur,2005,0,0
Capelin,Hnífsdalur,2006,0,0
Capelin,Hnífsdalur,2007,0,0
Capelin,Hnífsdalur,2008,0,0
Capelin,Hnífsdalur,2009,0,0
Capelin,Hnífsdalur,2010,0,0
Capelin,Hnífsdalur,2011,0,0
Capelin,Hnífsdalur,2012,0,0
Capelin,Hnífsdalur,2013,0,0
Capelin,Hnífsdalur,2014,0,0
Capelin,Hnífsdalur,2015,0,0
Capelin,Hnífsdalur,2016,0,0
Capelin,Hnífsdalur,2017,0,0
Capelin,Hnífsdalur,2018,0,0
Capelin,Hnífsdalur,2019,0,0
Capelin,Hnífsdalur,2020,0,0
Capelin,Hnífsdalur,2021,0,0
Capelin,Hnífsdalur,2022,0,0
Capelin,Hnífsdalur,2023,0,0
Capelin,Hnífsdalur,2024,0,0
Capelin,Hofsós,1982,0,0
Capelin,Hofsós,1983,0,0
Capelin,Hofsós,1984,0,0
Capelin,Hofsós,1985,0,0
Capelin,Hofsós,1986,0,0
Capelin,Hofsós,1987,0,0
Capelin,Hofsós,1988,0,0
Capelin,Hofsós,1989,0,0
Capelin,Hofsós,1990,0,0
Capelin,Hofsós,1991,0,0
Capelin,Hofsós,1992,0,0
Capelin,Hofsós,1993,0,0
Capelin,Hofsós,1994,0,0
Capelin,Hofsós,1995,0,0
Capelin,Hofsós,1996,0,0
Capelin,Hofsós,1997,0,0
Capelin,Hofsós,1998,0,0
Capelin,Hofsós,1999,0,0
Capelin,Hofsós,2000,0,0
Capelin,Hofsós,2001,0,0
Capelin,Hofsós,2002,0,0
Capelin,Hofsós,2003,0,0
Capelin,Hofsós,2004,0,0
Capelin,Hofsós,2005,0,0
Capelin,Hofsós,2006,0,0
Capelin,Hofsós,2007,0,0
Capelin,Hofsós,2008,0,0
Capelin,Hofsós,2009,0,0
Capelin,Hofsós,2010,0,0
Capelin,Hofsós,2011,0,0
Capelin,Hofsós,2012,0,0
Capelin,Hofsós,2013,0,0
Capelin,Hofsós,2014,0,0
Capelin,Hofsós,2015,0,0
Capelin,Hofsós,2016,0,0
Capelin,Hofsós,2017,0,0
Capelin,Hofsós,2018,0,0
Capelin,Hofsós,2019,0,0
Capelin,Hofsós,2020,0,0
Capelin,Hofsós,2021,0,0
Capelin,Hofsós,2022,0,0
Capelin,Hofsós,2023,0,0
Capelin,Hofsós,2024,0,0
Capelin,Hornafjörður,1982,1001,430
Capelin,Hornafjörður,1983,0,0
Capelin,Hornafjörður,1984,18423,21745
Capelin,Hornafjörður,1985,11118,17604
Capelin,Hornafjörður,1986,12664,19778
Capelin,Hornafjörður,1987,16822,32852
Capelin,Hornafjörður,1988,27600,71623
Capelin,Hornafjörður,1989,17090,65980
Capelin,Hornafjörður,1990,20496,76942
Capelin,Hornafjörður,1991,1019,4077
Capelin,Hornafjörður,1992,8458,28224
Capelin,Hornafjörður,1993,16780,66121
Capelin,Hornafjörður,1994,25596,141141
Capelin,Hornafjörður,1995,25918,126337
Capelin,Hornafjörður,1996,43440,263333
Capelin,Hornafjörður,1997,41951,259852
Capelin,Hornafjörður,1998,22062,166675
Capelin,Hornafjörður,1999,23642,107502
Capelin,Hornafjörður,2000,19442,79992
Capelin,Hornafjörður,2001,24915,128900
Capelin,Hornafjörður,2002,30648,245250
Capelin,Hornafjörður,2003,20269,145144
Capelin,Hornafjörður,2004,21290,168164
Capelin,Hornafjörður,2005,29218,270896
Capelin,Hornafjörður,2006,10429,118888
Capelin,Hornafjörður,2007,20949,282005
Capelin,Hornafjörður,2008,7603,90430
Capelin,Hornafjörður,2009,1186,31432
Capelin,Hornafjörður,2010,8636,213784
Capelin,Hornafjörður,2011,24133,673428
Capelin,Hornafjörður,2012,36929,896892
Capelin,Hornafjörður,2013,37470,1306315
Capelin,Hornafjörður,2014,10032,296462
Capelin,Hornafjörður,2015,25183,867910
Capelin,Hornafjörður,2016,7319,242769
Capelin,Hornafjörður,2017,11681,307867
Capelin,Hornafjörður,2018,12528,374984
Capelin,Hornafjörður,2019,0,0
Capelin,Hornafjörður,2020,0,0
Capelin,Hornafjörður,2021,10929,751204
Capelin,Hornafjörður,2022,26732,888960
Capelin,Hornafjörður,2023,20757,1165539
Capelin,Hornafjörður,2024,0,0
Capelin,Hrísey,1982,0,0
Capelin,Hrísey,1983,0,0
Capelin,Hrísey,1984,0,0
Capelin,Hrísey,1985,0,0
Capelin,Hrísey,1986,0,0
Capelin,Hrísey,1987,0,0
Capelin,Hrísey,1988,0,0
Capelin,Hrísey,1989,0,0
Capelin,Hrísey,1990,0,0
Capelin,Hrísey,1991,0,0
Capelin,Hrísey,1992,0,0
Capelin,Hrísey,1993,0,0
Capelin,Hrísey,1994,0,0
Capelin,Hrísey,1995,0,0
Capelin,Hrísey,1996,0,0
Capelin,Hrísey,1997,0,0
Capelin,Hrísey,1998,0,0
Capelin,Hrísey,1999,0,0
Capelin,Hrísey,2000,0,0
Capelin,Hrísey,2001,0,0
Capelin,Hrísey,2002,0,0
Capelin,Hrísey,2003,0,0
Capelin,Hrísey,2004,0,0
Capelin,Hrísey,2005,0,0
Capelin,Hrísey,2006,0,0
Capelin,Hrísey,2007,0,0
Capelin,Hrísey,2008,0,0
Capelin,Hrísey,2009,0,0
Capelin,Hrísey,2010,0,0
Capelin,Hrísey,2011,0,0
Capelin,Hrísey,2012,0,0
Capelin,Hrísey,2013,0,0
Capelin,Hrísey,2014,0,0
Capelin,Hrísey,2015,0,0
Capelin,Hrísey,2016,0,0
Capelin,Hrísey,2017,0,0
Capelin,Hrísey,2018,0,0
Capelin,Hrísey,2019,0,0
Capelin,Hrísey,2020,0,0
Capelin,Hrísey,2021,0,0
Capelin,Hrísey,2022,0,0
Capelin,Hrísey,2023,0,0
Capelin,Hrísey,2024,0,0
Capelin,Hvalseyjar,1982,0,0
Capelin,Hvalseyjar,1983,0,0
Capelin,Hvalseyjar,1984,0,0
Capelin,Hvalseyjar,1985,0,0
Capelin,Hvalseyjar,1986,0,0
Capelin,Hvalseyjar,1987,0,0
Capelin,Hvalseyjar,1988,0,0
Capelin,Hvalseyjar,1989,0,0
Capelin,Hvalseyjar,1990,0,0
Capelin,Hvalseyjar,1991,0,0
Capelin,Hvalseyjar,1992,0,0
Capelin,Hvalseyjar,1993,0,0
Capelin,Hvalseyjar,1994,0,0
Capelin,Hvalseyjar,1995,0,0
Capelin,Hvalseyjar,1996,0,0
Capelin,Hvalseyjar,1997,0,0
Capelin,Hvalseyjar,1998,0,0
Capelin,Hvalseyjar,1999,0,0
Capelin,Hvalseyjar,2000,0,0
Capelin,Hvalseyjar,2001,0,0
Capelin,Hvalseyjar,2002,0,0
Capelin,Hvalseyjar,2003,0,0
Capelin,Hvalseyjar,2004,0,0
Capelin,Hvalseyjar,2005,0,0
Capelin,Hvalseyjar,2006,0,0
Capelin,Hvalseyjar,2007,0,0
Capelin,Hvalseyjar,2008,0,0
Capelin,Hvalseyjar,2009,0,0
Capelin,Hvalseyjar,2010,0,0
Capelin,Hvalseyjar,2011,0,0
Capelin,Hvalseyjar,2012,0,0
Capelin,Hvalseyjar,2013,0,0
Capelin,Hvalseyjar,2014,0,0
Capelin,Hvalseyjar,2015,0,0
Capelin,Hvalseyjar,2016,0,0
Capelin,Hvalseyjar,2017,0,0
Capelin,Hvalseyjar,2018,0,0
Capelin,Hvalseyjar,2019,0,0
Capelin,Hvalseyjar,2020,0,0
Capelin,Hvalseyjar,2021,0,0
Capelin,Hvalseyjar,2022,0,0
Capelin,Hvalseyjar,2023,0,0
Capelin,Hvalseyjar,2024,0,0
Capelin,Hvammstangi,1982,0,0
Capelin,Hvammstangi,1983,0,0
Capelin,Hvammstangi,1984,0,0
Capelin,Hvammstangi,1985,0,0
Capelin,Hvammstangi,1986,0,0
Capelin,Hvammstangi,1987,0,0
Capelin,Hvammstangi,1988,0,0
Capelin,Hvammstangi,1989,0,0
Capelin,Hvammstangi,1990,0,0
Capelin,Hvammstangi,1991,0,0
Capelin,Hvammstangi,1992,0,0
Capelin,Hvammstangi,1993,0,0
Capelin,Hvammstangi,1994,0,0
Capelin,Hvammstangi,1995,0,0
Capelin,Hvammstangi,1996,0,0
Capelin,Hvammstangi,1997,0,0
Capelin,Hvammstangi,1998,0,0
Capelin,Hvammstangi,1999,0,0
Capelin,Hvammstangi,2000,0,0
Capelin,Hvammstangi,2001,0,0
Capelin,Hvammstangi,2002,0,0
Capelin,Hvammstangi,2003,0,0
Capelin,Hvammstangi,2004,0,0
Capelin,Hvammstangi,2005,0,0
Capelin,Hvammstangi,2006,0,0
Capelin,Hvammstangi,2007,0,0
Capelin,Hvammstangi,2008,0,0
Capelin,Hvammstangi,2009,0,0
Capelin,Hvammstangi,2010,0,0
Capelin,Hvammstangi,2011,0,0
Capelin,Hvammstangi,2012,0,0
Capelin,Hvammstangi,2013,0,0
Capelin,Hvammstangi,2014,0,0
Capelin,Hvammstangi,2015,0,0
Capelin,Hvammstangi,2016,0,0
Capelin,Hvammstangi,2017,0,0
Capelin,Hvammstangi,2018,0,0
Capelin,Hvammstangi,2019,0,0
Capelin,Hvammstangi,2020,0,0
Capelin,Hvammstangi,2021,0,0
Capelin,Hvammstangi,2022,0,0
Capelin,Hvammstangi,2023,0,0
Capelin,Hvammstangi,2024,0,0
Capelin,Hveragerði,1982,0,0
Capelin,Hveragerði,1983,0,0
Capelin,Hveragerði,1984,0,0
Capelin,Hveragerði,1985,0,0
Capelin,Hveragerði,1986,0,0
Capelin,Hveragerði,1987,0,0
Capelin,Hveragerði,1988,0,0
Capelin,Hveragerði,1989,0,0
Capelin,Hveragerði,1990,0,0
Capelin,Hveragerði,1991,0,0
Capelin,Hveragerði,1992,0,0
Capelin,Hveragerði,1993,0,0
Capelin,Hveragerði,1994,0,0
Capelin,Hveragerði,1995,0,0
Capelin,Hveragerði,1996,0,0
Capelin,Hveragerði,1997,0,0
Capelin,Hveragerði,1998,0,0
Capelin,Hveragerði,1999,0,0
Capelin,Hveragerði,2000,0,0
Capelin,Hveragerði,2001,0,0
Capelin,Hveragerði,2002,0,0
Capelin,Hveragerði,2003,0,0
Capelin,Hveragerði,2004,0,0
Capelin,Hveragerði,2005,0,0
Capelin,Hveragerði,2006,0,0
Capelin,Hveragerði,2007,0,0
Capelin,Hveragerði,2008,0,0
Capelin,Hveragerði,2009,0,0
Capelin,Hveragerði,2010,0,0
Capelin,Hveragerði,2011,0,0
Capelin,Hveragerði,2012,0,0
Capelin,Hveragerði,2013,0,0
Capelin,Hveragerði,2014,0,0
Capelin,Hveragerði,2015,0,0
Capelin,Hveragerði,2016,0,0
Capelin,Hveragerði,2017,0,0
Capelin,Hveragerði,2018,0,0
Capelin,Hveragerði,2019,0,0
Capelin,Hveragerði,2020,0,0
Capelin,Hveragerði,2021,0,0
Capelin,Hveragerði,2022,0,0
Capelin,Hveragerði,2023,0,0
Capelin,Hveragerði,2024,0,0
Capelin,Hvolsvöllur,1982,0,0
Capelin,Hvolsvöllur,1983,0,0
Capelin,Hvolsvöllur,1984,0,0
Capelin,Hvolsvöllur,1985,0,0
Capelin,Hvolsvöllur,1986,0,0
Capelin,Hvolsvöllur,1987,0,0
Capelin,Hvolsvöllur,1988,0,0
Capelin,Hvolsvöllur,1989,0,0
Capelin,Hvolsvöllur,1990,0,0
Capelin,Hvolsvöllur,1991,0,0
Capelin,Hvolsvöllur,1992,0,0
Capelin,Hvolsvöllur,1993,0,0
Capelin,Hvolsvöllur,1994,0,0
Capelin,Hvolsvöllur,1995,0,0
Capelin,Hvolsvöllur,1996,0,0
Capelin,Hvolsvöllur,1997,0,0
Capelin,Hvolsvöllur,1998,0,0
Capelin,Hvolsvöllur,1999,0,0
Capelin,Hvolsvöllur,2000,0,0
Capelin,Hvolsvöllur,2001,0,0
Capelin,Hvolsvöllur,2002,0,0
Capelin,Hvolsvöllur,2003,0,0
Capelin,Hvolsvöllur,2004,0,0
Capelin,Hvolsvöllur,2005,0,0
Capelin,Hvolsvöllur,2006,0,0
Capelin,Hvolsvöllur,2007,0,0
Capelin,Hvolsvöllur,2008,0,0
Capelin,Hvolsvöllur,2009,0,0
Capelin,Hvolsvöllur,2010,0,0
Capelin,Hvolsvöllur,2011,0,0
Capelin,Hvolsvöllur,2012,0,0
Capelin,Hvolsvöllur,2013,0,0
Capelin,Hvolsvöllur,2014,0,0
Capelin,Hvolsvöllur,2015,0,0
Capelin,Hvolsvöllur,2016,0,0
Capelin,Hvolsvöllur,2017,0,0
Capelin,Hvolsvöllur,2018,0,0
Capelin,Hvolsvöllur,2019,0,0
Capelin,Hvolsvöllur,2020,0,0
Capelin,Hvolsvöllur,2021,0,0
Capelin,Hvolsvöllur,2022,0,0
Capelin,Hvolsvöllur,2023,0,0
Capelin,Hvolsvöllur,2024,0,0
Capelin,Hólmavík,1982,0,0
Capelin,Hólmavík,1983,0,0
Capelin,Hólmavík,1984,0,0
Capelin,Hólmavík,1985,0,0
Capelin,Hólmavík,1986,0,0
Capelin,Hólmavík,1987,0,0
Capelin,Hólmavík,1988,0,0
Capelin,Hólmavík,1989,0,0
Capelin,Hólmavík,1990,0,0
Capelin,Hólmavík,1991,0,0
Capelin,Hólmavík,1992,0,0
Capelin,Hólmavík,1993,0,0
Capelin,Hólmavík,1994,0,0
Capelin,Hólmavík,1995,0,0
Capelin,Hólmavík,1996,0,0
Capelin,Hólmavík,1997,0,0
Capelin,Hólmavík,1998,0,0
Capelin,Hólmavík,1999,0,0
Capelin,Hólmavík,2000,0,0
Capelin,Hólmavík,2001,0,0
Capelin,Hólmavík,2002,0,0
Capelin,Hólmavík,2003,0,0
Capelin,Hólmavík,2004,0,0
Capelin,Hólmavík,2005,0,0
Capelin,Hólmavík,2006,0,0
Capelin,Hólmavík,2007,0,0
Capelin,Hólmavík,2008,0,0
Capelin,Hólmavík,2009,0,0
Capelin,Hólmavík,2010,0,0
Capelin,Hólmavík,2011,0,0
Capelin,Hólmavík,2012,0,0
Capelin,Hólmavík,2013,0,0
Capelin,Hólmavík,2014,0,0
Capelin,Hólmavík,2015,0,0
Capelin,Hólmavík,2016,0,0
Capelin,Hólmavík,2017,0,0
Capelin,Hólmavík,2018,0,0
Capelin,Hólmavík,2019,0,0
Capelin,Hólmavík,2020,0,0
Capelin,Hólmavík,2021,0,0
Capelin,Hólmavík,2022,0,0
Capelin,Hólmavík,2023,0,0
Capelin,Hólmavík,2024,0,0
Capelin,Húsavík,1982,0,0
Capelin,Húsavík,1983,0,0
Capelin,Húsavík,1984,108,240
Capelin,Húsavík,1985,137,121
Capelin,Húsavík,1986,271,548
Capelin,Húsavík,1987,90,903
Capelin,Húsavík,1988,90,903
Capelin,Húsavík,1989,0,0
Capelin,Húsavík,1990,0,0
Capelin,Húsavík,1991,0,0
Capelin,Húsavík,1992,0,0
Capelin,Húsavík,1993,0,0
Capelin,Húsavík,1994,0,0
Capelin,Húsavík,1995,0,0
Capelin,Húsavík,1996,0,0
Capelin,Húsavík,1997,0,0
Capelin,Húsavík,1998,0,0
Capelin,Húsavík,1999,0,0
Capelin,Húsavík,2000,0,0
Capelin,Húsavík,2001,0,0
Capelin,Húsavík,2002,0,0
Capelin,Húsavík,2003,0,0
Capelin,Húsavík,2004,0,0
Capelin,Húsavík,2005,0,0
Capelin,Húsavík,2006,0,0
Capelin,Húsavík,2007,0,0
Capelin,Húsavík,2008,0,0
Capelin,Húsavík,2009,0,0
Capelin,Húsavík,2010,0,0
Capelin,Húsavík,2011,0,0
Capelin,Húsavík,2012,0,0
Capelin,Húsavík,2013,0,0
Capelin,Húsavík,2014,0,0
Capelin,Húsavík,2015,0,0
Capelin,Húsavík,2016,0,0
Capelin,Húsavík,2017,0,0
Capelin,Húsavík,2018,0,0
Capelin,Húsavík,2019,0,0
Capelin,Húsavík,2020,0,0
Capelin,Húsavík,2021,0,0
Capelin,Húsavík,2022,0,0
Capelin,Húsavík,2023,0,0
Capelin,Húsavík,2024,0,0
Capelin,Keflavík,1982,123,230
Capelin,Keflavík,1983,0,0
Capelin,Keflavík,1984,4795,7428
Capelin,Keflavík,1985,3556,6925
Capelin,Keflavík,1986,5008,8571
Capelin,Keflavík,1987,10019,21881
Capelin,Keflavík,1988,2684,10882
Capelin,Keflavík,1989,1721,8296
Capelin,Keflavík,1990,2180,10592
Capelin,Keflavík,1991,1228,3565
Capelin,Keflavík,1992,0,0
Capelin,Keflavík,1993,186,2596
Capelin,Keflavík,1994,321,9472
Capelin,Keflavík,1995,9645,30460
Capelin,Keflavík,1996,9147,40590
Capelin,Keflavík,1997,36454,175624
Capelin,Keflavík,1998,32319,202802
Capelin,Keflavík,1999,27354,109953
Capelin,Keflavík,2000,53131,189636
Capelin,Keflavík,2001,49009,215561
Capelin,Keflavík,2002,46298,317476
Capelin,Keflavík,2003,7797,60730
Capelin,Keflavík,2004,15682,78895
Capelin,Keflavík,2005,23546,104954
Capelin,Keflavík,2006,8781,48393
Capelin,Keflavík,2007,22440,212732
Capelin,Keflavík,2008,8962,73507
Capelin,Keflavík,2009,0,0
Capelin,Keflavík,2010,9712,191853
Capelin,Keflavík,2011,19887,480668
Capelin,Keflavík,2012,30015,609341
Capelin,Keflavík,2013,17585,459805
Capelin,Keflavík,2014,7953,156934
Capelin,Keflavík,2015,20415,510437
Capelin,Keflavík,2016,3209,66593
Capelin,Keflavík,2017,8623,129221
Capelin,Keflavík,2018,6048,126505
Capelin,Keflavík,2019,0,0
Capelin,Keflavík,2020,0,0
Capelin,Keflavík,2021,0,0
Capelin,Keflavík,2022,0,0
Capelin,Keflavík,2023,0,0
Capelin,Keflavík,2024,0,0
Capelin,Kópasker,1982,0,0
Capelin,Kópasker,1983,0,0
Capelin,Kópasker,1984,0,0
Capelin,Kópasker,1985,0,0
Capelin,Kópasker,1986,0,0
Capelin,Kópasker,1987,0,0
Capelin,Kópasker,1988,0,0
Capelin,Kópasker,1989,0,0
Capelin,Kópasker,1990,0,0
Capelin,Kópasker,1991,0,0
Capelin,Kópasker,1992,0,0
Capelin,Kópasker,1993,0,0
Capelin,Kópasker,1994,0,0
Capelin,Kópasker,1995,0,0
Capelin,Kópasker,1996,0,0
Capelin,Kópasker,1997,0,0
Capelin,Kópasker,1998,0,0
Capelin,Kópasker,1999,0,0
Capelin,Kópasker,2000,0,0
Capelin,Kópasker,2001,0,0
Capelin,Kópasker,2002,0,0
Capelin,Kópasker,2003,0,0
Capelin,Kópasker,2004,0,0
Capelin,Kópasker,2005,0,0
Capelin,Kópasker,2006,0,0
Capelin,Kópasker,2007,0,0
Capelin,Kópasker,2008,0,0
Capelin,Kópasker,2009,0,0
Capelin,Kópasker,2010,0,0
Capelin,Kópasker,2011,0,0
Capelin,Kópasker,2012,0,0
Capelin,Kópasker,2013,0,0
Capelin,Kópasker,2014,0,0
Capelin,Kópasker,2015,0,0
Capelin,Kópasker,2016,0,0
Capelin,Kópasker,2017,0,0
Capelin,Kópasker,2018,0,0
Capelin,Kópasker,2019,0,0
Capelin,Kópasker,2020,0,0
Capelin,Kópasker,2021,0,0
Capelin,Kópasker,2022,0,0
Capelin,Kópasker,2023,0,0
Capelin,Kópasker,2024,0,0
Capelin,"Miðsandur, Hvalfirði",1982,0,0
Capelin,"Miðsandur, Hvalfirði",1983,0,0
Capelin,"Miðsandur, Hvalfirði",1984,0,0
Capelin,"Miðsandur, Hvalfirði",1985,0,0
Capelin,"Miðsandur, Hvalfirði",1986,0,0
Capelin,"Miðsandur, Hvalfirði",1987,0,0
Capelin,"Miðsandur, Hvalfirði",1988,0,0
Capelin,"Miðsandur, Hvalfirði",1989,0,0
Capelin,"Miðsandur, Hvalfirði",1990,0,0
Capelin,"Miðsandur, Hvalfirði",1991,0,0
Capelin,"Miðsandur, Hvalfirði",1992,0,0
Capelin,"Miðsandur, Hvalfirði",1993,0,0
Capelin,"Miðsandur, Hvalfirði",1994,0,0
Capelin,"Miðsandur, Hvalfirði",1995,0,0
Capelin,"Miðsandur, Hvalfirði",1996,0,0
Capelin,"Miðsandur, Hvalfirði",1997,0,0
Capelin,"Miðsandur, Hvalfirði",1998,0,0
Capelin,"Miðsandur, Hvalfirði",1999,0,0
Capelin,"Miðsandur, Hvalfirði",2000,0,0
Capelin,"Miðsandur, Hvalfirði",2001,0,0
Capelin,"Miðsandur, Hvalfirði",2002,0,0
Capelin,"Miðsandur, Hvalfirði",2003,0,0
Capelin,"Miðsandur, Hvalfirði",2004,0,0
Capelin,"Miðsandur, Hvalfirði",2005,0,0
Capelin,"Miðsandur, Hvalfirði",2006,0,0
Capelin,"Miðsandur, Hvalfirði",2007,0,0
Capelin,"Miðsandur, Hvalfirði",2008,0,0
Capelin,"Miðsandur, Hvalfirði",2009,0,0
Capelin,"Miðsandur, Hvalfirði",2010,0,0
Capelin,"Miðsandur, Hvalfirði",2011,0,0
Capelin,"Miðsandur, Hvalfirði",2012,0,0
Capelin,"Miðsandur, Hvalfirði",2013,0,0
Capelin,"Miðsandur, Hvalfirði",2014,0,0
Capelin,"Miðsandur, Hvalfirði",2015,0,0
Capelin,"Miðsandur, Hvalfirði",2016,0,0
Capelin,"Miðsandur, Hvalfirði",2017,0,0
Capelin,"Miðsandur, Hvalfirði",2018,0,0
Capelin,"Miðsandur, Hvalfirði",2019,0,0
Capelin,"Miðsandur, Hvalfirði",2020,0,0
Capelin,"Miðsandur, Hvalfirði",2021,0,0
Capelin,"Miðsandur, Hvalfirði",2022,0,0
Capelin,"Miðsandur, Hvalfirði",2023,0,0
Capelin,"Miðsandur, Hvalfirði",2024,0,0
Capelin,Mjóifjörður,1982,0,0
Capelin,Mjóifjörður,1983,0,0
Capelin,Mjóifjörður,1984,0,0
Capelin,Mjóifjörður,1985,0,0
Capelin,Mjóifjörður,1986,0,0
Capelin,Mjóifjörður,1987,0,0
Capelin,Mjóifjörður,1988,0,0
Capelin,Mjóifjörður,1989,0,0
Capelin,Mjóifjörður,1990,0,0
Capelin,Mjóifjörður,1991,0,0
Capelin,Mjóifjörður,1992,0,0
Capelin,Mjóifjörður,1993,0,0
Capelin,Mjóifjörður,1994,0,0
Capelin,Mjóifjörður,1995,0,0
Capelin,Mjóifjörður,1996,0,0
Capelin,Mjóifjörður,1997,0,0
Capelin,Mjóifjörður,1998,0,0
Capelin,Mjóifjörður,1999,0,0
Capelin,Mjóifjörður,2000,0,0
Capelin,Mjóifjörður,2001,0,0
Capelin,Mjóifjörður,2002,0,0
Capelin,Mjóifjörður,2003,0,0
Capelin,Mjóifjörður,2004,0,0
Capelin,Mjóifjörður,2005,0,0
Capelin,Mjóifjörður,2006,0,0
Capelin,Mjóifjörður,2007,0,0
Capelin,Mjóifjörður,2008,0,0
Capelin,Mjóifjörður,2009,0,0
Capelin,Mjóifjörður,2010,0,0
Capelin,Mjóifjörður,2011,0,0
Capelin,Mjóifjörður,2012,0,0
Capelin,Mjóifjörður,2013,0,0
Capelin,Mjóifjörður,2014,0,0
Capelin,Mjóifjörður,2015,0,0
Capelin,Mjóifjörður,2016,0,0
Capelin,Mjóifjörður,2017,0,0
Capelin,Mjóifjörður,2018,0,0
Capelin,Mjóifjörður,2019,0,0
Capelin,Mjóifjörður,2020,0,0
Capelin,Mjóifjörður,2021,0,0
Capelin,Mjóifjörður,2022,0,0
Capelin,Mjóifjörður,2023,0,0
Capelin,Mjóifjörður,2024,0,0
Capelin,Neskaupstaður,1982,0,0
Capelin,Neskaupstaður,1983,15431,28092
Capelin,Neskaupstaður,1984,56318,81914
Capelin,Neskaupstaður,1985,82883,142398
Capelin,Neskaupstaður,1986,76504,144664
Capelin,Neskaupstaður,1987,66558,132233
Capelin,Neskaupstaður,1988,89079,255258
Capelin,Neskaupstaður,1989,61013,220521
Capelin,Neskaupstaður,1990,67023,243413
Capelin,Neskaupstaður,1991,33289,135323
Capelin,Neskaupstaður,1992,85261,341547
Capelin,Neskaupstaður,1993,84752,338138
Capelin,Neskaupstaður,1994,61251,281785
Capelin,Neskaupstaður,1995,59431,278876
Capelin,Neskaupstaður,1996,110740,646108
Capelin,Neskaupstaður,1997,136708,844084
Capelin,Neskaupstaður,1998,83125,617324
Capelin,Neskaupstaður,1999,70180,306429
Capelin,Neskaupstaður,2000,75341,337036
Capelin,Neskaupstaður,2001,75290,415294
Capelin,Neskaupstaður,2002,91049,769786
Capelin,Neskaupstaður,2003,65530,490090
Capelin,Neskaupstaður,2004,65972,609522
Capelin,Neskaupstaður,2005,67945,686560
Capelin,Neskaupstaður,2006,33249,459424
Capelin,Neskaupstaður,2007,45945,891492
Capelin,Neskaupstaður,2008,29765,526134
Capelin,Neskaupstaður,2009,3884,118204
Capelin,Neskaupstaður,2010,20399,696942
Capelin,Neskaupstaður,2011,42864,1319591
Capelin,Neskaupstaður,2012,97630,2734637
Capelin,Neskaupstaður,2013,92775,3920813
Capelin,Neskaupstaður,2014,22021,728040
Capelin,Neskaupstaður,2015,58843,2095529
Capelin,Neskaupstaður,2016,22659,901317
Capelin,Neskaupstaður,2017,31254,684883
Capelin,Neskaupstaður,2018,44957,1352705
Capelin,Neskaupstaður,2019,0,0
Capelin,Neskaupstaður,2020,0,0
Capelin,Neskaupstaður,2021,26357,1267857
Capelin,Neskaupstaður,2022,71499,2458938
Capelin,Neskaupstaður,2023,56161,2372669
Capelin,Neskaupstaður,2024,0,0
Capelin,Njarðvík,1982,114,184
Capelin,Njarðvík,1983,49,209
Capelin,Njarðvík,1984,241,452
Capelin,Njarðvík,1985,37,87
Capelin,Njarðvík,1986,633,2067
Capelin,Njarðvík,1987,192,2548
Capelin,Njarðvík,1988,53,351
Capelin,Njarðvík,1989,170,2045
Capelin,Njarðvík,1990,267,3113
Capelin,Njarðvík,1991,27,325
Capelin,Njarðvík,1992,0,0
Capelin,Njarðvík,1993,147,2046
Capelin,Njarðvík,1994,339,9964
Capelin,Njarðvík,1995,1429,16601
Capelin,Njarðvík,1996,4311,31515
Capelin,Njarðvík,1997,4097,24785
Capelin,Njarðvík,1998,798,6428
Capelin,Njarðvík,1999,0,0
Capelin,Njarðvík,2000,0,0
Capelin,Njarðvík,2001,0,0
Capelin,Njarðvík,2002,0,0
Capelin,Njarðvík,2003,0,0
Capelin,Njarðvík,2004,0,0
Capelin,Njarðvík,2005,0,0
Capelin,Njarðvík,2006,0,0
Capelin,Njarðvík,2007,0,0
Capelin,Njarðvík,2008,0,0
Capelin,Njarðvík,2009,0,0
Capelin,Njarðvík,2010,0,0
Capelin,Njarðvík,2011,0,0
Capelin,Njarðvík,2012,0,0
Capelin,Njarðvík,2013,0,0
Capelin,Njarðvík,2014,0,0
Capelin,Njarðvík,2015,0,0
Capelin,Njarðvík,2016,0,0
Capelin,Njarðvík,2017,0,0
Capelin,Njarðvík,2018,0,0
Capelin,Njarðvík,2019,0,0
Capelin,Njarðvík,2020,0,0
Capelin,Njarðvík,2021,0,0
Capelin,Njarðvík,2022,0,0
Capelin,Njarðvík,2023,0,0
Capelin,Njarðvík,2024,0,0
Capelin,Norðurfjörður,1982,0,0
Capelin,Norðurfjörður,1983,0,0
Capelin,Norðurfjörður,1984,0,0
Capelin,Norðurfjörður,1985,0,0
Capelin,Norðurfjörður,1986,0,0
Capelin,Norðurfjörður,1987,0,0
Capelin,Norðurfjörður,1988,0,0
Capelin,Norðurfjörður,1989,0,0
Capelin,Norðurfjörður,1990,0,0
Capelin,Norðurfjörður,1991,0,0
Capelin,Norðurfjörður,1992,0,0
Capelin,Norðurfjörður,1993,0,0
Capelin,Norðurfjörður,1994,0,0
Capelin,Norðurfjörður,1995,0,0
Capelin,Norðurfjörður,1996,0,0
Capelin,Norðurfjörður,1997,0,0
Capelin,Norðurfjörður,1998,0,0
Capelin,Norðurfjörður,1999,0,0
Capelin,Norðurfjörður,2000,0,0
Capelin,Norðurfjörður,2001,0,0
Capelin,Norðurfjörður,2002,0,0
Capelin,Norðurfjörður,2003,0,0
Capelin,Norðurfjörður,2004,0,0
Capelin,Norðurfjörður,2005,0,0
Capelin,Norðurfjörður,2006,0,0
Capelin,Norðurfjörður,2007,0,0
Capelin,Norðurfjörður,2008,0,0
Capelin,Norðurfjörður,2009,0,0
Capelin,Norðurfjörður,2010,0,0
Capelin,Norðurfjörður,2011,0,0
Capelin,Norðurfjörður,2012,0,0
Capelin,Norðurfjörður,2013,0,0
Capelin,Norðurfjörður,2014,0,0
Capelin,Norðurfjörður,2015,0,0
Capelin,Norðurfjörður,2016,0,0
Capelin,Norðurfjörður,2017,0,0
Capelin,Norðurfjörður,2018,0,0
Capelin,Norðurfjörður,2019,0,0
Capelin,Norðurfjörður,2020,0,0
Capelin,Norðurfjörður,2021,0,0
Capelin,Norðurfjörður,2022,0,0
Capelin,Norðurfjörður,2023,0,0
Capelin,Norðurfjörður,2024,0,0
Capelin,Patreksfjörður,1982,0,0
Capelin,Patreksfjörður,1983,0,0
Capelin,Patreksfjörður,1984,14817,19891
Capelin,Patreksfjörður,1985,3915,11063
Capelin,Patreksfjörður,1986,0,0
Capelin,Patreksfjörður,1987,412,0
Capelin,Patreksfjörður,1988,0,0
Capelin,Patreksfjörður,1989,0,0
Capelin,Patreksfjörður,1990,0,0
Capelin,Patreksfjörður,1991,0,0
Capelin,Patreksfjörður,1992,0,0
Capelin,Patreksfjörður,1993,62,934
Capelin,Patreksfjörður,1994,46,456
Capelin,Patreksfjörður,1995,7,103
Capelin,Patreksfjörður,1996,0,0
Capelin,Patreksfjörður,1997,0,0
Capelin,Patreksfjörður,1998,0,0
Capelin,Patreksfjörður,1999,0,0
Capelin,Patreksfjörður,2000,0,0
Capelin,Patreksfjörður,2001,0,0
Capelin,Patreksfjörður,2002,0,0
Capelin,Patreksfjörður,2003,0,0
Capelin,Patreksfjörður,2004,0,0
Capelin,Patreksfjörður,2005,0,0
Capelin,Patreksfjörður,2006,0,0
Capelin,Patreksfjörður,2007,0,0
Capelin,Patreksfjörður,2008,0,0
Capelin,Patreksfjörður,2009,0,0
Capelin,Patreksfjörður,2010,0,0
Capelin,Patreksfjörður,2011,0,0
Capelin,Patreksfjörður,2012,0,0
Capelin,Patreksfjörður,2013,0,0
Capelin,Patreksfjörður,2014,0,0
Capelin,Patreksfjörður,2015,0,0
Capelin,Patreksfjörður,2016,0,0
Capelin,Patreksfjörður,2017,0,0
Capelin,Patreksfjörður,2018,0,0
Capelin,Patreksfjörður,2019,0,0
Capelin,Patreksfjörður,2020,0,0
Capelin,Patreksfjörður,2021,0,0
Capelin,Patreksfjörður,2022,0,0
Capelin,Patreksfjörður,2023,0,0
Capelin,Patreksfjörður,2024,0,0
Capelin,Raufarhöfn,1982,0,0
Capelin,Raufarhöfn,1983,24667,43770
Capelin,Raufarhöfn,1984,44009,73754
Capelin,Raufarhöfn,1985,92987,181399
Capelin,Raufarhöfn,1986,67169,124753
Capelin,Raufarhöfn,1987,40468,86387
Capelin,Raufarhöfn,1988,56525,173547
Capelin,Raufarhöfn,1989,20582,80390
Capelin,Raufarhöfn,1990,15975,61295
Capelin,Raufarhöfn,1991,7692,33221
Capelin,Raufarhöfn,1992,59814,246972
Capelin,Raufarhöfn,1993,84335,342853
Capelin,Raufarhöfn,1994,45154,190875
Capelin,Raufarhöfn,1995,18254,82599
Capelin,Raufarhöfn,1996,50077,270337
Capelin,Raufarhöfn,1997,56223,345347
Capelin,Raufarhöfn,1998,31083,232734
Capelin,Raufarhöfn,1999,28836,134931
Capelin,Raufarhöfn,2000,36885,165998
Capelin,Raufarhöfn,2001,11934,99745
Capelin,Raufarhöfn,2002,28879,235755
Capelin,Raufarhöfn,2003,17187,123307
Capelin,Raufarhöfn,2004,13629,88180
Capelin,Raufarhöfn,2005,4237,24018
Capelin,Raufarhöfn,2006,0,0
Capelin,Raufarhöfn,2007,0,0
Capelin,Raufarhöfn,2008,0,0
Capelin,Raufarhöfn,2009,0,0
Capelin,Raufarhöfn,2010,0,0
Capelin,Raufarhöfn,2011,0,0
Capelin,Raufarhöfn,2012,0,0
Capelin,Raufarhöfn,2013,0,0
Capelin,Raufarhöfn,2014,0,0
Capelin,Raufarhöfn,2015,0,0
Capelin,Raufarhöfn,2016,0,0
Capelin,Raufarhöfn,2017,0,0
Capelin,Raufarhöfn,2018,0,0
Capelin,Raufarhöfn,2019,0,0
Capelin,Raufarhöfn,2020,0,0
Capelin,Raufarhöfn,2021,0,0
Capelin,Raufarhöfn,2022,0,0
Capelin,Raufarhöfn,2023,0,0
Capelin,Raufarhöfn,2024,0,0
Capelin,Reykhólar,1982,0,0
Capelin,Reykhólar,1983,0,0
Capelin,Reykhólar,1984,0,0
Capelin,Reykhólar,1985,0,0
Capelin,Reykhólar,1986,0,0
Capelin,Reykhólar,1987,0,0
Capelin,Reykhólar,1988,0,0
Capelin,Reykhólar,1989,0,0
Capelin,Reykhólar,1990,0,0
Capelin,Reykhólar,1991,0,0
Capelin,Reykhólar,1992,0,0
Capelin,Reykhólar,1993,0,0
Capelin,Reykhólar,1994,0,0
Capelin,Reykhólar,1995,0,0
Capelin,Reykhólar,1996,0,0
Capelin,Reykhólar,1997,0,0
Capelin,Reykhólar,1998,0,0
Capelin,Reykhólar,1999,0,0
Capelin,Reykhólar,2000,0,0
Capelin,Reykhólar,2001,0,0
Capelin,Reykhólar,2002,0,0
Capelin,Reykhólar,2003,0,0
Capelin,Reykhólar,2004,0,0
Capelin,Reykhólar,2005,0,0
Capelin,Reykhólar,2006,0,0
Capelin,Reykhólar,2007,0,0
Capelin,Reykhólar,2008,0,0
Capelin,Reykhólar,2009,0,0
Capelin,Reykhólar,2010,0,0
Capelin,Reykhólar,2011,0,0
Capelin,Reykhólar,2012,0,0
Capelin,Reykhólar,2013,0,0
Capelin,Reykhólar,2014,0,0
Capelin,Reykhólar,2015,0,0
Capelin,Reykhólar,2016,0,0
Capelin,Reykhólar,2017,0,0
Capelin,Reykhólar,2018,0,0
Capelin,Reykhólar,2019,0,0
Capelin,Reykhólar,2020,0,0
Capelin,Reykhólar,2021,0,0
Capelin,Reykhólar,2022,0,0
Capelin,Reykhólar,2023,0,0
Capelin,Reykhólar,2024,0,0
Capelin,Reykjavík,1982,0,0
Capelin,Reykjavík,1983,0,0
Capelin,Reykjavík,1984,53272,57631
Capelin,Reykjavík,1985,35965,54037
Capelin,Reykjavík,1986,37409,63605
Capelin,Reykjavík,1987,35993,82499
Capelin,Reykjavík,1988,22348,61601
Capelin,Reykjavík,1989,37488,135101
Capelin,Reykjavík,1990,37107,137909
Capelin,Reykjavík,1991,12758,40199
Capelin,Reykjavík,1992,24097,82200
Capelin,Reykjavík,1993,27456,84213
Capelin,Reykjavík,1994,15315,47362
Capelin,Reykjavík,1995,19163,91888
Capelin,Reykjavík,1996,16364,105116
Capelin,Reykjavík,1997,45313,233796
Capelin,Reykjavík,1998,15977,110609
Capelin,Reykjavík,1999,17750,74816
Capelin,Reykjavík,2000,23091,90564
Capelin,Reykjavík,2001,19491,88267
Capelin,Reykjavík,2002,24403,192991
Capelin,Reykjavík,2003,14026,125577
Capelin,Reykjavík,2004,13479,173810
Capelin,Reykjavík,2005,10401,221685
Capelin,Reykjavík,2006,4097,172902
Capelin,Reykjavík,2007,2338,128223
Capelin,Reykjavík,2008,1773,95747
Capelin,Reykjavík,2009,0,0
Capelin,Reykjavík,2010,787,54552
Capelin,Reykjavík,2011,2611,168041
Capelin,Reykjavík,2012,1403,91658
Capelin,Reykjavík,2013,1091,113168
Capelin,Reykjavík,2014,1010,97695
Capelin,Reykjavík,2015,29,3499
Capelin,Reykjavík,2016,1246,167115
Capelin,Reykjavík,2017,1423,197742
Capelin,Reykjavík,2018,1252,154562
Capelin,Reykjavík,2019,0,0
Capelin,Reykjavík,2020,0,0
Capelin,Reykjavík,2021,2035,606258
Capelin,Reykjavík,2022,727,149292
Capelin,Reykjavík,2023,2412,404322
Capelin,Reykjavík,2024,0,0
Capelin,Reyðarfjörður,1982,0,0
Capelin,Reyðarfjörður,1983,3294,6213
Capelin,Reyðarfjörður,1984,34644,53938
Capelin,Reyðarfjörður,1985,25982,43854
Capelin,Reyðarfjörður,1986,25463,46336
Capelin,Reyðarfjörður,1987,21037,37041
Capelin,Reyðarfjörður,1988,31174,73719
Capelin,Reyðarfjörður,1989,31482,115392
Capelin,Reyðarfjörður,1990,38250,140443
Capelin,Reyðarfjörður,1991,5781,24763
Capelin,Reyðarfjörður,1992,33693,134473
Capelin,Reyðarfjörður,1993,20597,74831
Capelin,Reyðarfjörður,1994,25677,112910
Capelin,Reyðarfjörður,1995,21693,110302
Capelin,Reyðarfjörður,1996,38865,216797
Capelin,Reyðarfjörður,1997,38028,215883
Capelin,Reyðarfjörður,1998,20774,146671
Capelin,Reyðarfjörður,1999,20367,89690
Capelin,Reyðarfjörður,2000,21016,88103
Capelin,Reyðarfjörður,2001,17222,85225
Capelin,Reyðarfjörður,2002,26400,222050
Capelin,Reyðarfjörður,2003,22846,164316
Capelin,Reyðarfjörður,2004,9215,255852
Capelin,Reyðarfjörður,2005,10581,394898
Capelin,Reyðarfjörður,2006,977,36371
Capelin,Reyðarfjörður,2007,4888,192852
Capelin,Reyðarfjörður,2008,0,0
Capelin,Reyðarfjörður,2009,0,0
Capelin,Reyðarfjörður,2010,510,36194
Capelin,Reyðarfjörður,2011,0,0
Capelin,Reyðarfjörður,2012,417,26675
Capelin,Reyðarfjörður,2013,999,98956
Capelin,Reyðarfjörður,2014,1918,169683
Capelin,Reyðarfjörður,2015,0,0
Capelin,Reyðarfjörður,2016,0,0
Capelin,Reyðarfjörður,2017,0,0
Capelin,Reyðarfjörður,2018,0,0
Capelin,Reyðarfjörður,2019,0,0
Capelin,Reyðarfjörður,2020,0,0
Capelin,Reyðarfjörður,2021,0,0
Capelin,Reyðarfjörður,2022,0,0
Capelin,Reyðarfjörður,2023,0,0
Capelin,Reyðarfjörður,2024,0,0
Capelin,Rif,1982,0,0
Capelin,Rif,1983,0,0
Capelin,Rif,1984,0,0
Capelin,Rif,1985,0,0
Capelin,Rif,1986,0,0
Capelin,Rif,1987,0,0
Capelin,Rif,1988,0,0
Capelin,Rif,1989,0,0
Capelin,Rif,1990,0,0
Capelin,Rif,1991,0,0
Capelin,Rif,1992,0,0
Capelin,Rif,1993,0,0
Capelin,Rif,1994,0,0
Capelin,Rif,1995,0,0
Capelin,Rif,1996,0,0
Capelin,Rif,1997,0,0
Capelin,Rif,1998,0,0
Capelin,Rif,1999,0,0
Capelin,Rif,2000,0,0
Capelin,Rif,2001,0,0
Capelin,Rif,2002,0,0
Capelin,Rif,2003,0,0
Capelin,Rif,2004,0,0
Capelin,Rif,2005,0,0
Capelin,Rif,2006,0,0
Capelin,Rif,2007,0,0
Capelin,Rif,2008,0,0
Capelin,Rif,2009,0,0
Capelin,Rif,2010,0,0
Capelin,Rif,2011,0,0
Capelin,Rif,2012,0,0
Capelin,Rif,2013,0,0
Capelin,Rif,2014,0,0
Capelin,Rif,2015,0,0
Capelin,Rif,2016,0,0
Capelin,Rif,2017,0,0
Capelin,Rif,2018,0,0
Capelin,Rif,2019,0,0
Capelin,Rif,2020,0,0
Capelin,Rif,2021,0,0
Capelin,Rif,2022,0,0
Capelin,Rif,2023,0,0
Capelin,Rif,2024,0,0
Capelin,Sandgerði,1982,296,97
Capelin,Sandgerði,1983,539,716
Capelin,Sandgerði,1984,30306,30852
Capelin,Sandgerði,1985,25528,34955
Capelin,Sandgerði,1986,21049,32853
Capelin,Sandgerði,1987,19989,26710
Capelin,Sandgerði,1988,11854,23980
Capelin,Sandgerði,1989,14118,44222
Capelin,Sandgerði,1990,13197,43859
Capelin,Sandgerði,1991,5627,14977
Capelin,Sandgerði,1992,14072,45647
Capelin,Sandgerði,1993,8071,32050
Capelin,Sandgerði,1994,21727,58682
Capelin,Sandgerði,1995,20403,61916
Capelin,Sandgerði,1996,15454,75930
Capelin,Sandgerði,1997,13765,61936
Capelin,Sandgerði,1998,17416,113536
Capelin,Sandgerði,1999,9349,38195
Capelin,Sandgerði,2000,15111,57713
Capelin,Sandgerði,2001,27867,144293
Capelin,Sandgerði,2002,24278,171046
Capelin,Sandgerði,2003,0,0
Capelin,Sandgerði,2004,0,0
Capelin,Sandgerði,2005,0,0
Capelin,Sandgerði,2006,0,0
Capelin,Sandgerði,2007,0,0
Capelin,Sandgerði,2008,0,0
Capelin,Sandgerði,2009,0,0
Capelin,Sandgerði,2010,0,0
Capelin,Sandgerði,2011,0,0
Capelin,Sandgerði,2012,0,0
Capelin,Sandgerði,2013,0,0
Capelin,Sandgerði,2014,0,0
Capelin,Sandgerði,2015,0,0
Capelin,Sandgerði,2016,0,0
Capelin,Sandgerði,2017,0,0
Capelin,Sandgerði,2018,0,0
Capelin,Sandgerði,2019,0,0
Capelin,Sandgerði,2020,0,0
Capelin,Sandgerði,2021,0,0
Capelin,Sandgerði,2022,0,0
Capelin,Sandgerði,2023,0,0
Capelin,Sandgerði,2024,0,0
Capelin,Sauðárkrókur,1982,0,0
Capelin,Sauðárkrókur,1983,0,0
Capelin,Sauðárkrókur,1984,0,0
Capelin,Sauðárkrókur,1985,0,0
Capelin,Sauðárkrókur,1986,0,0
Capelin,Sauðárkrókur,1987,0,0
Capelin,Sauðárkrókur,1988,0,0
Capelin,Sauðárkrókur,1989,0,0
Capelin,Sauðárkrókur,1990,0,0
Capelin,Sauðárkrókur,1991,0,0
Capelin,Sauðárkrókur,1992,0,0
Capelin,Sauðárkrókur,1993,0,0
Capelin,Sauðárkrókur,1994,0,0
Capelin,Sauðárkrókur,1995,21,489
Capelin,Sauðárkrókur,1996,188,3714
Capelin,Sauðárkrókur,1997,0,0
Capelin,Sauðárkrókur,1998,0,0
Capelin,Sauðárkrókur,1999,0,0
Capelin,Sauðárkrókur,2000,0,0
Capelin,Sauðárkrókur,2001,0,0
Capelin,Sauðárkrókur,2002,0,0
Capelin,Sauðárkrókur,2003,0,0
Capelin,Sauðárkrókur,2004,0,0
Capelin,Sauðárkrókur,2005,0,0
Capelin,Sauðárkrókur,2006,0,0
Capelin,Sauðárkrókur,2007,0,0
Capelin,Sauðárkrókur,2008,0,0
Capelin,Sauðárkrókur,2009,0,0
Capelin,Sauðárkrókur,2010,0,0
Capelin,Sauðárkrókur,2011,0,0
Capelin,Sauðárkrókur,2012,0,0
Capelin,Sauðárkrókur,2013,0,0
Capelin,Sauðárkrókur,2014,0,0
Capelin,Sauðárkrókur,2015,0,0
Capelin,Sauðárkrókur,2016,0,0
Capelin,Sauðárkrókur,2017,0,0
Capelin,Sauðárkrókur,2018,0,0
Capelin,Sauðárkrókur,2019,0,0
Capelin,Sauðárkrókur,2020,0,0
Capelin,Sauðárkrókur,2021,0,0
Capelin,Sauðárkrókur,2022,0,0
Capelin,Sauðárkrókur,2023,0,0
Capelin,Sauðárkrókur,2024,0,0
Capelin,Selfoss,1982,0,0
Capelin,Selfoss,1983,0,0
Capelin,Selfoss,1984,0,0
Capelin,Selfoss,1985,74,68
Capelin,Selfoss,1986,0,0
Capelin,Selfoss,1987,0,0
Capelin,Selfoss,1988,0,0
Capelin,Selfoss,1989,0,0
Capelin,Selfoss,1990,0,0
Capelin,Selfoss,1991,0,0
Capelin,Selfoss,1992,0,0
Capelin,Selfoss,1993,0,0
Capelin,Selfoss,1994,0,0
Capelin,Selfoss,1995,0,0
Capelin,Selfoss,1996,0,0
Capelin,Selfoss,1997,0,0
Capelin,Selfoss,1998,0,0
Capelin,Selfoss,1999,0,0
Capelin,Selfoss,2000,0,0
Capelin,Selfoss,2001,0,0
Capelin,Selfoss,2002,0,0
Capelin,Selfoss,2003,0,0
Capelin,Selfoss,2004,0,0
Capelin,Selfoss,2005,0,0
Capelin,Selfoss,2006,0,0
Capelin,Selfoss,2007,0,0
Capelin,Selfoss,2008,0,0
Capelin,Selfoss,2009,0,0
Capelin,Selfoss,2010,0,0
Capelin,Selfoss,2011,0,0
Capelin,Selfoss,2012,0,0
Capelin,Selfoss,2013,0,0
Capelin,Selfoss,2014,0,0
Capelin,Selfoss,2015,0,0
Capelin,Selfoss,2016,0,0
Capelin,Selfoss,2017,0,0
Capelin,Selfoss,2018,0,0
Capelin,Selfoss,2019,0,0
Capelin,Selfoss,2020,0,0
Capelin,Selfoss,2021,0,0
Capelin,Selfoss,2022,0,0
Capelin,Selfoss,2023,0,0
Capelin,Selfoss,2024,0,0
Capelin,Seyðisfjörður,1982,0,0
Capelin,Seyðisfjörður,1983,21635,40435
Capelin,Seyðisfjörður,1984,102639,164431
Capelin,Seyðisfjörður,1985,152154,275686
Capelin,Seyðisfjörður,1986,71448,134510
Capelin,Seyðisfjörður,1987,81112,155826
Capelin,Seyðisfjörður,1988,121279,335939
Capelin,Seyðisfjörður,1989,97632,361785
Capelin,Seyðisfjörður,1990,110256,406321
Capelin,Seyðisfjörður,1991,22418,101927
Capelin,Seyðisfjörður,1992,107678,430648
Capelin,Seyðisfjörður,1993,121818,494377
Capelin,Seyðisfjörður,1994,78221,360908
Capelin,Seyðisfjörður,1995,63785,296964
Capelin,Seyðisfjörður,1996,99195,551195
Capelin,Seyðisfjörður,1997,96115,578028
Capelin,Seyðisfjörður,1998,75736,559614
Capelin,Seyðisfjörður,1999,66502,306307
Capelin,Seyðisfjörður,2000,69481,310639
Capelin,Seyðisfjörður,2001,57365,302915
Capelin,Seyðisfjörður,2002,79813,680895
Capelin,Seyðisfjörður,2003,56287,402833
Capelin,Seyðisfjörður,2004,51126,350465
Capelin,Seyðisfjörður,2005,44502,301821
Capelin,Seyðisfjörður,2006,0,0
Capelin,Seyðisfjörður,2007,7593,94017
Capelin,Seyðisfjörður,2008,1784,18728
Capelin,Seyðisfjörður,2009,0,0
Capelin,Seyðisfjörður,2010,0,0
Capelin,Seyðisfjörður,2011,30995,940742
Capelin,Seyðisfjörður,2012,46186,1102752
Capelin,Seyðisfjörður,2013,21493,705407
Capelin,Seyðisfjörður,2014,0,0
Capelin,Seyðisfjörður,2015,27960,870757
Capelin,Seyðisfjörður,2016,0,0
Capelin,Seyðisfjörður,2017,11693,216461
Capelin,Seyðisfjörður,2018,0,0
Capelin,Seyðisfjörður,2019,0,0
Capelin,Seyðisfjörður,2020,0,0
Capelin,Seyðisfjörður,2021,9948,334700
Capelin,Seyðisfjörður,2022,50304,1626734
Capelin,Seyðisfjörður,2023,21311,812967
Capelin,Seyðisfjörður,2024,0,0
Capelin,Siglufjörður,1982,0,0
Capelin,Siglufjörður,1983,24086,43749
Capelin,Siglufjörður,1984,84061,115987
Capelin,Siglufjörður,1985,121991,235248
Capelin,Siglufjörður,1986,145442,267743
Capelin,Siglufjörður,1987,81473,177232
Capelin,Siglufjörður,1988,83755,273353
Capelin,Siglufjörður,1989,42248,168155
Capelin,Siglufjörður,1990,71321,300525
Capelin,Siglufjörður,1991,14029,60131
Capelin,Siglufjörður,1992,80366,316641
Capelin,Siglufjörður,1993,136420,544882
Capelin,Siglufjörður,1994,91154,370663
Capelin,Siglufjörður,1995,63097,310318
Capelin,Siglufjörður,1996,117904,596983
Capelin,Siglufjörður,1997,97862,583920
Capelin,Siglufjörður,1998,36067,266737
Capelin,Siglufjörður,1999,41273,178247
Capelin,Siglufjörður,2000,76987,347932
Capelin,Siglufjörður,2001,49819,320883
Capelin,Siglufjörður,2002,73524,601321
Capelin,Siglufjörður,2003,25119,180430
Capelin,Siglufjörður,2004,13723,99144
Capelin,Siglufjörður,2005,30150,188446
Capelin,Siglufjörður,2006,0,0
Capelin,Siglufjörður,2007,0,0
Capelin,Siglufjörður,2008,0,0
Capelin,Siglufjörður,2009,0,0
Capelin,Siglufjörður,2010,0,0
Capelin,Siglufjörður,2011,0,0
Capelin,Siglufjörður,2012,0,0
Capelin,Siglufjörður,2013,0,0
Capelin,Siglufjörður,2014,0,0
Capelin,Siglufjörður,2015,0,0
Capelin,Siglufjörður,2016,0,0
Capelin,Siglufjörður,2017,0,0
Capelin,Siglufjörður,2018,0,0
Capelin,Siglufjörður,2019,0,0
Capelin,Siglufjörður,2020,0,0
Capelin,Siglufjörður,2021,0,0
Capelin,Siglufjörður,2022,0,0
Capelin,Siglufjörður,2023,0,0
Capelin,Siglufjörður,2024,0,0
Capelin,Skagaströnd,1982,0,0
Capelin,Skagaströnd,1983,0,0
Capelin,Skagaströnd,1984,0,0
Capelin,Skagaströnd,1985,0,0
Capelin,Skagaströnd,1986,0,0
Capelin,Skagaströnd,1987,0,0
Capelin,Skagaströnd,1988,0,0
Capelin,Skagaströnd,1989,0,0
Capelin,Skagaströnd,1990,0,0
Capelin,Skagaströnd,1991,0,0
Capelin,Skagaströnd,1992,0,0
Capelin,Skagaströnd,1993,0,0
Capelin,Skagaströnd,1994,0,0
Capelin,Skagaströnd,1995,0,0
Capelin,Skagaströnd,1996,0,0
Capelin,Skagaströnd,1997,0,0
Capelin,Skagaströnd,1998,0,0
Capelin,Skagaströnd,1999,0,0
Capelin,Skagaströnd,2000,0,0
Capelin,Skagaströnd,2001,0,0
Capelin,Skagaströnd,2002,0,0
Capelin,Skagaströnd,2003,0,0
Capelin,Skagaströnd,2004,0,0
Capelin,Skagaströnd,2005,0,0
Capelin,Skagaströnd,2006,0,0
Capelin,Skagaströnd,2007,0,0
Capelin,Skagaströnd,2008,0,0
Capelin,Skagaströnd,2009,0,0
Capelin,Skagaströnd,2010,0,0
Capelin,Skagaströnd,2011,0,0
Capelin,Skagaströnd,2012,0,0
Capelin,Skagaströnd,2013,0,0
Capelin,Skagaströnd,2014,0,0
Capelin,Skagaströnd,2015,0,0
Capelin,Skagaströnd,2016,0,0
Capelin,Skagaströnd,2017,0,0
Capelin,Skagaströnd,2018,0,0
Capelin,Skagaströnd,2019,0,0
Capelin,Skagaströnd,2020,0,0
Capelin,Skagaströnd,2021,0,0
Capelin,Skagaströnd,2022,0,0
Capelin,Skagaströnd,2023,0,0
Capelin,Skagaströnd,2024,0,0
Capelin,Skarðsstöð,1982,0,0
Capelin,Skarðsstöð,1983,0,0
Capelin,Skarðsstöð,1984,0,0
Capelin,Skarðsstöð,1985,0,0
Capelin,Skarðsstöð,1986,0,0
Capelin,Skarðsstöð,1987,0,0
Capelin,Skarðsstöð,1988,0,0
Capelin,Skarðsstöð,1989,0,0
Capelin,Skarðsstöð,1990,0,0
Capelin,Skarðsstöð,1991,0,0
Capelin,Skarðsstöð,1992,0,0
Capelin,Skarðsstöð,1993,0,0
Capelin,Skarðsstöð,1994,0,0
Capelin,Skarðsstöð,1995,0,0
Capelin,Skarðsstöð,1996,0,0
Capelin,Skarðsstöð,1997,0,0
Capelin,Skarðsstöð,1998,0,0
Capelin,Skarðsstöð,1999,0,0
Capelin,Skarðsstöð,2000,0,0
Capelin,Skarðsstöð,2001,0,0
Capelin,Skarðsstöð,2002,0,0
Capelin,Skarðsstöð,2003,0,0
Capelin,Skarðsstöð,2004,0,0
Capelin,Skarðsstöð,2005,0,0
Capelin,Skarðsstöð,2006,0,0
Capelin,Skarðsstöð,2007,0,0
Capelin,Skarðsstöð,2008,0,0
Capelin,Skarðsstöð,2009,0,0
Capelin,Skarðsstöð,2010,0,0
Capelin,Skarðsstöð,2011,0,0
Capelin,Skarðsstöð,2012,0,0
Capelin,Skarðsstöð,2013,0,0
Capelin,Skarðsstöð,2014,0,0
Capelin,Skarðsstöð,2015,0,0
Capelin,Skarðsstöð,2016,0,0
Capelin,Skarðsstöð,2017,0,0
Capelin,Skarðsstöð,2018,0,0
Capelin,Skarðsstöð,2019,0,0
Capelin,Skarðsstöð,2020,0,0
Capelin,Skarðsstöð,2021,0,0
Capelin,Skarðsstöð,2022,0,0
Capelin,Skarðsstöð,2023,0,0
Capelin,Skarðsstöð,2024,0,0
Capelin,Stokkseyri,1982,0,0
Capelin,Stokkseyri,1983,0,0
Capelin,Stokkseyri,1984,37,78
Capelin,Stokkseyri,1985,0,0
Capelin,Stokkseyri,1986,366,1570
Capelin,Stokkseyri,1987,819,3861
Capelin,Stokkseyri,1988,0,0
Capelin,Stokkseyri,1989,618,2887
Capelin,Stokkseyri,1990,971,4395
Capelin,Stokkseyri,1991,0,0
Capelin,Stokkseyri,1992,0,0
Capelin,Stokkseyri,1993,0,0
Capelin,Stokkseyri,1994,0,0
Capelin,Stokkseyri,1995,291,2512
Capelin,Stokkseyri,1996,237,2719
Capelin,Stokkseyri,1997,180,959
Capelin,Stokkseyri,1998,0,0
Capelin,Stokkseyri,1999,0,0
Capelin,Stokkseyri,2000,0,0
Capelin,Stokkseyri,2001,0,0
Capelin,Stokkseyri,2002,0,0
Capelin,Stokkseyri,2003,0,0
Capelin,Stokkseyri,2004,0,0
Capelin,Stokkseyri,2005,0,0
Capelin,Stokkseyri,2006,0,0
Capelin,Stokkseyri,2007,0,0
Capelin,Stokkseyri,2008,0,0
Capelin,Stokkseyri,2009,0,0
Capelin,Stokkseyri,2010,0,0
Capelin,Stokkseyri,2011,0,0
Capelin,Stokkseyri,2012,0,0
Capelin,Stokkseyri,2013,0,0
Capelin,Stokkseyri,2014,0,0
Capelin,Stokkseyri,2015,0,0
Capelin,Stokkseyri,2016,0,0
Capelin,Stokkseyri,2017,0,0
Capelin,Stokkseyri,2018,0,0
Capelin,Stokkseyri,2019,0,0
Capelin,Stokkseyri,2020,0,0
Capelin,Stokkseyri,2021,0,0
Capelin,Stokkseyri,2022,0,0
Capelin,Stokkseyri,2023,0,0
Capelin,Stokkseyri,2024,0,0
Capelin,Stykkishólmur,1982,0,0
Capelin,Stykkishólmur,1983,0,0
Capelin,Stykkishólmur,1984,0,0
Capelin,Stykkishólmur,1985,0,0
Capelin,Stykkishólmur,1986,0,0
Capelin,Stykkishólmur,1987,0,0
Capelin,Stykkishólmur,1988,0,0
Capelin,Stykkishólmur,1989,0,0
Capelin,Stykkishólmur,1990,0,0
Capelin,Stykkishólmur,1991,0,0
Capelin,Stykkishólmur,1992,0,0
Capelin,Stykkishólmur,1993,0,0
Capelin,Stykkishólmur,1994,10,335
Capelin,Stykkishólmur,1995,0,0
Capelin,Stykkishólmur,1996,0,0
Capelin,Stykkishólmur,1997,0,0
Capelin,Stykkishólmur,1998,0,0
Capelin,Stykkishólmur,1999,0,0
Capelin,Stykkishólmur,2000,0,0
Capelin,Stykkishólmur,2001,0,0
Capelin,Stykkishólmur,2002,0,0
Capelin,Stykkishólmur,2003,0,0
Capelin,Stykkishólmur,2004,0,0
Capelin,Stykkishólmur,2005,0,0
Capelin,Stykkishólmur,2006,0,0
Capelin,Stykkishólmur,2007,0,0
Capelin,Stykkishólmur,2008,0,0
Capelin,Stykkishólmur,2009,0,0
Capelin,Stykkishólmur,2010,0,0
Capelin,Stykkishólmur,2011,0,0
Capelin,Stykkishólmur,2012,0,0
Capelin,Stykkishólmur,2013,0,0
Capelin,Stykkishólmur,2014,0,0
Capelin,Stykkishólmur,2015,0,0
Capelin,Stykkishólmur,2016,0,0
Capelin,Stykkishólmur,2017,0,0
Capelin,Stykkishólmur,2018,0,0
Capelin,Stykkishólmur,2019,0,0
Capelin,Stykkishólmur,2020,0,0
Capelin,Stykkishólmur,2021,0,0
Capelin,Stykkishólmur,2022,0,0
Capelin,Stykkishólmur,2023,0,0
Capelin,Stykkishólmur,2024,0,0
Capelin,Stöðvarfjörður,1982,0,0
Capelin,Stöðvarfjörður,1983,0,0
Capelin,Stöðvarfjörður,1984,6834,9205
Capelin,Stöðvarfjörður,1985,1886,2506
Capelin,Stöðvarfjörður,1986,0,0
Capelin,Stöðvarfjörður,1987,0,0
Capelin,Stöðvarfjörður,1988,0,0
Capelin,Stöðvarfjörður,1989,0,0
Capelin,Stöðvarfjörður,1990,0,0
Capelin,Stöðvarfjörður,1991,0,0
Capelin,Stöðvarfjörður,1992,0,0
Capelin,Stöðvarfjörður,1993,0,0
Capelin,Stöðvarfjörður,1994,282,6928
Capelin,Stöðvarfjörður,1995,143,3391
Capelin,Stöðvarfjörður,1996,0,0
Capelin,Stöðvarfjörður,1997,1309,14558
Capelin,Stöðvarfjörður,1998,2887,26709
Capelin,Stöðvarfjörður,1999,532,2904
Capelin,Stöðvarfjörður,2000,0,0
Capelin,Stöðvarfjörður,2001,0,0
Capelin,Stöðvarfjörður,2002,0,0
Capelin,Stöðvarfjörður,2003,0,0
Capelin,Stöðvarfjörður,2004,0,0
Capelin,Stöðvarfjörður,2005,0,0
Capelin,Stöðvarfjörður,2006,0,0
Capelin,Stöðvarfjörður,2007,0,0
Capelin,Stöðvarfjörður,2008,0,0
Capelin,Stöðvarfjörður,2009,0,0
Capelin,Stöðvarfjörður,2010,0,0
Capelin,Stöðvarfjörður,2011,0,0
Capelin,Stöðvarfjörður,2012,0,0
Capelin,Stöðvarfjörður,2013,0,0
Capelin,Stöðvarfjörður,2014,0,0
Capelin,Stöðvarfjörður,2015,0,0
Capelin,Stöðvarfjörður,2016,0,0
Capelin,Stöðvarfjörður,2017,0,0
Capelin,Stöðvarfjörður,2018,0,0
Capelin,Stöðvarfjörður,2019,0,0
Capelin,Stöðvarfjörður,2020,0,0
Capelin,Stöðvarfjörður,2021,0,0
Capelin,Stöðvarfjörður,2022,0,0
Capelin,Stöðvarfjörður,2023,0,0
Capelin,Stöðvarfjörður,2024,0,0
Capelin,Súðavík,1982,0,0
Capelin,Súðavík,1983,0,0
Capelin,Súðavík,1984,0,0
Capelin,Súðavík,1985,0,0
Capelin,Súðavík,1986,0,0
Capelin,Súðavík,1987,0,0
Capelin,Súðavík,1988,0,0
Capelin,Súðavík,1989,0,0
Capelin,Súðavík,1990,0,0
Capelin,Súðavík,1991,0,0
Capelin,Súðavík,1992,0,0
Capelin,Súðavík,1993,0,0
Capelin,Súðavík,1994,0,0
Capelin,Súðavík,1995,0,0
Capelin,Súðavík,1996,0,0
Capelin,Súðavík,1997,0,0
Capelin,Súðavík,1998,0,0
Capelin,Súðavík,1999,0,0
Capelin,Súðavík,2000,0,0
Capelin,Súðavík,2001,0,0
Capelin,Súðavík,2002,0,0
Capelin,Súðavík,2003,0,0
Capelin,Súðavík,2004,0,0
Capelin,Súðavík,2005,0,0
Capelin,Súðavík,2006,0,0
Capelin,Súðavík,2007,0,0
Capelin,Súðavík,2008,0,0
Capelin,Súðavík,2009,0,0
Capelin,Súðavík,2010,0,0
Capelin,Súðavík,2011,0,0
Capelin,Súðavík,2012,0,0
Capelin,Súðavík,2013,0,0
Capelin,Súðavík,2014,0,0
Capelin,Súðavík,2015,0,0
Capelin,Súðavík,2016,0,0
Capelin,Súðavík,2017,0,0
Capelin,Súðavík,2018,0,0
Capelin,Súðavík,2019,0,0
Capelin,Súðavík,2020,0,0
Capelin,Súðavík,2021,0,0
Capelin,Súðavík,2022,0,0
Capelin,Súðavík,2023,0,0
Capelin,Súðavík,2024,0,0
Capelin,Tálknafjörður,1982,0,0
Capelin,Tálknafjörður,1983,0,0
Capelin,Tálknafjörður,1984,0,0
Capelin,Tálknafjörður,1985,0,0
Capelin,Tálknafjörður,1986,0,0
Capelin,Tálknafjörður,1987,0,0
Capelin,Tálknafjörður,1988,0,0
Capelin,Tálknafjörður,1989,0,0
Capelin,Tálknafjörður,1990,0,0
Capelin,Tálknafjörður,1991,0,0
Capelin,Tálknafjörður,1992,0,0
Capelin,Tálknafjörður,1993,5,78
Capelin,Tálknafjörður,1994,25,258
Capelin,Tálknafjörður,1995,0,0
Capelin,Tálknafjörður,1996,0,0
Capelin,Tálknafjörður,1997,0,0
Capelin,Tálknafjörður,1998,0,0
Capelin,Tálknafjörður,1999,0,0
Capelin,Tálknafjörður,2000,0,0
Capelin,Tálknafjörður,2001,0,0
Capelin,Tálknafjörður,2002,0,0
Capelin,Tálknafjörður,2003,0,0
Capelin,Tálknafjörður,2004,0,0
Capelin,Tálknafjörður,2005,0,0
Capelin,Tálknafjörður,2006,0,0
Capelin,Tálknafjörður,2007,0,0
Capelin,Tálknafjörður,2008,0,0
Capelin,Tálknafjörður,2009,0,0
Capelin,Tálknafjörður,2010,0,0
Capelin,Tálknafjörður,2011,0,0
Capelin,Tálknafjörður,2012,0,0
Capelin,Tálknafjörður,2013,0,0
Capelin,Tálknafjörður,2014,0,0
Capelin,Tálknafjörður,2015,0,0
Capelin,Tálknafjörður,2016,0,0
Capelin,Tálknafjörður,2017,0,0
Capelin,Tálknafjörður,2018,0,0
Capelin,Tálknafjörður,2019,0,0
Capelin,Tálknafjörður,2020,0,0
Capelin,Tálknafjörður,2021,0,0
Capelin,Tálknafjörður,2022,0,0
Capelin,Tálknafjörður,2023,0,0
Capelin,Tálknafjörður,2024,0,0
Capelin,Vestmannaeyjar,1982,5430,3840
Capelin,Vestmannaeyjar,1983,11764,19052
Capelin,Vestmannaeyjar,1984,124060,153219
Capelin,Vestmannaeyjar,1985,111067,161277
Capelin,Vestmannaeyjar,1986,100716,163600
Capelin,Vestmannaeyjar,1987,131086,227047
Capelin,Vestmannaeyjar,1988,120406,310460
Capelin,Vestmannaeyjar,1989,102561,343665
Capelin,Vestmannaeyjar,1990,104423,363343
Capelin,Vestmannaeyjar,1991,45259,154249
Capelin,Vestmannaeyjar,1992,94867,344666
Capelin,Vestmannaeyjar,1993,95939,331379
Capelin,Vestmannaeyjar,1994,107386,402645
Capelin,Vestmannaeyjar,1995,98479,350445
Capelin,Vestmannaeyjar,1996,145100,758382
Capelin,Vestmannaeyjar,1997,138879,689236
Capelin,Vestmannaeyjar,1998,81187,534143
Capelin,Vestmannaeyjar,1999,74939,297360
Capelin,Vestmannaeyjar,2000,93838,371658
Capelin,Vestmannaeyjar,2001,115537,564550
Capelin,Vestmannaeyjar,2002,130429,951050
Capelin,Vestmannaeyjar,2003,96536,644324
Capelin,Vestmannaeyjar,2004,66705,404508
Capelin,Vestmannaeyjar,2005,94509,725217
Capelin,Vestmannaeyjar,2006,51280,482876
Capelin,Vestmannaeyjar,2007,73679,949830
Capelin,Vestmannaeyjar,2008,38542,478779
Capelin,Vestmannaeyjar,2009,4633,118963
Capelin,Vestmannaeyjar,2010,28562,582353
Capelin,Vestmannaeyjar,2011,76476,1790987
Capelin,Vestmannaeyjar,2012,119970,2527265
Capelin,Vestmannaeyjar,2013,102510,3155788
Capelin,Vestmannaeyjar,2014,25151,614127
Capelin,Vestmannaeyjar,2015,71394,1789924
Capelin,Vestmannaeyjar,2016,29802,607881
Capelin,Vestmannaeyjar,2017,51906,881390
Capelin,Vestmannaeyjar,2018,40196,910195
Capelin,Vestmannaeyjar,2019,0,0
Capelin,Vestmannaeyjar,2020,0,0
Capelin,Vestmannaeyjar,2021,30515,1351079
Capelin,Vestmannaeyjar,2022,99319,2970543
Capelin,Vestmannaeyjar,2023,73975,2818789
Capelin,Vestmannaeyjar,2024,0,0
Capelin,Vogar,1982,0,0
Capelin,Vogar,1983,10,46
Capelin,Vogar,1984,16,36
Capelin,Vogar,1985,0,0
Capelin,Vogar,1986,1,3
Capelin,Vogar,1987,0,0
Capelin,Vogar,1988,0,0
Capelin,Vogar,1989,30,364
Capelin,Vogar,1990,47,554
Capelin,Vogar,1991,3,38
Capelin,Vogar,1992,0,0
Capelin,Vogar,1993,21,296
Capelin,Vogar,1994,24,677
Capelin,Vogar,1995,1,26
Capelin,Vogar,1996,516,4173
Capelin,Vogar,1997,54,360
Capelin,Vogar,1998,0,0
Capelin,Vogar,1999,0,0
Capelin,Vogar,2000,0,0
Capelin,Vogar,2001,0,0
Capelin,Vogar,2002,0,0
Capelin,Vogar,2003,0,0
Capelin,Vogar,2004,0,0
Capelin,Vogar,2005,0,0
Capelin,Vogar,2006,0,0
Capelin,Vogar,2007,0,0
Capelin,Vogar,2008,0,0
Capelin,Vogar,2009,0,0
Capelin,Vogar,2010,0,0
Capelin,Vogar,2011,0,0
Capelin,Vogar,2012,0,0
Capelin,Vogar,2013,0,0
Capelin,Vogar,2014,0,0
Capelin,Vogar,2015,0,0
Capelin,Vogar,2016,0,0
Capelin,Vogar,2017,0,0
Capelin,Vogar,2018,0,0
Capelin,Vogar,2019,0,0
Capelin,Vogar,2020,0,0
Capelin,Vogar,2021,0,0
Capelin,Vogar,2022,0,0
Capelin,Vogar,2023,0,0
Capelin,Vogar,2024,0,0
Capelin,Vopnafjörður,1982,0,0
Capelin,Vopnafjörður,1983,0,0
Capelin,Vopnafjörður,1984,0,0
Capelin,Vopnafjörður,1985,0,0
Capelin,Vopnafjörður,1986,1435,3190
Capelin,Vopnafjörður,1987,9689,20043
Capelin,Vopnafjörður,1988,8838,23289
Capelin,Vopnafjörður,1989,5152,19179
Capelin,Vopnafjörður,1990,5869,21636
Capelin,Vopnafjörður,1991,5502,25975
Capelin,Vopnafjörður,1992,17391,76810
Capelin,Vopnafjörður,1993,24173,95231
Capelin,Vopnafjörður,1994,8911,28322
Capelin,Vopnafjörður,1995,16134,75955
Capelin,Vopnafjörður,1996,34109,184249
Capelin,Vopnafjörður,1997,45451,293457
Capelin,Vopnafjörður,1998,25163,196844
Capelin,Vopnafjörður,1999,24608,112269
Capelin,Vopnafjörður,2000,28584,135190
Capelin,Vopnafjörður,2001,27905,159152
Capelin,Vopnafjörður,2002,26386,227907
Capelin,Vopnafjörður,2003,21984,166669
Capelin,Vopnafjörður,2004,19330,172315
Capelin,Vopnafjörður,2005,44762,298580
Capelin,Vopnafjörður,2006,16021,127276
Capelin,Vopnafjörður,2007,25120,300357
Capelin,Vopnafjörður,2008,17946,163297
Capelin,Vopnafjörður,2009,2599,31722
Capelin,Vopnafjörður,2010,8415,186374
Capelin,Vopnafjörður,2011,31062,841717
Capelin,Vopnafjörður,2012,59620,1453586
Capelin,Vopnafjörður,2013,53288,1857619
Capelin,Vopnafjörður,2014,12290,307967
Capelin,Vopnafjörður,2015,37322,1162620
Capelin,Vopnafjörður,2016,11316,297492
Capelin,Vopnafjörður,2017,17410,336404
Capelin,Vopnafjörður,2018,22690,573520
Capelin,Vopnafjörður,2019,0,0
Capelin,Vopnafjörður,2020,0,0
Capelin,Vopnafjörður,2021,22899,986083
Capelin,Vopnafjörður,2022,45851,1497526
Capelin,Vopnafjörður,2023,29211,1161815
Capelin,Vopnafjörður,2024,0,0
Capelin,Vík í Mýrdal,1982,0,0
Capelin,Vík í Mýrdal,1983,0,0
Capelin,Vík í Mýrdal,1984,0,0
Capelin,Vík í Mýrdal,1985,0,0
Capelin,Vík í Mýrdal,1986,0,0
Capelin,Vík í Mýrdal,1987,0,0
Capelin,Vík í Mýrdal,1988,0,0
Capelin,Vík í Mýrdal,1989,0,0
Capelin,Vík í Mýrdal,1990,0,0
Capelin,Vík í Mýrdal,1991,0,0
Capelin,Vík í Mýrdal,1992,0,0
Capelin,Vík í Mýrdal,1993,0,0
Capelin,Vík í Mýrdal,1994,0,0
Capelin,Vík í Mýrdal,1995,0,0
Capelin,Vík í Mýrdal,1996,0,0
Capelin,Vík í Mýrdal,1997,0,0
Capelin,Vík í Mýrdal,1998,0,0
Capelin,Vík í Mýrdal,1999,0,0
Capelin,Vík í Mýrdal,2000,0,0
Capelin,Vík í Mýrdal,2001,0,0
Capelin,Vík í Mýrdal,2002,0,0
Capelin,Vík í Mýrdal,2003,0,0
Capelin,Vík í Mýrdal,2004,0,0
Capelin,Vík í Mýrdal,2005,0,0
Capelin,Vík í Mýrdal,2006,0,0
Capelin,Vík í Mýrdal,2007,0,0
Capelin,Vík í Mýrdal,2008,0,0
Capelin,Vík í Mýrdal,2009,0,0
Capelin,Vík í Mýrdal,2010,0,0
Capelin,Vík í Mýrdal,2011,0,0
Capelin,Vík í Mýrdal,2012,0,0
Capelin,Vík í Mýrdal,2013,0,0
Capelin,Vík í Mýrdal,2014,0,0
Capelin,Vík í Mýrdal,2015,0,0
Capelin,Vík í Mýrdal,2016,0,0
Capelin,Vík í Mýrdal,2017,0,0
Capelin,Vík í Mýrdal,2018,0,0
Capelin,Vík í Mýrdal,2019,0,0
Capelin,Vík í Mýrdal,2020,0,0
Capelin,Vík í Mýrdal,2021,0,0
Capelin,Vík í Mýrdal,2022,0,0
Capelin,Vík í Mýrdal,2023,0,0
Capelin,Vík í Mýrdal,2024,0,0
Capelin,Árskógssandur,1982,0,0
Capelin,Árskógssandur,1983,0,0
Capelin,Árskógssandur,1984,0,0
Capelin,Árskógssandur,1985,0,0
Capelin,Árskógssandur,1986,0,0
Capelin,Árskógssandur,1987,0,0
Capelin,Árskógssandur,1988,0,0
Capelin,Árskógssandur,1989,0,0
Capelin,Árskógssandur,1990,0,0
Capelin,Árskógssandur,1991,0,0
Capelin,Árskógssandur,1992,0,0
Capelin,Árskógssandur,1993,0,0
Capelin,Árskógssandur,1994,0,0
Capelin,Árskógssandur,1995,0,0
Capelin,Árskógssandur,1996,0,0
Capelin,Árskógssandur,1997,0,0
Capelin,Árskógssandur,1998,0,0
Capelin,Árskógssandur,1999,0,0
Capelin,Árskógssandur,2000,0,0
Capelin,Árskógssandur,2001,0,0
Capelin,Árskógssandur,2002,0,0
Capelin,Árskógssandur,2003,0,0
Capelin,Árskógssandur,2004,0,0
Capelin,Árskógssandur,2005,0,0
Capelin,Árskógssandur,2006,0,0
Capelin,Árskógssandur,2007,0,0
Capelin,Árskógssandur,2008,0,0
Capelin,Árskógssandur,2009,0,0
Capelin,Árskógssandur,2010,0,0
Capelin,Árskógssandur,2011,0,0
Capelin,Árskógssandur,2012,0,0
Capelin,Árskógssandur,2013,0,0
Capelin,Árskógssandur,2014,0,0
Capelin,Árskógssandur,2015,0,0
Capelin,Árskógssandur,2016,0,0
Capelin,Árskógssandur,2017,0,0
Capelin,Árskógssandur,2018,0,0
Capelin,Árskógssandur,2019,0,0
Capelin,Árskógssandur,2020,0,0
Capelin,Árskógssandur,2021,0,0
Capelin,Árskógssandur,2022,0,0
Capelin,Árskógssandur,2023,0,0
Capelin,Árskógssandur,2024,0,0
Capelin,Ísafjörður,1982,0,0
Capelin,Ísafjörður,1983,1,1
Capelin,Ísafjörður,1984,24,54
Capelin,Ísafjörður,1985,7,32
Capelin,Ísafjörður,1986,50,211
Capelin,Ísafjörður,1987,62,355
Capelin,Ísafjörður,1988,1,9
Capelin,Ísafjörður,1989,43,428
Capelin,Ísafjörður,1990,12,73
Capelin,Ísafjörður,1991,0,0
Capelin,Ísafjörður,1992,0,0
Capelin,Ísafjörður,1993,0,0
Capelin,Ísafjörður,1994,0,0
Capelin,Ísafjörður,1995,0,0
Capelin,Ísafjörður,1996,0,0
Capelin,Ísafjörður,1997,0,0
Capelin,Ísafjörður,1998,0,0
Capelin,Ísafjörður,1999,0,0
Capelin,Ísafjörður,2000,0,0
Capelin,Ísafjörður,2001,0,0
Capelin,Ísafjörður,2002,0,0
Capelin,Ísafjörður,2003,0,0
Capelin,Ísafjörður,2004,0,0
Capelin,Ísafjörður,2005,0,0
Capelin,Ísafjörður,2006,0,0
Capelin,Ísafjörður,2007,0,0
Capelin,Ísafjörður,2008,0,0
Capelin,Ísafjörður,2009,0,0
Capelin,Ísafjörður,2010,0,0
Capelin,Ísafjörður,2011,0,0
Capelin,Ísafjörður,2012,0,0
Capelin,Ísafjörður,2013,0,0
Capelin,Ísafjörður,2014,0,0
Capelin,Ísafjörður,2015,0,0
Capelin,Ísafjörður,2016,0,0
Capelin,Ísafjörður,2017,0,0
Capelin,Ísafjörður,2018,0,0
Capelin,Ísafjörður,2019,0,0
Capelin,Ísafjörður,2020,0,0
Capelin,Ísafjörður,2021,0,0
Capelin,Ísafjörður,2022,0,0
Capelin,Ísafjörður,2023,0,0
Capelin,Ísafjörður,2024,0,0
Capelin,Ólafsfjörður,1982,0,0
Capelin,Ólafsfjörður,1983,0,0
Capelin,Ólafsfjörður,1984,0,0
Capelin,Ólafsfjörður,1985,6608,12383
Capelin,Ólafsfjörður,1986,6882,12786
Capelin,Ólafsfjörður,1987,4050,9451
Capelin,Ólafsfjörður,1988,5299,17454
Capelin,Ólafsfjörður,1989,2359,9297
Capelin,Ólafsfjörður,1990,2911,12189
Capelin,Ólafsfjörður,1991,0,0
Capelin,Ólafsfjörður,1992,3842,15392
Capelin,Ólafsfjörður,1993,6410,27848
Capelin,Ólafsfjörður,1994,6433,27458
Capelin,Ólafsfjörður,1995,1293,7574
Capelin,Ólafsfjörður,1996,10449,52031
Capelin,Ólafsfjörður,1997,8379,53844
Capelin,Ólafsfjörður,1998,1123,8589
Capelin,Ólafsfjörður,1999,0,0
Capelin,Ólafsfjörður,2000,0,0
Capelin,Ólafsfjörður,2001,0,0
Capelin,Ólafsfjörður,2002,0,0
Capelin,Ólafsfjörður,2003,0,0
Capelin,Ólafsfjörður,2004,761,21887
Capelin,Ólafsfjörður,2005,37,1107
Capelin,Ólafsfjörður,2006,0,0
Capelin,Ólafsfjörður,2007,0,0
Capelin,Ólafsfjörður,2008,0,0
Capelin,Ólafsfjörður,2009,0,0
Capelin,Ólafsfjörður,2010,0,0
Capelin,Ólafsfjörður,2011,0,0
Capelin,Ólafsfjörður,2012,0,0
Capelin,Ólafsfjörður,2013,0,0
Capelin,Ólafsfjörður,2014,0,0
Capelin,Ólafsfjörður,2015,0,0
Capelin,Ólafsfjörður,2016,0,0
Capelin,Ólafsfjörður,2017,0,0
Capelin,Ólafsfjörður,2018,0,0
Capelin,Ólafsfjörður,2019,0,0
Capelin,Ólafsfjörður,2020,0,0
Capelin,Ólafsfjörður,2021,0,0
Capelin,Ólafsfjörður,2022,0,0
Capelin,Ólafsfjörður,2023,0,0
Capelin,Ólafsfjörður,2024,0,0
Capelin,Ólafsvík,1982,0,0
Capelin,Ólafsvík,1983,0,0
Capelin,Ólafsvík,1984,557,663
Capelin,Ólafsvík,1985,0,0
Capelin,Ólafsvík,1986,0,0
Capelin,Ólafsvík,1987,0,0
Capelin,Ólafsvík,1988,0,0
Capelin,Ólafsvík,1989,0,0
Capelin,Ólafsvík,1990,0,0
Capelin,Ólafsvík,1991,0,0
Capelin,Ólafsvík,1992,0,0
Capelin,Ólafsvík,1993,0,0
Capelin,Ólafsvík,1994,0,0
Capelin,Ólafsvík,1995,463,3504
Capelin,Ólafsvík,1996,10,52
Capelin,Ólafsvík,1997,0,0
Capelin,Ólafsvík,1998,0,0
Capelin,Ólafsvík,1999,0,0
Capelin,Ólafsvík,2000,0,0
Capelin,Ólafsvík,2001,0,0
Capelin,Ólafsvík,2002,0,0
Capelin,Ólafsvík,2003,0,0
Capelin,Ólafsvík,2004,0,0
Capelin,Ólafsvík,2005,0,0
Capelin,Ólafsvík,2006,0,0
Capelin,Ólafsvík,2007,0,0
Capelin,Ólafsvík,2008,0,0
Capelin,Ólafsvík,2009,0,0
Capelin,Ólafsvík,2010,0,0
Capelin,Ólafsvík,2011,0,0
Capelin,Ólafsvík,2012,0,0
Capelin,Ólafsvík,2013,0,0
Capelin,Ólafsvík,2014,0,0
Capelin,Ólafsvík,2015,0,0
Capelin,Ólafsvík,2016,0,0
Capelin,Ólafsvík,2017,0,0
Capelin,Ólafsvík,2018,0,0
Capelin,Ólafsvík,2019,0,0
Capelin,Ólafsvík,2020,0,0
Capelin,Ólafsvík,2021,0,0
Capelin,Ólafsvík,2022,0,0
Capelin,Ólafsvík,2023,0,0
Capelin,Ólafsvík,2024,0,0
Capelin,Þingeyri,1982,0,0
Capelin,Þingeyri,1983,0,0
Capelin,Þingeyri,1984,0,0
Capelin,Þingeyri,1985,0,0
Capelin,Þingeyri,1986,0,0
Capelin,Þingeyri,1987,0,0
Capelin,Þingeyri,1988,0,0
Capelin,Þingeyri,1989,0,0
Capelin,Þingeyri,1990,0,0
Capelin,Þingeyri,1991,0,0
Capelin,Þingeyri,1992,0,0
Capelin,Þingeyri,1993,0,3
Capelin,Þingeyri,1994,0,0
Capelin,Þingeyri,1995,258,10034
Capelin,Þingeyri,1996,467,10351
Capelin,Þingeyri,1997,0,0
Capelin,Þingeyri,1998,0,0
Capelin,Þingeyri,1999,0,0
Capelin,Þingeyri,2000,0,0
Capelin,Þingeyri,2001,0,0
Capelin,Þingeyri,2002,0,0
Capelin,Þingeyri,2003,0,0
Capelin,Þingeyri,2004,0,0
Capelin,Þingeyri,2005,0,0
Capelin,Þingeyri,2006,0,0
Capelin,Þingeyri,2007,0,0
Capelin,Þingeyri,2008,0,0
Capelin,Þingeyri,2009,0,0
Capelin,Þingeyri,2010,0,0
Capelin,Þingeyri,2011,0,0
Capelin,Þingeyri,2012,0,0
Capelin,Þingeyri,2013,0,0
Capelin,Þingeyri,2014,0,0
Capelin,Þingeyri,2015,0,0
Capelin,Þingeyri,2016,0,0
Capelin,Þingeyri,2017,0,0
Capelin,Þingeyri,2018,0,0
Capelin,Þingeyri,2019,0,0
Capelin,Þingeyri,2020,0,0
Capelin,Þingeyri,2021,0,0
Capelin,Þingeyri,2022,0,0
Capelin,Þingeyri,2023,0,0
Capelin,Þingeyri,2024,0,0
Capelin,Þorlákshöfn,1982,0,0
Capelin,Þorlákshöfn,1983,0,0
Capelin,Þorlákshöfn,1984,1,2
Capelin,Þorlákshöfn,1985,0,0
Capelin,Þorlákshöfn,1986,320,923
Capelin,Þorlákshöfn,1987,1506,9175
Capelin,Þorlákshöfn,1988,0,0
Capelin,Þorlákshöfn,1989,622,2662
Capelin,Þorlákshöfn,1990,977,4052
Capelin,Þorlákshöfn,1991,53,285
Capelin,Þorlákshöfn,1992,224,2688
Capelin,Þorlákshöfn,1993,2584,12074
Capelin,Þorlákshöfn,1994,4944,41261
Capelin,Þorlákshöfn,1995,8920,47515
Capelin,Þorlákshöfn,1996,10504,76084
Capelin,Þorlákshöfn,1997,17024,81743
Capelin,Þorlákshöfn,1998,15863,106615
Capelin,Þorlákshöfn,1999,20339,81350
Capelin,Þorlákshöfn,2000,9416,34380
Capelin,Þorlákshöfn,2001,19021,93970
Capelin,Þorlákshöfn,2002,26231,183978
Capelin,Þorlákshöfn,2003,9490,64759
Capelin,Þorlákshöfn,2004,6201,34703
Capelin,Þorlákshöfn,2005,13769,80812
Capelin,Þorlákshöfn,2006,398,12804
Capelin,Þorlákshöfn,2007,0,0
Capelin,Þorlákshöfn,2008,0,0
Capelin,Þorlákshöfn,2009,0,0
Capelin,Þorlákshöfn,2010,0,0
Capelin,Þorlákshöfn,2011,0,0
Capelin,Þorlákshöfn,2012,0,0
Capelin,Þorlákshöfn,2013,0,0
Capelin,Þorlákshöfn,2014,0,0
Capelin,Þorlákshöfn,2015,0,0
Capelin,Þorlákshöfn,2016,0,0
Capelin,Þorlákshöfn,2017,0,0
Capelin,Þorlákshöfn,2018,0,0
Capelin,Þorlákshöfn,2019,0,0
Capelin,Þorlákshöfn,2020,0,0
Capelin,Þorlákshöfn,2021,0,0
Capelin,Þorlákshöfn,2022,0,0
Capelin,Þorlákshöfn,2023,0,0
Capelin,Þorlákshöfn,2024,0,0
Capelin,Þórshöfn,1982,0,0
Capelin,Þórshöfn,1983,0,0
Capelin,Þórshöfn,1984,0,0
Capelin,Þórshöfn,1985,1025,2211
Capelin,Þórshöfn,1986,14679,27300
Capelin,Þórshöfn,1987,23916,51634
Capelin,Þórshöfn,1988,33841,105298
Capelin,Þórshöfn,1989,23993,98188
Capelin,Þórshöfn,1990,25795,104544
Capelin,Þórshöfn,1991,15059,77574
Capelin,Þórshöfn,1992,40226,174624
Capelin,Þórshöfn,1993,49156,208092
Capelin,Þórshöfn,1994,28379,132399
Capelin,Þórshöfn,1995,34661,175486
Capelin,Þórshöfn,1996,59213,301652
Capelin,Þórshöfn,1997,60564,371265
Capelin,Þórshöfn,1998,26399,192269
Capelin,Þórshöfn,1999,33565,143141
Capelin,Þórshöfn,2000,44940,196392
Capelin,Þórshöfn,2001,65928,429502
Capelin,Þórshöfn,2002,54963,453970
Capelin,Þórshöfn,2003,36416,268757
Capelin,Þórshöfn,2004,29773,230441
Capelin,Þórshöfn,2005,34414,248005
Capelin,Þórshöfn,2006,6057,43410
Capelin,Þórshöfn,2007,16576,181855
Capelin,Þórshöfn,2008,4466,55429
Capelin,Þórshöfn,2009,0,0
Capelin,Þórshöfn,2010,1783,30764
Capelin,Þórshöfn,2011,24915,716552
Capelin,Þórshöfn,2012,54326,1320850
Capelin,Þórshöfn,2013,37167,1384826
Capelin,Þórshöfn,2014,4355,156342
Capelin,Þórshöfn,2015,28658,878098
Capelin,Þórshöfn,2016,0,0
Capelin,Þórshöfn,2017,4226,82279
Capelin,Þórshöfn,2018,15558,368812
Capelin,Þórshöfn,2019,0,0
Capelin,Þórshöfn,2020,0,0
Capelin,Þórshöfn,2021,7016,235965
Capelin,Þórshöfn,2022,36339,1091473
Capelin,Þórshöfn,2023,24550,879807
Capelin,Þórshöfn,2024,0,0
Cod,Akranes,1982,10100,48157
Cod,Akranes,1983,6484,59238
Cod,Akranes,1984,5801,72270
Cod,Akranes,1985,7039,111427
Cod,Akranes,1986,8602,167165
Cod,Akranes,1987,7686,187389
Cod,Akranes,1988,8116,219581
Cod,Akranes,1989,9090,326374
Cod,Akranes,1990,10085,573942
Cod,Akranes,1991,5519,271098
Cod,Akranes,1992,4299,251238
Cod,Akranes,1993,6202,367545
Cod,Akranes,1994,3933,253379
Cod,Akranes,1995,3106,210717
Cod,Akranes,1996,4241,291942
Cod,Akranes,1997,3704,265472
Cod,Akranes,1998,4860,365124
Cod,Akranes,1999,5662,572397
Cod,Akranes,2000,6847,852866
Cod,Akranes,2001,6149,850956
Cod,Akranes,2002,6498,946413
Cod,Akranes,2003,6486,856272
Cod,Akranes,2004,8135,1069874
Cod,Akranes,2005,6449,789102
Cod,Akranes,2006,5236,797609
Cod,Akranes,2007,3102,557198
Cod,Akranes,2008,795,187637
Cod,Akranes,2009,883,199409
Cod,Akranes,2010,635,194952
Cod,Akranes,2011,710,222428
Cod,Akranes,2012,789,224084
Cod,Akranes,2013,798,185362
Cod,Akranes,2014,1107,250334
Cod,Akranes,2015,845,215532
Cod,Akranes,2016,598,147440
Cod,Akranes,2017,801,178570
Cod,Akranes,2018,977,225433
Cod,Akranes,2019,1481,421080
Cod,Akranes,2020,1253,370371
Cod,Akranes,2021,973,321165
Cod,Akranes,2022,658,264061
Cod,Akranes,2023,704,315007
Cod,Akranes,2024,710,349308
Cod,Akureyri,1982,10780,53461
Cod,Akureyri,1983,7786,73268
Cod,Akureyri,1984,11449,147859
Cod,Akureyri,1985,13646,219379
Cod,Akureyri,1986,16824,380262
Cod,Akureyri,1987,15763,466965
Cod,Akureyri,1988,20267,741131
Cod,Akureyri,1989,18014,796679
Cod,Akureyri,1990,20137,1424818
Cod,Akureyri,1991,17745,1454425
Cod,Akureyri,1992,15233,1168481
Cod,Akureyri,1993,19134,1389859
Cod,Akureyri,1994,16239,1130161
Cod,Akureyri,1995,15681,1152631
Cod,Akureyri,1996,13755,1074092
Cod,Akureyri,1997,15731,1297840
Cod,Akureyri,1998,22882,2186823
Cod,Akureyri,1999,25386,2843037
Cod,Akureyri,2000,18152,1988662
Cod,Akureyri,2001,16312,2006225
Cod,Akureyri,2002,14448,1672899
Cod,Akureyri,2003,16668,1809215
Cod,Akureyri,2004,15582,1722504
Cod,Akureyri,2005,11718,1247660
Cod,Akureyri,2006,12579,1715077
Cod,Akureyri,2007,10833,1754020
Cod,Akureyri,2008,6039,1182505
Cod,Akureyri,2009,6326,1089233
Cod,Akureyri,2010,9261,2127755
Cod,Akureyri,2011,10337,2341915
Cod,Akureyri,2012,9256,1764732
Cod,Akureyri,2013,9064,1464466
Cod,Akureyri,2014,10205,1978664
Cod,Akureyri,2015,11360,2588027
Cod,Akureyri,2016,11820,2337737
Cod,Akureyri,2017,11816,2166866
Cod,Akureyri,2018,11230,2062807
Cod,Akureyri,2019,10698,2382855
Cod,Akureyri,2020,10976,2411473
Cod,Akureyri,2021,9888,2212307
Cod,Akureyri,2022,8116,2200899
Cod,Akureyri,2023,10507,3053393
Cod,Akureyri,2024,9628,2830949
Cod,Arnarstapi,1982,0,0
Cod,Arnarstapi,1983,0,0
Cod,Arnarstapi,1984,0,0
Cod,Arnarstapi,1985,0,0
Cod,Arnarstapi,1986,0,0
Cod,Arnarstapi,1987,0,0
Cod,Arnarstapi,1988,0,0
Cod,Arnarstapi,1989,0,0
Cod,Arnarstapi,1990,0,0
Cod,Arnarstapi,1991,0,0
Cod,Arnarstapi,1992,0,0
Cod,Arnarstapi,1993,0,0
Cod,Arnarstapi,1994,0,0
Cod,Arnarstapi,1995,0,0
Cod,Arnarstapi,1996,0,0
Cod,Arnarstapi,1997,0,0
Cod,Arnarstapi,1998,0,0
Cod,Arnarstapi,1999,0,0
Cod,Arnarstapi,2000,1247,160537
Cod,Arnarstapi,2001,1878,301279
Cod,Arnarstapi,2002,1351,219124
Cod,Arnarstapi,2003,1856,297686
Cod,Arnarstapi,2004,1492,224145
Cod,Arnarstapi,2005,1710,242939
Cod,Arnarstapi,2006,1412,245255
Cod,Arnarstapi,2007,1554,320821
Cod,Arnarstapi,2008,1970,398485
Cod,Arnarstapi,2009,1992,449967
Cod,Arnarstapi,2010,1193,369569
Cod,Arnarstapi,2011,1132,360463
Cod,Arnarstapi,2012,1051,319094
Cod,Arnarstapi,2013,1521,369927
Cod,Arnarstapi,2014,2083,556137
Cod,Arnarstapi,2015,1218,353517
Cod,Arnarstapi,2016,1459,382336
Cod,Arnarstapi,2017,1295,294066
Cod,Arnarstapi,2018,1530,367930
Cod,Arnarstapi,2019,1010,302525
Cod,Arnarstapi,2020,1330,412698
Cod,Arnarstapi,2021,1219,392803
Cod,Arnarstapi,2022,1393,553938
Cod,Arnarstapi,2023,1263,517827
Cod,Arnarstapi,2024,1042,479307
Cod,Bakkafjörður,1982,1808,8719
Cod,Bakkafjörður,1983,1425,13757
Cod,Bakkafjörður,1984,1189,13502
Cod,Bakkafjörður,1985,1719,24921
Cod,Bakkafjörður,1986,2083,38751
Cod,Bakkafjörður,1987,2096,50931
Cod,Bakkafjörður,1988,2068,60412
Cod,Bakkafjörður,1989,1490,47141
Cod,Bakkafjörður,1990,1825,88717
Cod,Bakkafjörður,1991,792,46100
Cod,Bakkafjörður,1992,682,42282
Cod,Bakkafjörður,1993,905,48676
Cod,Bakkafjörður,1994,1720,100728
Cod,Bakkafjörður,1995,2234,136278
Cod,Bakkafjörður,1996,1606,105316
Cod,Bakkafjörður,1997,1213,79304
Cod,Bakkafjörður,1998,1459,117552
Cod,Bakkafjörður,1999,2151,216801
Cod,Bakkafjörður,2000,941,89812
Cod,Bakkafjörður,2001,939,102579
Cod,Bakkafjörður,2002,728,85084
Cod,Bakkafjörður,2003,721,79945
Cod,Bakkafjörður,2004,580,62737
Cod,Bakkafjörður,2005,699,75850
Cod,Bakkafjörður,2006,835,112518
Cod,Bakkafjörður,2007,542,88551
Cod,Bakkafjörður,2008,333,51743
Cod,Bakkafjörður,2009,372,66045
Cod,Bakkafjörður,2010,292,76267
Cod,Bakkafjörður,2011,396,108313
Cod,Bakkafjörður,2012,421,103606
Cod,Bakkafjörður,2013,461,100913
Cod,Bakkafjörður,2014,602,147613
Cod,Bakkafjörður,2015,728,176277
Cod,Bakkafjörður,2016,1123,265705
Cod,Bakkafjörður,2017,1347,260490
Cod,Bakkafjörður,2018,1342,292062
Cod,Bakkafjörður,2019,1351,393272
Cod,Bakkafjörður,2020,1391,383874
Cod,Bakkafjörður,2021,1556,480970
Cod,Bakkafjörður,2022,952,313502
Cod,Bakkafjörður,2023,1327,442723
Cod,Bakkafjörður,2024,1555,542587
Cod,Blönduós,1982,0,0
Cod,Blönduós,1983,0,0
Cod,Blönduós,1984,0,0
Cod,Blönduós,1985,1,26
Cod,Blönduós,1986,0,0
Cod,Blönduós,1987,0,0
Cod,Blönduós,1988,0,0
Cod,Blönduós,1989,2,103
Cod,Blönduós,1990,2,167
Cod,Blönduós,1991,0,0
Cod,Blönduós,1992,1,32
Cod,Blönduós,1993,0,0
Cod,Blönduós,1994,0,0
Cod,Blönduós,1995,0,0
Cod,Blönduós,1996,0,0
Cod,Blönduós,1997,8,381
Cod,Blönduós,1998,0,48
Cod,Blönduós,1999,5,417
Cod,Blönduós,2000,0,0
Cod,Blönduós,2001,0,0
Cod,Blönduós,2002,0,0
Cod,Blönduós,2003,0,0
Cod,Blönduós,2004,0,0
Cod,Blönduós,2005,0,0
Cod,Blönduós,2006,15,2302
Cod,Blönduós,2007,88,15012
Cod,Blönduós,2008,12,2721
Cod,Blönduós,2009,0,126
Cod,Blönduós,2010,5,1246
Cod,Blönduós,2011,0,0
Cod,Blönduós,2012,0,0
Cod,Blönduós,2013,0,0
Cod,Blönduós,2014,0,0
Cod,Blönduós,2015,0,0
Cod,Blönduós,2016,0,0
Cod,Blönduós,2017,0,0
Cod,Blönduós,2018,103,25495
Cod,Blönduós,2019,0,0
Cod,Blönduós,2020,0,0
Cod,Blönduós,2021,1,129
Cod,Blönduós,2022,0,0
Cod,Blönduós,2023,0,0
Cod,Blönduós,2024,0,0
Cod,Bolungarvík,1982,8007,40056
Cod,Bolungarvík,1983,6731,63874
Cod,Bolungarvík,1984,7611,94070
Cod,Bolungarvík,1985,7916,123376
Cod,Bolungarvík,1986,7300,139207
Cod,Bolungarvík,1987,6312,146106
Cod,Bolungarvík,1988,6782,182103
Cod,Bolungarvík,1989,5552,166004
Cod,Bolungarvík,1990,6430,302943
Cod,Bolungarvík,1991,6498,333271
Cod,Bolungarvík,1992,7133,387701
Cod,Bolungarvík,1993,4163,241415
Cod,Bolungarvík,1994,2840,160015
Cod,Bolungarvík,1995,2316,143528
Cod,Bolungarvík,1996,2903,170197
Cod,Bolungarvík,1997,3864,213767
Cod,Bolungarvík,1998,3243,245658
Cod,Bolungarvík,1999,2029,149932
Cod,Bolungarvík,2000,6601,659201
Cod,Bolungarvík,2001,5871,652595
Cod,Bolungarvík,2002,5434,688916
Cod,Bolungarvík,2003,6080,752772
Cod,Bolungarvík,2004,7603,886251
Cod,Bolungarvík,2005,7815,879252
Cod,Bolungarvík,2006,6185,805527
Cod,Bolungarvík,2007,4635,676791
Cod,Bolungarvík,2008,4787,922332
Cod,Bolungarvík,2009,5820,1181934
Cod,Bolungarvík,2010,6728,1773186
Cod,Bolungarvík,2011,7728,2126054
Cod,Bolungarvík,2012,7677,2070792
Cod,Bolungarvík,2013,9733,2361624
Cod,Bolungarvík,2014,8686,2307166
Cod,Bolungarvík,2015,10107,2804450
Cod,Bolungarvík,2016,13687,3361159
Cod,Bolungarvík,2017,12519,2652999
Cod,Bolungarvík,2018,12679,2960310
Cod,Bolungarvík,2019,10983,2950501
Cod,Bolungarvík,2020,11506,3161661
Cod,Bolungarvík,2021,13022,4141255
Cod,Bolungarvík,2022,10188,3933492
Cod,Bolungarvík,2023,8684,3372144
Cod,Bolungarvík,2024,8706,3300417
Cod,Borgarfjörður Eystri,1982,895,4523
Cod,Borgarfjörður Eystri,1983,713,7361
Cod,Borgarfjörður Eystri,1984,470,5503
Cod,Borgarfjörður Eystri,1985,546,8545
Cod,Borgarfjörður Eystri,1986,991,18732
Cod,Borgarfjörður Eystri,1987,1201,27233
Cod,Borgarfjörður Eystri,1988,1204,31366
Cod,Borgarfjörður Eystri,1989,1259,39192
Cod,Borgarfjörður Eystri,1990,1521,73393
Cod,Borgarfjörður Eystri,1991,384,20006
Cod,Borgarfjörður Eystri,1992,293,16085
Cod,Borgarfjörður Eystri,1993,307,15423
Cod,Borgarfjörður Eystri,1994,266,14894
Cod,Borgarfjörður Eystri,1995,377,23975
Cod,Borgarfjörður Eystri,1996,492,31510
Cod,Borgarfjörður Eystri,1997,492,30121
Cod,Borgarfjörður Eystri,1998,547,39409
Cod,Borgarfjörður Eystri,1999,669,53239
Cod,Borgarfjörður Eystri,2000,585,47690
Cod,Borgarfjörður Eystri,2001,705,71737
Cod,Borgarfjörður Eystri,2002,565,56197
Cod,Borgarfjörður Eystri,2003,586,57488
Cod,Borgarfjörður Eystri,2004,639,62088
Cod,Borgarfjörður Eystri,2005,675,64215
Cod,Borgarfjörður Eystri,2006,583,66215
Cod,Borgarfjörður Eystri,2007,346,45542
Cod,Borgarfjörður Eystri,2008,280,57022
Cod,Borgarfjörður Eystri,2009,400,80274
Cod,Borgarfjörður Eystri,2010,500,127158
Cod,Borgarfjörður Eystri,2011,472,120225
Cod,Borgarfjörður Eystri,2012,524,123750
Cod,Borgarfjörður Eystri,2013,573,132965
Cod,Borgarfjörður Eystri,2014,906,245888
Cod,Borgarfjörður Eystri,2015,1016,250665
Cod,Borgarfjörður Eystri,2016,903,198114
Cod,Borgarfjörður Eystri,2017,734,143176
Cod,Borgarfjörður Eystri,2018,900,191963
Cod,Borgarfjörður Eystri,2019,705,208334
Cod,Borgarfjörður Eystri,2020,649,200953
Cod,Borgarfjörður Eystri,2021,880,282116
Cod,Borgarfjörður Eystri,2022,721,268929
Cod,Borgarfjörður Eystri,2023,632,253037
Cod,Borgarfjörður Eystri,2024,759,337734
Cod,Borgarnes,1982,0,0
Cod,Borgarnes,1983,0,0
Cod,Borgarnes,1984,0,0
Cod,Borgarnes,1985,0,0
Cod,Borgarnes,1986,0,0
Cod,Borgarnes,1987,1,62
Cod,Borgarnes,1988,238,9098
Cod,Borgarnes,1989,219,9304
Cod,Borgarnes,1990,208,13663
Cod,Borgarnes,1991,700,58110
Cod,Borgarnes,1992,0,0
Cod,Borgarnes,1993,0,0
Cod,Borgarnes,1994,0,0
Cod,Borgarnes,1995,0,2
Cod,Borgarnes,1996,0,0
Cod,Borgarnes,1997,0,0
Cod,Borgarnes,1998,0,0
Cod,Borgarnes,1999,0,0
Cod,Borgarnes,2000,0,0
Cod,Borgarnes,2001,0,0
Cod,Borgarnes,2002,0,0
Cod,Borgarnes,2003,0,0
Cod,Borgarnes,2004,0,0
Cod,Borgarnes,2005,0,0
Cod,Borgarnes,2006,0,0
Cod,Borgarnes,2007,0,0
Cod,Borgarnes,2008,0,0
Cod,Borgarnes,2009,0,0
Cod,Borgarnes,2010,0,0
Cod,Borgarnes,2011,0,0
Cod,Borgarnes,2012,0,0
Cod,Borgarnes,2013,0,0
Cod,Borgarnes,2014,0,0
Cod,Borgarnes,2015,0,0
Cod,Borgarnes,2016,0,0
Cod,Borgarnes,2017,0,0
Cod,Borgarnes,2018,0,0
Cod,Borgarnes,2019,0,0
Cod,Borgarnes,2020,0,0
Cod,Borgarnes,2021,0,0
Cod,Borgarnes,2022,0,0
Cod,Borgarnes,2023,0,0
Cod,Borgarnes,2024,0,0
Cod,Breiðdalsvík,1982,1378,6101
Cod,Breiðdalsvík,1983,2153,20980
Cod,Breiðdalsvík,1984,2080,25554
Cod,Breiðdalsvík,1985,2274,34655
Cod,Breiðdalsvík,1986,1673,32412
Cod,Breiðdalsvík,1987,1806,39313
Cod,Breiðdalsvík,1988,1645,40750
Cod,Breiðdalsvík,1989,1800,69885
Cod,Breiðdalsvík,1990,2126,128504
Cod,Breiðdalsvík,1991,1056,53137
Cod,Breiðdalsvík,1992,2,127
Cod,Breiðdalsvík,1993,0,0
Cod,Breiðdalsvík,1994,0,0
Cod,Breiðdalsvík,1995,0,0
Cod,Breiðdalsvík,1996,5,261
Cod,Breiðdalsvík,1997,26,1332
Cod,Breiðdalsvík,1998,0,0
Cod,Breiðdalsvík,1999,355,32300
Cod,Breiðdalsvík,2000,302,22366
Cod,Breiðdalsvík,2001,648,57919
Cod,Breiðdalsvík,2002,354,37106
Cod,Breiðdalsvík,2003,154,14419
Cod,Breiðdalsvík,2004,141,14122
Cod,Breiðdalsvík,2005,289,26159
Cod,Breiðdalsvík,2006,68,6043
Cod,Breiðdalsvík,2007,37,3645
Cod,Breiðdalsvík,2008,17,1731
Cod,Breiðdalsvík,2009,73,17863
Cod,Breiðdalsvík,2010,654,169354
Cod,Breiðdalsvík,2011,1938,533168
Cod,Breiðdalsvík,2012,1434,401192
Cod,Breiðdalsvík,2013,1888,497162
Cod,Breiðdalsvík,2014,1960,538603
Cod,Breiðdalsvík,2015,1982,537523
Cod,Breiðdalsvík,2016,1520,368779
Cod,Breiðdalsvík,2017,1455,311080
Cod,Breiðdalsvík,2018,1116,229890
Cod,Breiðdalsvík,2019,1466,372705
Cod,Breiðdalsvík,2020,1177,430261
Cod,Breiðdalsvík,2021,1191,349245
Cod,Breiðdalsvík,2022,794,236595
Cod,Breiðdalsvík,2023,650,225687
Cod,Breiðdalsvík,2024,563,189298
Cod,Brjánslækur,1982,0,0
Cod,Brjánslækur,1983,0,0
Cod,Brjánslækur,1984,0,0
Cod,Brjánslækur,1985,0,0
Cod,Brjánslækur,1986,0,0
Cod,Brjánslækur,1987,18,372
Cod,Brjánslækur,1988,150,3684
Cod,Brjánslækur,1989,186,5769
Cod,Brjánslækur,1990,208,10502
Cod,Brjánslækur,1991,0,0
Cod,Brjánslækur,1992,0,0
Cod,Brjánslækur,1993,0,0
Cod,Brjánslækur,1994,3,218
Cod,Brjánslækur,1995,1,53
Cod,Brjánslækur,1996,0,0
Cod,Brjánslækur,1997,0,0
Cod,Brjánslækur,1998,0,0
Cod,Brjánslækur,1999,0,0
Cod,Brjánslækur,2000,217,18400
Cod,Brjánslækur,2001,138,14757
Cod,Brjánslækur,2002,74,10391
Cod,Brjánslækur,2003,134,15549
Cod,Brjánslækur,2004,39,3864
Cod,Brjánslækur,2005,43,4461
Cod,Brjánslækur,2006,17,2138
Cod,Brjánslækur,2007,5,658
Cod,Brjánslækur,2008,3,466
Cod,Brjánslækur,2009,16,3377
Cod,Brjánslækur,2010,22,4894
Cod,Brjánslækur,2011,43,9911
Cod,Brjánslækur,2012,1,162
Cod,Brjánslækur,2013,30,6732
Cod,Brjánslækur,2014,39,8543
Cod,Brjánslækur,2015,18,3888
Cod,Brjánslækur,2016,21,3888
Cod,Brjánslækur,2017,12,2151
Cod,Brjánslækur,2018,11,1902
Cod,Brjánslækur,2019,29,7530
Cod,Brjánslækur,2020,42,11170
Cod,Brjánslækur,2021,45,15282
Cod,Brjánslækur,2022,45,14880
Cod,Brjánslækur,2023,34,10918
Cod,Brjánslækur,2024,41,13374
Cod,Bíldudalur,1982,2493,11881
Cod,Bíldudalur,1983,2123,20296
Cod,Bíldudalur,1984,2414,30476
Cod,Bíldudalur,1985,2519,38602
Cod,Bíldudalur,1986,3088,61428
Cod,Bíldudalur,1987,3029,69969
Cod,Bíldudalur,1988,2114,54090
Cod,Bíldudalur,1989,2684,79177
Cod,Bíldudalur,1990,2973,140183
Cod,Bíldudalur,1991,1749,84063
Cod,Bíldudalur,1992,1368,66907
Cod,Bíldudalur,1993,1634,87745
Cod,Bíldudalur,1994,1266,80188
Cod,Bíldudalur,1995,1312,87199
Cod,Bíldudalur,1996,1733,113953
Cod,Bíldudalur,1997,2707,187264
Cod,Bíldudalur,1998,1600,116552
Cod,Bíldudalur,1999,954,59497
Cod,Bíldudalur,2000,736,61900
Cod,Bíldudalur,2001,2563,274150
Cod,Bíldudalur,2002,2188,296148
Cod,Bíldudalur,2003,299,31540
Cod,Bíldudalur,2004,504,63254
Cod,Bíldudalur,2005,440,43086
Cod,Bíldudalur,2006,205,25318
Cod,Bíldudalur,2007,117,21601
Cod,Bíldudalur,2008,375,74532
Cod,Bíldudalur,2009,422,86727
Cod,Bíldudalur,2010,277,64454
Cod,Bíldudalur,2011,404,102297
Cod,Bíldudalur,2012,526,145315
Cod,Bíldudalur,2013,162,43197
Cod,Bíldudalur,2014,195,54250
Cod,Bíldudalur,2015,138,37269
Cod,Bíldudalur,2016,140,34488
Cod,Bíldudalur,2017,273,63453
Cod,Bíldudalur,2018,232,51771
Cod,Bíldudalur,2019,174,50223
Cod,Bíldudalur,2020,213,58278
Cod,Bíldudalur,2021,224,73914
Cod,Bíldudalur,2022,194,76528
Cod,Bíldudalur,2023,196,84504
Cod,Bíldudalur,2024,210,84465
Cod,Búðardalur,1982,0,0
Cod,Búðardalur,1983,0,0
Cod,Búðardalur,1984,0,0
Cod,Búðardalur,1985,0,0
Cod,Búðardalur,1986,0,0
Cod,Búðardalur,1987,0,0
Cod,Búðardalur,1988,0,0
Cod,Búðardalur,1989,0,0
Cod,Búðardalur,1990,0,0
Cod,Búðardalur,1991,0,0
Cod,Búðardalur,1992,0,0
Cod,Búðardalur,1993,0,0
Cod,Búðardalur,1994,0,0
Cod,Búðardalur,1995,0,0
Cod,Búðardalur,1996,0,0
Cod,Búðardalur,1997,0,0
Cod,Búðardalur,1998,0,0
Cod,Búðardalur,1999,0,0
Cod,Búðardalur,2000,0,0
Cod,Búðardalur,2001,0,0
Cod,Búðardalur,2002,0,0
Cod,Búðardalur,2003,0,0
Cod,Búðardalur,2004,0,0
Cod,Búðardalur,2005,0,0
Cod,Búðardalur,2006,0,0
Cod,Búðardalur,2007,0,0
Cod,Búðardalur,2008,0,0
Cod,Búðardalur,2009,0,0
Cod,Búðardalur,2010,0,0
Cod,Búðardalur,2011,0,0
Cod,Búðardalur,2012,0,0
Cod,Búðardalur,2013,0,0
Cod,Búðardalur,2014,0,0
Cod,Búðardalur,2015,0,0
Cod,Búðardalur,2016,0,0
Cod,Búðardalur,2017,0,0
Cod,Búðardalur,2018,0,0
Cod,Búðardalur,2019,0,0
Cod,Búðardalur,2020,0,0
Cod,Búðardalur,2021,0,0
Cod,Búðardalur,2022,0,0
Cod,Búðardalur,2023,0,0
Cod,Búðardalur,2024,0,0
Cod,Dalvík,1982,11602,55046
Cod,Dalvík,1983,9370,84724
Cod,Dalvík,1984,7866,93002
Cod,Dalvík,1985,8193,125351
Cod,Dalvík,1986,10329,196005
Cod,Dalvík,1987,10249,254518
Cod,Dalvík,1988,11344,328561
Cod,Dalvík,1989,7927,274318
Cod,Dalvík,1990,8534,458975
Cod,Dalvík,1991,9840,648043
Cod,Dalvík,1992,7728,511238
Cod,Dalvík,1993,7999,486277
Cod,Dalvík,1994,6988,463377
Cod,Dalvík,1995,3857,253135
Cod,Dalvík,1996,5146,351715
Cod,Dalvík,1997,5021,304367
Cod,Dalvík,1998,7689,637607
Cod,Dalvík,1999,8396,770892
Cod,Dalvík,2000,5498,585276
Cod,Dalvík,2001,9630,976911
Cod,Dalvík,2002,5274,631025
Cod,Dalvík,2003,8505,875102
Cod,Dalvík,2004,7509,805122
Cod,Dalvík,2005,6070,623409
Cod,Dalvík,2006,6658,762700
Cod,Dalvík,2007,6467,894346
Cod,Dalvík,2008,3720,695695
Cod,Dalvík,2009,7539,1402636
Cod,Dalvík,2010,7911,1698609
Cod,Dalvík,2011,7810,1657405
Cod,Dalvík,2012,11526,2225355
Cod,Dalvík,2013,13973,2268759
Cod,Dalvík,2014,17039,3132198
Cod,Dalvík,2015,15106,3123940
Cod,Dalvík,2016,16306,2948426
Cod,Dalvík,2017,15541,2548408
Cod,Dalvík,2018,15933,2898394
Cod,Dalvík,2019,9515,2174620
Cod,Dalvík,2020,12226,2858894
Cod,Dalvík,2021,11020,2725592
Cod,Dalvík,2022,8880,2517226
Cod,Dalvík,2023,8702,2693891
Cod,Dalvík,2024,9497,2964778
Cod,Djúpivogur,1982,2408,11849
Cod,Djúpivogur,1983,2356,22672
Cod,Djúpivogur,1984,2505,31954
Cod,Djúpivogur,1985,3077,48935
Cod,Djúpivogur,1986,2829,53568
Cod,Djúpivogur,1987,3413,75726
Cod,Djúpivogur,1988,3062,83708
Cod,Djúpivogur,1989,2481,81595
Cod,Djúpivogur,1990,2698,137028
Cod,Djúpivogur,1991,2375,126667
Cod,Djúpivogur,1992,2160,111225
Cod,Djúpivogur,1993,1971,100593
Cod,Djúpivogur,1994,1862,100681
Cod,Djúpivogur,1995,1410,82283
Cod,Djúpivogur,1996,737,42123
Cod,Djúpivogur,1997,1907,150293
Cod,Djúpivogur,1998,2538,255880
Cod,Djúpivogur,1999,587,53527
Cod,Djúpivogur,2000,3885,303976
Cod,Djúpivogur,2001,2720,259273
Cod,Djúpivogur,2002,2732,311149
Cod,Djúpivogur,2003,3226,348060
Cod,Djúpivogur,2004,3757,391756
Cod,Djúpivogur,2005,6376,599673
Cod,Djúpivogur,2006,5870,678006
Cod,Djúpivogur,2007,5628,802694
Cod,Djúpivogur,2008,3916,713695
Cod,Djúpivogur,2009,6019,1060511
Cod,Djúpivogur,2010,4029,845134
Cod,Djúpivogur,2011,3500,815185
Cod,Djúpivogur,2012,7627,1602400
Cod,Djúpivogur,2013,8102,1436363
Cod,Djúpivogur,2014,9562,1885808
Cod,Djúpivogur,2015,4802,1117969
Cod,Djúpivogur,2016,3713,798934
Cod,Djúpivogur,2017,6474,1112594
Cod,Djúpivogur,2018,6164,1228707
Cod,Djúpivogur,2019,7440,1798914
Cod,Djúpivogur,2020,6061,1535443
Cod,Djúpivogur,2021,3089,860640
Cod,Djúpivogur,2022,2428,792716
Cod,Djúpivogur,2023,5113,1750789
Cod,Djúpivogur,2024,4631,1683435
Cod,Domeniska lýðveldið,1982,0,0
Cod,Domeniska lýðveldið,1983,0,0
Cod,Domeniska lýðveldið,1984,0,0
Cod,Domeniska lýðveldið,1985,0,0
Cod,Domeniska lýðveldið,1986,0,0
Cod,Domeniska lýðveldið,1987,0,0
Cod,Domeniska lýðveldið,1988,0,0
Cod,Domeniska lýðveldið,1989,0,0
Cod,Domeniska lýðveldið,1990,0,0
Cod,Domeniska lýðveldið,1991,0,0
Cod,Domeniska lýðveldið,1992,0,0
Cod,Domeniska lýðveldið,1993,0,0
Cod,Domeniska lýðveldið,1994,0,0
Cod,Domeniska lýðveldið,1995,0,0
Cod,Domeniska lýðveldið,1996,0,0
Cod,Domeniska lýðveldið,1997,0,0
Cod,Domeniska lýðveldið,1998,0,0
Cod,Domeniska lýðveldið,1999,0,0
Cod,Domeniska lýðveldið,2000,0,0
Cod,Domeniska lýðveldið,2001,0,0
Cod,Domeniska lýðveldið,2002,0,0
Cod,Domeniska lýðveldið,2003,0,0
Cod,Domeniska lýðveldið,2004,0,0
Cod,Domeniska lýðveldið,2005,0,0
Cod,Domeniska lýðveldið,2006,0,0
Cod,Domeniska lýðveldið,2007,0,0
Cod,Domeniska lýðveldið,2008,0,0
Cod,Domeniska lýðveldið,2009,0,0
Cod,Domeniska lýðveldið,2010,0,0
Cod,Domeniska lýðveldið,2011,0,0
Cod,Domeniska lýðveldið,2012,0,0
Cod,Domeniska lýðveldið,2013,0,0
Cod,Domeniska lýðveldið,2014,8,1783
Cod,Domeniska lýðveldið,2015,0,0
Cod,Domeniska lýðveldið,2016,0,0
Cod,Domeniska lýðveldið,2017,0,0
Cod,Domeniska lýðveldið,2018,0,0
Cod,Domeniska lýðveldið,2019,0,0
Cod,Domeniska lýðveldið,2020,0,0
Cod,Domeniska lýðveldið,2021,0,0
Cod,Domeniska lýðveldið,2022,0,0
Cod,Domeniska lýðveldið,2023,0,0
Cod,Domeniska lýðveldið,2024,0,0
Cod,Drangsnes,1982,259,1280
Cod,Drangsnes,1983,31,333
Cod,Drangsnes,1984,74,859
Cod,Drangsnes,1985,80,1250
Cod,Drangsnes,1986,106,2149
Cod,Drangsnes,1987,354,8867
Cod,Drangsnes,1988,352,9722
Cod,Drangsnes,1989,186,6096
Cod,Drangsnes,1990,243,12714
Cod,Drangsnes,1991,553,30888
Cod,Drangsnes,1992,522,29511
Cod,Drangsnes,1993,271,14072
Cod,Drangsnes,1994,168,8348
Cod,Drangsnes,1995,0,1
Cod,Drangsnes,1996,89,4348
Cod,Drangsnes,1997,0,0
Cod,Drangsnes,1998,157,13132
Cod,Drangsnes,1999,1185,90408
Cod,Drangsnes,2000,878,87938
Cod,Drangsnes,2001,801,93550
Cod,Drangsnes,2002,811,94704
Cod,Drangsnes,2003,912,98123
Cod,Drangsnes,2004,901,95357
Cod,Drangsnes,2005,809,82124
Cod,Drangsnes,2006,544,70495
Cod,Drangsnes,2007,328,56219
Cod,Drangsnes,2008,352,68937
Cod,Drangsnes,2009,216,48212
Cod,Drangsnes,2010,281,76025
Cod,Drangsnes,2011,465,120690
Cod,Drangsnes,2012,578,146578
Cod,Drangsnes,2013,553,118793
Cod,Drangsnes,2014,523,108529
Cod,Drangsnes,2015,559,128102
Cod,Drangsnes,2016,615,123182
Cod,Drangsnes,2017,588,99549
Cod,Drangsnes,2018,658,118633
Cod,Drangsnes,2019,820,186001
Cod,Drangsnes,2020,714,166322
Cod,Drangsnes,2021,643,163118
Cod,Drangsnes,2022,690,208891
Cod,Drangsnes,2023,601,191288
Cod,Drangsnes,2024,731,235590
Cod,Egilsstaðir,1982,0,0
Cod,Egilsstaðir,1983,0,0
Cod,Egilsstaðir,1984,0,0
Cod,Egilsstaðir,1985,0,0
Cod,Egilsstaðir,1986,0,0
Cod,Egilsstaðir,1987,0,0
Cod,Egilsstaðir,1988,0,0
Cod,Egilsstaðir,1989,0,0
Cod,Egilsstaðir,1990,0,0
Cod,Egilsstaðir,1991,0,0
Cod,Egilsstaðir,1992,0,0
Cod,Egilsstaðir,1993,0,0
Cod,Egilsstaðir,1994,0,0
Cod,Egilsstaðir,1995,0,0
Cod,Egilsstaðir,1996,0,0
Cod,Egilsstaðir,1997,0,0
Cod,Egilsstaðir,1998,0,0
Cod,Egilsstaðir,1999,1,107
Cod,Egilsstaðir,2000,0,0
Cod,Egilsstaðir,2001,0,0
Cod,Egilsstaðir,2002,0,0
Cod,Egilsstaðir,2003,0,0
Cod,Egilsstaðir,2004,0,0
Cod,Egilsstaðir,2005,0,0
Cod,Egilsstaðir,2006,0,0
Cod,Egilsstaðir,2007,0,0
Cod,Egilsstaðir,2008,0,0
Cod,Egilsstaðir,2009,0,0
Cod,Egilsstaðir,2010,0,0
Cod,Egilsstaðir,2011,0,0
Cod,Egilsstaðir,2012,0,0
Cod,Egilsstaðir,2013,0,0
Cod,Egilsstaðir,2014,0,0
Cod,Egilsstaðir,2015,0,0
Cod,Egilsstaðir,2016,0,0
Cod,Egilsstaðir,2017,0,0
Cod,Egilsstaðir,2018,0,0
Cod,Egilsstaðir,2019,0,0
Cod,Egilsstaðir,2020,0,0
Cod,Egilsstaðir,2021,0,0
Cod,Egilsstaðir,2022,0,0
Cod,Egilsstaðir,2023,0,0
Cod,Egilsstaðir,2024,0,0
Cod,Eskifjörður,1982,6819,31753
Cod,Eskifjörður,1983,4688,43452
Cod,Eskifjörður,1984,4173,49611
Cod,Eskifjörður,1985,3599,55690
Cod,Eskifjörður,1986,4874,92746
Cod,Eskifjörður,1987,5360,121020
Cod,Eskifjörður,1988,4304,109600
Cod,Eskifjörður,1989,4028,125405
Cod,Eskifjörður,1990,4409,213797
Cod,Eskifjörður,1991,2962,164659
Cod,Eskifjörður,1992,3231,194143
Cod,Eskifjörður,1993,2870,146072
Cod,Eskifjörður,1994,2131,114684
Cod,Eskifjörður,1995,2064,129215
Cod,Eskifjörður,1996,1928,137645
Cod,Eskifjörður,1997,1312,77102
Cod,Eskifjörður,1998,2238,152906
Cod,Eskifjörður,1999,2155,141275
Cod,Eskifjörður,2000,3240,271350
Cod,Eskifjörður,2001,3132,269569
Cod,Eskifjörður,2002,3316,308049
Cod,Eskifjörður,2003,3341,323007
Cod,Eskifjörður,2004,5155,536468
Cod,Eskifjörður,2005,10094,968893
Cod,Eskifjörður,2006,8948,979036
Cod,Eskifjörður,2007,6688,935080
Cod,Eskifjörður,2008,6222,1188365
Cod,Eskifjörður,2009,5075,801361
Cod,Eskifjörður,2010,2023,535553
Cod,Eskifjörður,2011,1228,281664
Cod,Eskifjörður,2012,2927,641644
Cod,Eskifjörður,2013,1552,301997
Cod,Eskifjörður,2014,3740,858328
Cod,Eskifjörður,2015,1603,415435
Cod,Eskifjörður,2016,2703,571606
Cod,Eskifjörður,2017,2201,518021
Cod,Eskifjörður,2018,2518,590477
Cod,Eskifjörður,2019,2632,632609
Cod,Eskifjörður,2020,3394,747727
Cod,Eskifjörður,2021,418,106405
Cod,Eskifjörður,2022,1117,372232
Cod,Eskifjörður,2023,848,272925
Cod,Eskifjörður,2024,524,191944
Cod,Eyrarbakki,1982,3948,17771
Cod,Eyrarbakki,1983,2243,18821
Cod,Eyrarbakki,1984,1847,21432
Cod,Eyrarbakki,1985,1229,19052
Cod,Eyrarbakki,1986,300,5887
Cod,Eyrarbakki,1987,567,18057
Cod,Eyrarbakki,1988,1525,51807
Cod,Eyrarbakki,1989,1163,48672
Cod,Eyrarbakki,1990,1183,77547
Cod,Eyrarbakki,1991,786,63947
Cod,Eyrarbakki,1992,272,20069
Cod,Eyrarbakki,1993,216,14175
Cod,Eyrarbakki,1994,494,33185
Cod,Eyrarbakki,1995,160,12166
Cod,Eyrarbakki,1996,285,17431
Cod,Eyrarbakki,1997,309,18849
Cod,Eyrarbakki,1998,273,18486
Cod,Eyrarbakki,1999,374,27733
Cod,Eyrarbakki,2000,0,0
Cod,Eyrarbakki,2001,0,0
Cod,Eyrarbakki,2002,0,0
Cod,Eyrarbakki,2003,0,0
Cod,Eyrarbakki,2004,3,537
Cod,Eyrarbakki,2005,0,0
Cod,Eyrarbakki,2006,0,0
Cod,Eyrarbakki,2007,0,0
Cod,Eyrarbakki,2008,0,0
Cod,Eyrarbakki,2009,0,0
Cod,Eyrarbakki,2010,0,0
Cod,Eyrarbakki,2011,0,0
Cod,Eyrarbakki,2012,0,0
Cod,Eyrarbakki,2013,0,0
Cod,Eyrarbakki,2014,0,0
Cod,Eyrarbakki,2015,0,0
Cod,Eyrarbakki,2016,0,0
Cod,Eyrarbakki,2017,0,0
Cod,Eyrarbakki,2018,0,0
Cod,Eyrarbakki,2019,0,0
Cod,Eyrarbakki,2020,0,0
Cod,Eyrarbakki,2021,0,0
Cod,Eyrarbakki,2022,0,0
Cod,Eyrarbakki,2023,0,0
Cod,Eyrarbakki,2024,0,0
Cod,Flatey á Breiðafirði,1982,0,0
Cod,Flatey á Breiðafirði,1983,0,0
Cod,Flatey á Breiðafirði,1984,0,0
Cod,Flatey á Breiðafirði,1985,0,0
Cod,Flatey á Breiðafirði,1986,0,0
Cod,Flatey á Breiðafirði,1987,0,0
Cod,Flatey á Breiðafirði,1988,0,0
Cod,Flatey á Breiðafirði,1989,0,0
Cod,Flatey á Breiðafirði,1990,0,0
Cod,Flatey á Breiðafirði,1991,0,0
Cod,Flatey á Breiðafirði,1992,0,0
Cod,Flatey á Breiðafirði,1993,0,0
Cod,Flatey á Breiðafirði,1994,0,0
Cod,Flatey á Breiðafirði,1995,0,0
Cod,Flatey á Breiðafirði,1996,0,0
Cod,Flatey á Breiðafirði,1997,0,0
Cod,Flatey á Breiðafirði,1998,0,0
Cod,Flatey á Breiðafirði,1999,0,0
Cod,Flatey á Breiðafirði,2000,0,0
Cod,Flatey á Breiðafirði,2001,0,0
Cod,Flatey á Breiðafirði,2002,0,0
Cod,Flatey á Breiðafirði,2003,0,0
Cod,Flatey á Breiðafirði,2004,0,0
Cod,Flatey á Breiðafirði,2005,0,0
Cod,Flatey á Breiðafirði,2006,0,0
Cod,Flatey á Breiðafirði,2007,0,0
Cod,Flatey á Breiðafirði,2008,0,0
Cod,Flatey á Breiðafirði,2009,0,0
Cod,Flatey á Breiðafirði,2010,0,0
Cod,Flatey á Breiðafirði,2011,0,0
Cod,Flatey á Breiðafirði,2012,0,0
Cod,Flatey á Breiðafirði,2013,0,0
Cod,Flatey á Breiðafirði,2014,0,0
Cod,Flatey á Breiðafirði,2015,0,0
Cod,Flatey á Breiðafirði,2016,0,0
Cod,Flatey á Breiðafirði,2017,0,0
Cod,Flatey á Breiðafirði,2018,0,0
Cod,Flatey á Breiðafirði,2019,0,0
Cod,Flatey á Breiðafirði,2020,0,0
Cod,Flatey á Breiðafirði,2021,0,0
Cod,Flatey á Breiðafirði,2022,0,0
Cod,Flatey á Breiðafirði,2023,0,0
Cod,Flatey á Breiðafirði,2024,0,0
Cod,Flateyri,1982,3782,19145
Cod,Flateyri,1983,3472,33242
Cod,Flateyri,1984,3268,40810
Cod,Flateyri,1985,3257,51625
Cod,Flateyri,1986,3016,58626
Cod,Flateyri,1987,3083,72225
Cod,Flateyri,1988,3706,99259
Cod,Flateyri,1989,3127,94782
Cod,Flateyri,1990,3554,170055
Cod,Flateyri,1991,3354,154020
Cod,Flateyri,1992,3964,184106
Cod,Flateyri,1993,2722,152954
Cod,Flateyri,1994,2476,149088
Cod,Flateyri,1995,3399,211003
Cod,Flateyri,1996,3867,236580
Cod,Flateyri,1997,1478,88798
Cod,Flateyri,1998,0,0
Cod,Flateyri,1999,201,18045
Cod,Flateyri,2000,3003,280320
Cod,Flateyri,2001,3770,355021
Cod,Flateyri,2002,3184,401951
Cod,Flateyri,2003,3750,460998
Cod,Flateyri,2004,4499,500539
Cod,Flateyri,2005,5422,499980
Cod,Flateyri,2006,6364,653502
Cod,Flateyri,2007,2709,316237
Cod,Flateyri,2008,436,72406
Cod,Flateyri,2009,538,104600
Cod,Flateyri,2010,382,101762
Cod,Flateyri,2011,583,132623
Cod,Flateyri,2012,991,270788
Cod,Flateyri,2013,1090,253677
Cod,Flateyri,2014,1183,318686
Cod,Flateyri,2015,876,241324
Cod,Flateyri,2016,1852,456015
Cod,Flateyri,2017,986,196151
Cod,Flateyri,2018,842,164491
Cod,Flateyri,2019,458,124692
Cod,Flateyri,2020,605,166630
Cod,Flateyri,2021,563,173705
Cod,Flateyri,2022,533,191418
Cod,Flateyri,2023,317,120995
Cod,Flateyri,2024,194,76858
Cod,Fáskrúðsfjörður,1982,5541,25951
Cod,Fáskrúðsfjörður,1983,5118,47483
Cod,Fáskrúðsfjörður,1984,5546,68992
Cod,Fáskrúðsfjörður,1985,5818,92588
Cod,Fáskrúðsfjörður,1986,6028,116680
Cod,Fáskrúðsfjörður,1987,5471,127615
Cod,Fáskrúðsfjörður,1988,4805,123253
Cod,Fáskrúðsfjörður,1989,3969,116374
Cod,Fáskrúðsfjörður,1990,4520,209075
Cod,Fáskrúðsfjörður,1991,4025,214366
Cod,Fáskrúðsfjörður,1992,3358,179450
Cod,Fáskrúðsfjörður,1993,2968,155138
Cod,Fáskrúðsfjörður,1994,2158,118797
Cod,Fáskrúðsfjörður,1995,2139,119948
Cod,Fáskrúðsfjörður,1996,1953,112358
Cod,Fáskrúðsfjörður,1997,1958,112961
Cod,Fáskrúðsfjörður,1998,1982,123773
Cod,Fáskrúðsfjörður,1999,2155,142466
Cod,Fáskrúðsfjörður,2000,2503,195914
Cod,Fáskrúðsfjörður,2001,2358,224269
Cod,Fáskrúðsfjörður,2002,2425,226613
Cod,Fáskrúðsfjörður,2003,1963,192531
Cod,Fáskrúðsfjörður,2004,2195,214204
Cod,Fáskrúðsfjörður,2005,1881,170460
Cod,Fáskrúðsfjörður,2006,1859,197540
Cod,Fáskrúðsfjörður,2007,1155,162628
Cod,Fáskrúðsfjörður,2008,1608,267068
Cod,Fáskrúðsfjörður,2009,1834,268291
Cod,Fáskrúðsfjörður,2010,1886,373806
Cod,Fáskrúðsfjörður,2011,1601,329046
Cod,Fáskrúðsfjörður,2012,1695,321066
Cod,Fáskrúðsfjörður,2013,2786,410216
Cod,Fáskrúðsfjörður,2014,1857,301650
Cod,Fáskrúðsfjörður,2015,2482,469676
Cod,Fáskrúðsfjörður,2016,1881,355325
Cod,Fáskrúðsfjörður,2017,2906,459671
Cod,Fáskrúðsfjörður,2018,3199,542897
Cod,Fáskrúðsfjörður,2019,2617,534172
Cod,Fáskrúðsfjörður,2020,3443,720592
Cod,Fáskrúðsfjörður,2021,2251,481051
Cod,Fáskrúðsfjörður,2022,2799,737294
Cod,Fáskrúðsfjörður,2023,1601,467274
Cod,Fáskrúðsfjörður,2024,2608,761683
Cod,Garðabær,1982,0,0
Cod,Garðabær,1983,0,0
Cod,Garðabær,1984,0,0
Cod,Garðabær,1985,0,0
Cod,Garðabær,1986,0,0
Cod,Garðabær,1987,0,0
Cod,Garðabær,1988,0,0
Cod,Garðabær,1989,0,0
Cod,Garðabær,1990,0,0
Cod,Garðabær,1991,0,0
Cod,Garðabær,1992,0,0
Cod,Garðabær,1993,0,0
Cod,Garðabær,1994,1,66
Cod,Garðabær,1995,310,25360
Cod,Garðabær,1996,793,50057
Cod,Garðabær,1997,450,30212
Cod,Garðabær,1998,0,0
Cod,Garðabær,1999,0,0
Cod,Garðabær,2000,0,0
Cod,Garðabær,2001,0,0
Cod,Garðabær,2002,0,0
Cod,Garðabær,2003,0,0
Cod,Garðabær,2004,0,0
Cod,Garðabær,2005,0,0
Cod,Garðabær,2006,0,0
Cod,Garðabær,2007,0,0
Cod,Garðabær,2008,0,0
Cod,Garðabær,2009,0,0
Cod,Garðabær,2010,0,0
Cod,Garðabær,2011,0,0
Cod,Garðabær,2012,0,0
Cod,Garðabær,2013,0,0
Cod,Garðabær,2014,0,0
Cod,Garðabær,2015,0,0
Cod,Garðabær,2016,0,0
Cod,Garðabær,2017,0,0
Cod,Garðabær,2018,0,0
Cod,Garðabær,2019,0,0
Cod,Garðabær,2020,0,0
Cod,Garðabær,2021,0,0
Cod,Garðabær,2022,0,0
Cod,Garðabær,2023,0,0
Cod,Garðabær,2024,0,0
Cod,Garður,1982,8898,42495
Cod,Garður,1983,6342,58894
Cod,Garður,1984,6956,88317
Cod,Garður,1985,5385,91255
Cod,Garður,1986,6448,132239
Cod,Garður,1987,6633,193076
Cod,Garður,1988,6558,222021
Cod,Garður,1989,5849,229212
Cod,Garður,1990,6140,376953
Cod,Garður,1991,5807,431987
Cod,Garður,1992,6982,525921
Cod,Garður,1993,6786,458012
Cod,Garður,1994,7012,533424
Cod,Garður,1995,9002,643725
Cod,Garður,1996,12457,810939
Cod,Garður,1997,14352,912914
Cod,Garður,1998,18904,1449586
Cod,Garður,1999,19394,1866256
Cod,Garður,2000,0,0
Cod,Garður,2001,0,0
Cod,Garður,2002,0,0
Cod,Garður,2003,0,0
Cod,Garður,2004,0,0
Cod,Garður,2005,0,0
Cod,Garður,2006,0,0
Cod,Garður,2007,0,0
Cod,Garður,2008,0,0
Cod,Garður,2009,0,0
Cod,Garður,2010,0,0
Cod,Garður,2011,0,0
Cod,Garður,2012,0,0
Cod,Garður,2013,0,0
Cod,Garður,2014,0,0
Cod,Garður,2015,0,0
Cod,Garður,2016,0,0
Cod,Garður,2017,0,0
Cod,Garður,2018,0,0
Cod,Garður,2019,0,0
Cod,Garður,2020,0,0
Cod,Garður,2021,0,0
Cod,Garður,2022,0,0
Cod,Garður,2023,0,0
Cod,Garður,2024,0,0
Cod,Grindavík,1982,22187,96532
Cod,Grindavík,1983,12978,105946
Cod,Grindavík,1984,12292,143425
Cod,Grindavík,1985,12970,198020
Cod,Grindavík,1986,13126,246346
Cod,Grindavík,1987,12951,322650
Cod,Grindavík,1988,10348,382629
Cod,Grindavík,1989,14489,614008
Cod,Grindavík,1990,15086,1003398
Cod,Grindavík,1991,15453,1328498
Cod,Grindavík,1992,13890,1133995
Cod,Grindavík,1993,14859,1083675
Cod,Grindavík,1994,15443,1181753
Cod,Grindavík,1995,19238,1359585
Cod,Grindavík,1996,20516,1476191
Cod,Grindavík,1997,20658,1484179
Cod,Grindavík,1998,24178,1896178
Cod,Grindavík,1999,28180,2527569
Cod,Grindavík,2000,22873,2188128
Cod,Grindavík,2001,21666,2526056
Cod,Grindavík,2002,19690,2504533
Cod,Grindavík,2003,18689,2367973
Cod,Grindavík,2004,21802,2668808
Cod,Grindavík,2005,20465,2373030
Cod,Grindavík,2006,17025,2286838
Cod,Grindavík,2007,15341,2640708
Cod,Grindavík,2008,14454,3110679
Cod,Grindavík,2009,15748,3204122
Cod,Grindavík,2010,14274,3587706
Cod,Grindavík,2011,15640,3924813
Cod,Grindavík,2012,15672,3816256
Cod,Grindavík,2013,15358,3190947
Cod,Grindavík,2014,18217,4052604
Cod,Grindavík,2015,20860,5205773
Cod,Grindavík,2016,20240,4292242
Cod,Grindavík,2017,19718,3977740
Cod,Grindavík,2018,21763,4733041
Cod,Grindavík,2019,21428,5905034
Cod,Grindavík,2020,25698,7503762
Cod,Grindavík,2021,27247,7529326
Cod,Grindavík,2022,21334,7709398
Cod,Grindavík,2023,14647,5509078
Cod,Grindavík,2024,6527,2986147
Cod,Grundarfjörður,1982,6262,30709
Cod,Grundarfjörður,1983,5532,52180
Cod,Grundarfjörður,1984,4631,57896
Cod,Grundarfjörður,1985,5252,81589
Cod,Grundarfjörður,1986,6273,121843
Cod,Grundarfjörður,1987,6212,155000
Cod,Grundarfjörður,1988,5325,148649
Cod,Grundarfjörður,1989,4538,149988
Cod,Grundarfjörður,1990,4545,231907
Cod,Grundarfjörður,1991,3673,185373
Cod,Grundarfjörður,1992,3601,189540
Cod,Grundarfjörður,1993,4414,237084
Cod,Grundarfjörður,1994,3513,197907
Cod,Grundarfjörður,1995,3302,206949
Cod,Grundarfjörður,1996,3598,239032
Cod,Grundarfjörður,1997,2290,149051
Cod,Grundarfjörður,1998,3361,206727
Cod,Grundarfjörður,1999,5052,375352
Cod,Grundarfjörður,2000,7379,748970
Cod,Grundarfjörður,2001,7235,956265
Cod,Grundarfjörður,2002,6239,879504
Cod,Grundarfjörður,2003,4995,701767
Cod,Grundarfjörður,2004,5283,725168
Cod,Grundarfjörður,2005,6293,816734
Cod,Grundarfjörður,2006,5104,779789
Cod,Grundarfjörður,2007,6117,1067598
Cod,Grundarfjörður,2008,5166,1158227
Cod,Grundarfjörður,2009,5920,1243112
Cod,Grundarfjörður,2010,5442,1334398
Cod,Grundarfjörður,2011,5929,1501580
Cod,Grundarfjörður,2012,6469,1533211
Cod,Grundarfjörður,2013,7520,1492353
Cod,Grundarfjörður,2014,6492,1446179
Cod,Grundarfjörður,2015,7306,1690943
Cod,Grundarfjörður,2016,7767,1602118
Cod,Grundarfjörður,2017,6724,1203532
Cod,Grundarfjörður,2018,7570,1494222
Cod,Grundarfjörður,2019,8794,2028565
Cod,Grundarfjörður,2020,9244,2331550
Cod,Grundarfjörður,2021,12946,3385227
Cod,Grundarfjörður,2022,16534,5082782
Cod,Grundarfjörður,2023,9442,3190403
Cod,Grundarfjörður,2024,7140,2345893
Cod,Grímsey,1982,1342,5998
Cod,Grímsey,1983,1302,10886
Cod,Grímsey,1984,1232,14430
Cod,Grímsey,1985,1674,25651
Cod,Grímsey,1986,1938,37386
Cod,Grímsey,1987,1748,45391
Cod,Grímsey,1988,1611,50626
Cod,Grímsey,1989,1652,58501
Cod,Grímsey,1990,1893,103254
Cod,Grímsey,1991,1385,89818
Cod,Grímsey,1992,1754,107995
Cod,Grímsey,1993,148,8345
Cod,Grímsey,1994,0,0
Cod,Grímsey,1995,450,28162
Cod,Grímsey,1996,592,36950
Cod,Grímsey,1997,999,65970
Cod,Grímsey,1998,1149,84413
Cod,Grímsey,1999,704,66182
Cod,Grímsey,2000,2057,201371
Cod,Grímsey,2001,2550,274295
Cod,Grímsey,2002,2532,313161
Cod,Grímsey,2003,2616,308472
Cod,Grímsey,2004,2197,254400
Cod,Grímsey,2005,2103,247638
Cod,Grímsey,2006,2183,299103
Cod,Grímsey,2007,1728,244171
Cod,Grímsey,2008,1359,271488
Cod,Grímsey,2009,1728,342126
Cod,Grímsey,2010,1500,385025
Cod,Grímsey,2011,1760,428218
Cod,Grímsey,2012,1910,490818
Cod,Grímsey,2013,2079,460334
Cod,Grímsey,2014,1781,418712
Cod,Grímsey,2015,1553,386746
Cod,Grímsey,2016,1429,353763
Cod,Grímsey,2017,1588,330655
Cod,Grímsey,2018,1800,397647
Cod,Grímsey,2019,1249,325518
Cod,Grímsey,2020,915,269922
Cod,Grímsey,2021,926,312809
Cod,Grímsey,2022,632,263833
Cod,Grímsey,2023,717,326601
Cod,Grímsey,2024,591,279088
Cod,Hafnarfjörður,1982,8265,38075
Cod,Hafnarfjörður,1983,6530,58569
Cod,Hafnarfjörður,1984,6317,73970
Cod,Hafnarfjörður,1985,8860,144390
Cod,Hafnarfjörður,1986,8800,170663
Cod,Hafnarfjörður,1987,11361,351174
Cod,Hafnarfjörður,1988,16740,673982
Cod,Hafnarfjörður,1989,16729,824617
Cod,Hafnarfjörður,1990,18022,1406759
Cod,Hafnarfjörður,1991,21686,1798830
Cod,Hafnarfjörður,1992,16759,1351524
Cod,Hafnarfjörður,1993,13639,1031651
Cod,Hafnarfjörður,1994,15816,1266478
Cod,Hafnarfjörður,1995,11890,939537
Cod,Hafnarfjörður,1996,13550,1031253
Cod,Hafnarfjörður,1997,14605,1172699
Cod,Hafnarfjörður,1998,15160,1549488
Cod,Hafnarfjörður,1999,12837,1456554
Cod,Hafnarfjörður,2000,7537,1093189
Cod,Hafnarfjörður,2001,6293,1010482
Cod,Hafnarfjörður,2002,4379,748926
Cod,Hafnarfjörður,2003,4995,759894
Cod,Hafnarfjörður,2004,4581,667797
Cod,Hafnarfjörður,2005,5647,818391
Cod,Hafnarfjörður,2006,4572,860233
Cod,Hafnarfjörður,2007,3055,606400
Cod,Hafnarfjörður,2008,3205,778716
Cod,Hafnarfjörður,2009,4601,996534
Cod,Hafnarfjörður,2010,3568,1016678
Cod,Hafnarfjörður,2011,3654,1021934
Cod,Hafnarfjörður,2012,4499,1249522
Cod,Hafnarfjörður,2013,5529,1163585
Cod,Hafnarfjörður,2014,1894,438308
Cod,Hafnarfjörður,2015,3060,878787
Cod,Hafnarfjörður,2016,4368,1141539
Cod,Hafnarfjörður,2017,4775,1030126
Cod,Hafnarfjörður,2018,5036,1235013
Cod,Hafnarfjörður,2019,6737,1948889
Cod,Hafnarfjörður,2020,6893,2176025
Cod,Hafnarfjörður,2021,5229,1489258
Cod,Hafnarfjörður,2022,9354,3884967
Cod,Hafnarfjörður,2023,9573,3926454
Cod,Hafnarfjörður,2024,14723,5829889
Cod,Hafnir,1982,338,1711
Cod,Hafnir,1983,220,1764
Cod,Hafnir,1984,208,2438
Cod,Hafnir,1985,162,2636
Cod,Hafnir,1986,252,5056
Cod,Hafnir,1987,447,13318
Cod,Hafnir,1988,106,3543
Cod,Hafnir,1989,226,11464
Cod,Hafnir,1990,281,22452
Cod,Hafnir,1991,536,31016
Cod,Hafnir,1992,502,28380
Cod,Hafnir,1993,0,0
Cod,Hafnir,1994,0,0
Cod,Hafnir,1995,0,0
Cod,Hafnir,1996,0,0
Cod,Hafnir,1997,0,0
Cod,Hafnir,1998,0,0
Cod,Hafnir,1999,0,0
Cod,Hafnir,2000,14,1822
Cod,Hafnir,2001,0,49
Cod,Hafnir,2002,0,145
Cod,Hafnir,2003,2,259
Cod,Hafnir,2004,0,11
Cod,Hafnir,2005,0,0
Cod,Hafnir,2006,8,1509
Cod,Hafnir,2007,0,0
Cod,Hafnir,2008,0,0
Cod,Hafnir,2009,0,0
Cod,Hafnir,2010,0,0
Cod,Hafnir,2011,0,0
Cod,Hafnir,2012,0,0
Cod,Hafnir,2013,0,0
Cod,Hafnir,2014,0,0
Cod,Hafnir,2015,0,0
Cod,Hafnir,2016,0,0
Cod,Hafnir,2017,0,0
Cod,Hafnir,2018,0,0
Cod,Hafnir,2019,0,0
Cod,Hafnir,2020,0,0
Cod,Hafnir,2021,0,0
Cod,Hafnir,2022,0,0
Cod,Hafnir,2023,0,0
Cod,Hafnir,2024,0,0
Cod,Haganesvík,1982,0,0
Cod,Haganesvík,1983,0,0
Cod,Haganesvík,1984,0,0
Cod,Haganesvík,1985,0,0
Cod,Haganesvík,1986,0,0
Cod,Haganesvík,1987,52,1068
Cod,Haganesvík,1988,24,481
Cod,Haganesvík,1989,21,747
Cod,Haganesvík,1990,20,1081
Cod,Haganesvík,1991,0,0
Cod,Haganesvík,1992,0,0
Cod,Haganesvík,1993,3,76
Cod,Haganesvík,1994,13,577
Cod,Haganesvík,1995,19,893
Cod,Haganesvík,1996,11,488
Cod,Haganesvík,1997,20,986
Cod,Haganesvík,1998,27,1636
Cod,Haganesvík,1999,32,2802
Cod,Haganesvík,2000,87,7494
Cod,Haganesvík,2001,23,1559
Cod,Haganesvík,2002,7,715
Cod,Haganesvík,2003,6,495
Cod,Haganesvík,2004,5,265
Cod,Haganesvík,2005,0,0
Cod,Haganesvík,2006,3,293
Cod,Haganesvík,2007,0,0
Cod,Haganesvík,2008,0,0
Cod,Haganesvík,2009,0,24
Cod,Haganesvík,2010,0,15
Cod,Haganesvík,2011,0,0
Cod,Haganesvík,2012,0,0
Cod,Haganesvík,2013,0,0
Cod,Haganesvík,2014,0,0
Cod,Haganesvík,2015,0,0
Cod,Haganesvík,2016,0,0
Cod,Haganesvík,2017,0,0
Cod,Haganesvík,2018,0,0
Cod,Haganesvík,2019,0,0
Cod,Haganesvík,2020,0,0
Cod,Haganesvík,2021,0,0
Cod,Haganesvík,2022,0,0
Cod,Haganesvík,2023,0,0
Cod,Haganesvík,2024,0,0
Cod,Hauganes,1982,0,0
Cod,Hauganes,1983,0,0
Cod,Hauganes,1984,0,0
Cod,Hauganes,1985,0,0
Cod,Hauganes,1986,0,0
Cod,Hauganes,1987,0,0
Cod,Hauganes,1988,0,0
Cod,Hauganes,1989,0,0
Cod,Hauganes,1990,0,0
Cod,Hauganes,1991,0,0
Cod,Hauganes,1992,0,0
Cod,Hauganes,1993,0,0
Cod,Hauganes,1994,0,0
Cod,Hauganes,1995,0,0
Cod,Hauganes,1996,0,0
Cod,Hauganes,1997,0,0
Cod,Hauganes,1998,0,0
Cod,Hauganes,1999,0,0
Cod,Hauganes,2000,74,8711
Cod,Hauganes,2001,80,12349
Cod,Hauganes,2002,38,5688
Cod,Hauganes,2003,75,11328
Cod,Hauganes,2004,79,13152
Cod,Hauganes,2005,92,14263
Cod,Hauganes,2006,31,4425
Cod,Hauganes,2007,20,4179
Cod,Hauganes,2008,65,13582
Cod,Hauganes,2009,41,9969
Cod,Hauganes,2010,45,14941
Cod,Hauganes,2011,17,5913
Cod,Hauganes,2012,13,3556
Cod,Hauganes,2013,16,4870
Cod,Hauganes,2014,12,3272
Cod,Hauganes,2015,12,2917
Cod,Hauganes,2016,26,7024
Cod,Hauganes,2017,4,984
Cod,Hauganes,2018,11,3229
Cod,Hauganes,2019,23,7097
Cod,Hauganes,2020,10,3176
Cod,Hauganes,2021,10,3321
Cod,Hauganes,2022,5,2221
Cod,Hauganes,2023,5,1897
Cod,Hauganes,2024,4,1960
Cod,Haukabergsvaðall,1982,0,0
Cod,Haukabergsvaðall,1983,0,0
Cod,Haukabergsvaðall,1984,0,0
Cod,Haukabergsvaðall,1985,0,0
Cod,Haukabergsvaðall,1986,0,0
Cod,Haukabergsvaðall,1987,0,0
Cod,Haukabergsvaðall,1988,0,0
Cod,Haukabergsvaðall,1989,0,0
Cod,Haukabergsvaðall,1990,0,0
Cod,Haukabergsvaðall,1991,0,0
Cod,Haukabergsvaðall,1992,0,0
Cod,Haukabergsvaðall,1993,0,0
Cod,Haukabergsvaðall,1994,0,0
Cod,Haukabergsvaðall,1995,0,0
Cod,Haukabergsvaðall,1996,0,0
Cod,Haukabergsvaðall,1997,0,0
Cod,Haukabergsvaðall,1998,0,0
Cod,Haukabergsvaðall,1999,0,0
Cod,Haukabergsvaðall,2000,70,6594
Cod,Haukabergsvaðall,2001,30,4345
Cod,Haukabergsvaðall,2002,0,0
Cod,Haukabergsvaðall,2003,0,0
Cod,Haukabergsvaðall,2004,4,787
Cod,Haukabergsvaðall,2005,0,0
Cod,Haukabergsvaðall,2006,0,0
Cod,Haukabergsvaðall,2007,0,0
Cod,Haukabergsvaðall,2008,0,0
Cod,Haukabergsvaðall,2009,0,0
Cod,Haukabergsvaðall,2010,0,37
Cod,Haukabergsvaðall,2011,0,0
Cod,Haukabergsvaðall,2012,1,315
Cod,Haukabergsvaðall,2013,0,54
Cod,Haukabergsvaðall,2014,0,0
Cod,Haukabergsvaðall,2015,0,0
Cod,Haukabergsvaðall,2016,0,0
Cod,Haukabergsvaðall,2017,0,0
Cod,Haukabergsvaðall,2018,0,0
Cod,Haukabergsvaðall,2019,0,0
Cod,Haukabergsvaðall,2020,0,0
Cod,Haukabergsvaðall,2021,0,0
Cod,Haukabergsvaðall,2022,0,0
Cod,Haukabergsvaðall,2023,0,0
Cod,Haukabergsvaðall,2024,0,0
Cod,Hellissandur,1982,4463,22001
Cod,Hellissandur,1983,3097,27703
Cod,Hellissandur,1984,3557,45144
Cod,Hellissandur,1985,4163,68361
Cod,Hellissandur,1986,4272,87824
Cod,Hellissandur,1987,4048,112422
Cod,Hellissandur,1988,3379,107934
Cod,Hellissandur,1989,4015,155522
Cod,Hellissandur,1990,4261,256640
Cod,Hellissandur,1991,3165,216291
Cod,Hellissandur,1992,2520,172153
Cod,Hellissandur,1993,3042,209411
Cod,Hellissandur,1994,2328,170469
Cod,Hellissandur,1995,2765,197337
Cod,Hellissandur,1996,2647,184643
Cod,Hellissandur,1997,2614,189441
Cod,Hellissandur,1998,2743,219742
Cod,Hellissandur,1999,2367,200975
Cod,Hellissandur,2000,0,0
Cod,Hellissandur,2001,0,0
Cod,Hellissandur,2002,0,0
Cod,Hellissandur,2003,0,0
Cod,Hellissandur,2004,0,0
Cod,Hellissandur,2005,0,0
Cod,Hellissandur,2006,0,0
Cod,Hellissandur,2007,0,0
Cod,Hellissandur,2008,0,0
Cod,Hellissandur,2009,0,0
Cod,Hellissandur,2010,0,0
Cod,Hellissandur,2011,0,0
Cod,Hellissandur,2012,3,754
Cod,Hellissandur,2013,0,10
Cod,Hellissandur,2014,0,0
Cod,Hellissandur,2015,0,0
Cod,Hellissandur,2016,0,0
Cod,Hellissandur,2017,0,0
Cod,Hellissandur,2018,0,0
Cod,Hellissandur,2019,0,0
Cod,Hellissandur,2020,0,0
Cod,Hellissandur,2021,0,0
Cod,Hellissandur,2022,0,0
Cod,Hellissandur,2023,0,0
Cod,Hellissandur,2024,0,0
Cod,Hellnar,1982,297,1284
Cod,Hellnar,1983,238,2178
Cod,Hellnar,1984,24,275
Cod,Hellnar,1985,631,9227
Cod,Hellnar,1986,784,14532
Cod,Hellnar,1987,1037,25320
Cod,Hellnar,1988,707,19042
Cod,Hellnar,1989,649,20200
Cod,Hellnar,1990,729,34755
Cod,Hellnar,1991,0,0
Cod,Hellnar,1992,0,0
Cod,Hellnar,1993,0,0
Cod,Hellnar,1994,0,0
Cod,Hellnar,1995,0,0
Cod,Hellnar,1996,0,0
Cod,Hellnar,1997,0,0
Cod,Hellnar,1998,0,0
Cod,Hellnar,1999,0,0
Cod,Hellnar,2000,0,0
Cod,Hellnar,2001,0,0
Cod,Hellnar,2002,0,0
Cod,Hellnar,2003,0,0
Cod,Hellnar,2004,0,0
Cod,Hellnar,2005,0,0
Cod,Hellnar,2006,0,0
Cod,Hellnar,2007,0,0
Cod,Hellnar,2008,0,0
Cod,Hellnar,2009,0,0
Cod,Hellnar,2010,0,0
Cod,Hellnar,2011,0,0
Cod,Hellnar,2012,0,0
Cod,Hellnar,2013,0,0
Cod,Hellnar,2014,0,0
Cod,Hellnar,2015,0,0
Cod,Hellnar,2016,0,0
Cod,Hellnar,2017,0,0
Cod,Hellnar,2018,0,0
Cod,Hellnar,2019,0,0
Cod,Hellnar,2020,0,0
Cod,Hellnar,2021,0,0
Cod,Hellnar,2022,0,0
Cod,Hellnar,2023,0,0
Cod,Hellnar,2024,0,0
Cod,Hjalteyri,1982,2,10
Cod,Hjalteyri,1983,3,22
Cod,Hjalteyri,1984,31,375
Cod,Hjalteyri,1985,18,299
Cod,Hjalteyri,1986,0,0
Cod,Hjalteyri,1987,0,0
Cod,Hjalteyri,1988,0,0
Cod,Hjalteyri,1989,0,0
Cod,Hjalteyri,1990,0,0
Cod,Hjalteyri,1991,0,0
Cod,Hjalteyri,1992,0,0
Cod,Hjalteyri,1993,0,0
Cod,Hjalteyri,1994,0,0
Cod,Hjalteyri,1995,0,0
Cod,Hjalteyri,1996,0,0
Cod,Hjalteyri,1997,0,0
Cod,Hjalteyri,1998,0,0
Cod,Hjalteyri,1999,0,0
Cod,Hjalteyri,2000,302,30386
Cod,Hjalteyri,2001,233,24931
Cod,Hjalteyri,2002,122,15561
Cod,Hjalteyri,2003,108,12614
Cod,Hjalteyri,2004,96,9740
Cod,Hjalteyri,2005,29,2796
Cod,Hjalteyri,2006,15,1604
Cod,Hjalteyri,2007,0,0
Cod,Hjalteyri,2008,0,0
Cod,Hjalteyri,2009,0,0
Cod,Hjalteyri,2010,0,0
Cod,Hjalteyri,2011,0,0
Cod,Hjalteyri,2012,0,0
Cod,Hjalteyri,2013,0,0
Cod,Hjalteyri,2014,0,0
Cod,Hjalteyri,2015,0,0
Cod,Hjalteyri,2016,0,0
Cod,Hjalteyri,2017,0,0
Cod,Hjalteyri,2018,0,0
Cod,Hjalteyri,2019,0,0
Cod,Hjalteyri,2020,0,0
Cod,Hjalteyri,2021,0,0
Cod,Hjalteyri,2022,0,0
Cod,Hjalteyri,2023,0,0
Cod,Hjalteyri,2024,0,0
Cod,Hnífsdalur,1982,4313,21740
Cod,Hnífsdalur,1983,3897,37277
Cod,Hnífsdalur,1984,3342,39002
Cod,Hnífsdalur,1985,2932,45864
Cod,Hnífsdalur,1986,2659,51302
Cod,Hnífsdalur,1987,2218,44830
Cod,Hnífsdalur,1988,2377,59352
Cod,Hnífsdalur,1989,2418,67166
Cod,Hnífsdalur,1990,2726,120846
Cod,Hnífsdalur,1991,3532,137739
Cod,Hnífsdalur,1992,3827,168063
Cod,Hnífsdalur,1993,4341,184736
Cod,Hnífsdalur,1994,2624,113741
Cod,Hnífsdalur,1995,2226,100611
Cod,Hnífsdalur,1996,2082,98044
Cod,Hnífsdalur,1997,2474,127454
Cod,Hnífsdalur,1998,3474,213121
Cod,Hnífsdalur,1999,5498,519284
Cod,Hnífsdalur,2000,0,0
Cod,Hnífsdalur,2001,0,0
Cod,Hnífsdalur,2002,0,0
Cod,Hnífsdalur,2003,0,0
Cod,Hnífsdalur,2004,0,0
Cod,Hnífsdalur,2005,0,0
Cod,Hnífsdalur,2006,0,0
Cod,Hnífsdalur,2007,0,0
Cod,Hnífsdalur,2008,0,0
Cod,Hnífsdalur,2009,5,681
Cod,Hnífsdalur,2010,0,0
Cod,Hnífsdalur,2011,0,0
Cod,Hnífsdalur,2012,0,0
Cod,Hnífsdalur,2013,0,0
Cod,Hnífsdalur,2014,0,0
Cod,Hnífsdalur,2015,0,0
Cod,Hnífsdalur,2016,0,0
Cod,Hnífsdalur,2017,0,0
Cod,Hnífsdalur,2018,0,0
Cod,Hnífsdalur,2019,0,0
Cod,Hnífsdalur,2020,0,0
Cod,Hnífsdalur,2021,0,0
Cod,Hnífsdalur,2022,0,0
Cod,Hnífsdalur,2023,0,0
Cod,Hnífsdalur,2024,0,0
Cod,Hofsós,1982,1856,8996
Cod,Hofsós,1983,1731,16108
Cod,Hofsós,1984,2248,26763
Cod,Hofsós,1985,2440,36392
Cod,Hofsós,1986,2146,39474
Cod,Hofsós,1987,2901,67565
Cod,Hofsós,1988,2853,77337
Cod,Hofsós,1989,2044,62323
Cod,Hofsós,1990,2454,117745
Cod,Hofsós,1991,1472,68649
Cod,Hofsós,1992,1398,70878
Cod,Hofsós,1993,1532,69803
Cod,Hofsós,1994,98,6202
Cod,Hofsós,1995,12,711
Cod,Hofsós,1996,0,0
Cod,Hofsós,1997,106,6866
Cod,Hofsós,1998,237,13995
Cod,Hofsós,1999,165,14039
Cod,Hofsós,2000,160,14024
Cod,Hofsós,2001,351,38220
Cod,Hofsós,2002,347,39650
Cod,Hofsós,2003,257,26008
Cod,Hofsós,2004,325,31402
Cod,Hofsós,2005,247,30044
Cod,Hofsós,2006,425,47001
Cod,Hofsós,2007,207,26104
Cod,Hofsós,2008,90,24630
Cod,Hofsós,2009,510,124993
Cod,Hofsós,2010,295,90369
Cod,Hofsós,2011,265,74531
Cod,Hofsós,2012,327,96139
Cod,Hofsós,2013,370,101810
Cod,Hofsós,2014,259,69199
Cod,Hofsós,2015,470,122174
Cod,Hofsós,2016,475,113371
Cod,Hofsós,2017,223,56422
Cod,Hofsós,2018,100,22294
Cod,Hofsós,2019,109,36302
Cod,Hofsós,2020,81,27394
Cod,Hofsós,2021,32,10487
Cod,Hofsós,2022,45,15548
Cod,Hofsós,2023,18,8027
Cod,Hofsós,2024,41,17346
Cod,Hornafjörður,1982,9914,42422
Cod,Hornafjörður,1983,8156,66356
Cod,Hornafjörður,1984,5899,68583
Cod,Hornafjörður,1985,8892,136651
Cod,Hornafjörður,1986,9324,176348
Cod,Hornafjörður,1987,12006,285225
Cod,Hornafjörður,1988,12055,372021
Cod,Hornafjörður,1989,10318,380814
Cod,Hornafjörður,1990,10209,584510
Cod,Hornafjörður,1991,8956,647374
Cod,Hornafjörður,1992,8655,599939
Cod,Hornafjörður,1993,6894,460233
Cod,Hornafjörður,1994,5887,408483
Cod,Hornafjörður,1995,5511,405551
Cod,Hornafjörður,1996,7550,521340
Cod,Hornafjörður,1997,7859,479382
Cod,Hornafjörður,1998,4799,375582
Cod,Hornafjörður,1999,5558,525946
Cod,Hornafjörður,2000,8707,846636
Cod,Hornafjörður,2001,6767,923892
Cod,Hornafjörður,2002,8464,1177858
Cod,Hornafjörður,2003,9755,1358486
Cod,Hornafjörður,2004,6448,874895
Cod,Hornafjörður,2005,5169,674567
Cod,Hornafjörður,2006,4530,671981
Cod,Hornafjörður,2007,3983,746877
Cod,Hornafjörður,2008,4885,1165430
Cod,Hornafjörður,2009,4680,912129
Cod,Hornafjörður,2010,4896,1289708
Cod,Hornafjörður,2011,4481,1146885
Cod,Hornafjörður,2012,5657,1412428
Cod,Hornafjörður,2013,6040,1203162
Cod,Hornafjörður,2014,6083,1315509
Cod,Hornafjörður,2015,5957,1465929
Cod,Hornafjörður,2016,6570,1471133
Cod,Hornafjörður,2017,5887,1126205
Cod,Hornafjörður,2018,5229,1105983
Cod,Hornafjörður,2019,8437,2105746
Cod,Hornafjörður,2020,9601,2450932
Cod,Hornafjörður,2021,7002,1870318
Cod,Hornafjörður,2022,5459,1764901
Cod,Hornafjörður,2023,5728,2122613
Cod,Hornafjörður,2024,7815,2838181
Cod,Hrísey,1982,3212,15494
Cod,Hrísey,1983,3333,30508
Cod,Hrísey,1984,3282,39278
Cod,Hrísey,1985,3929,60091
Cod,Hrísey,1986,4201,80976
Cod,Hrísey,1987,4979,116946
Cod,Hrísey,1988,4602,125394
Cod,Hrísey,1989,4870,193109
Cod,Hrísey,1990,5344,328690
Cod,Hrísey,1991,3129,180211
Cod,Hrísey,1992,2973,190325
Cod,Hrísey,1993,3775,198421
Cod,Hrísey,1994,2587,133361
Cod,Hrísey,1995,2284,111640
Cod,Hrísey,1996,1547,89527
Cod,Hrísey,1997,689,52972
Cod,Hrísey,1998,698,76505
Cod,Hrísey,1999,115,11608
Cod,Hrísey,2000,371,31797
Cod,Hrísey,2001,285,27728
Cod,Hrísey,2002,388,41124
Cod,Hrísey,2003,449,50630
Cod,Hrísey,2004,457,54393
Cod,Hrísey,2005,539,58735
Cod,Hrísey,2006,460,53186
Cod,Hrísey,2007,347,39052
Cod,Hrísey,2008,336,59906
Cod,Hrísey,2009,293,60961
Cod,Hrísey,2010,378,78895
Cod,Hrísey,2011,254,50169
Cod,Hrísey,2012,278,67097
Cod,Hrísey,2013,330,73572
Cod,Hrísey,2014,319,74471
Cod,Hrísey,2015,530,126524
Cod,Hrísey,2016,692,152873
Cod,Hrísey,2017,768,139495
Cod,Hrísey,2018,211,36390
Cod,Hrísey,2019,184,40006
Cod,Hrísey,2020,32,9411
Cod,Hrísey,2021,500,108214
Cod,Hrísey,2022,459,138576
Cod,Hrísey,2023,470,148710
Cod,Hrísey,2024,541,176925
Cod,Hvalseyjar,1982,0,0
Cod,Hvalseyjar,1983,0,0
Cod,Hvalseyjar,1984,0,0
Cod,Hvalseyjar,1985,0,0
Cod,Hvalseyjar,1986,0,0
Cod,Hvalseyjar,1987,0,0
Cod,Hvalseyjar,1988,0,0
Cod,Hvalseyjar,1989,0,0
Cod,Hvalseyjar,1990,0,0
Cod,Hvalseyjar,1991,0,0
Cod,Hvalseyjar,1992,0,0
Cod,Hvalseyjar,1993,0,0
Cod,Hvalseyjar,1994,0,0
Cod,Hvalseyjar,1995,0,0
Cod,Hvalseyjar,1996,0,0
Cod,Hvalseyjar,1997,0,0
Cod,Hvalseyjar,1998,0,0
Cod,Hvalseyjar,1999,0,0
Cod,Hvalseyjar,2000,0,0
Cod,Hvalseyjar,2001,0,0
Cod,Hvalseyjar,2002,0,0
Cod,Hvalseyjar,2003,0,17
Cod,Hvalseyjar,2004,0,0
Cod,Hvalseyjar,2005,0,0
Cod,Hvalseyjar,2006,0,0
Cod,Hvalseyjar,2007,0,0
Cod,Hvalseyjar,2008,0,0
Cod,Hvalseyjar,2009,0,0
Cod,Hvalseyjar,2010,0,0
Cod,Hvalseyjar,2011,0,0
Cod,Hvalseyjar,2012,0,0
Cod,Hvalseyjar,2013,0,0
Cod,Hvalseyjar,2014,0,0
Cod,Hvalseyjar,2015,0,0
Cod,Hvalseyjar,2016,0,0
Cod,Hvalseyjar,2017,0,0
Cod,Hvalseyjar,2018,0,0
Cod,Hvalseyjar,2019,0,0
Cod,Hvalseyjar,2020,0,0
Cod,Hvalseyjar,2021,0,0
Cod,Hvalseyjar,2022,0,0
Cod,Hvalseyjar,2023,0,0
Cod,Hvalseyjar,2024,0,0
Cod,Hvammstangi,1982,701,3657
Cod,Hvammstangi,1983,182,1582
Cod,Hvammstangi,1984,128,1413
Cod,Hvammstangi,1985,164,2373
Cod,Hvammstangi,1986,514,10007
Cod,Hvammstangi,1987,493,12720
Cod,Hvammstangi,1988,210,5701
Cod,Hvammstangi,1989,27,762
Cod,Hvammstangi,1990,34,1500
Cod,Hvammstangi,1991,7,391
Cod,Hvammstangi,1992,1,31
Cod,Hvammstangi,1993,8,449
Cod,Hvammstangi,1994,279,15942
Cod,Hvammstangi,1995,182,11327
Cod,Hvammstangi,1996,153,9670
Cod,Hvammstangi,1997,60,1444
Cod,Hvammstangi,1998,1,58
Cod,Hvammstangi,1999,1,58
Cod,Hvammstangi,2000,216,25548
Cod,Hvammstangi,2001,168,24046
Cod,Hvammstangi,2002,158,22921
Cod,Hvammstangi,2003,229,28750
Cod,Hvammstangi,2004,526,62190
Cod,Hvammstangi,2005,104,13529
Cod,Hvammstangi,2006,110,16667
Cod,Hvammstangi,2007,75,14108
Cod,Hvammstangi,2008,62,14543
Cod,Hvammstangi,2009,38,6640
Cod,Hvammstangi,2010,73,21907
Cod,Hvammstangi,2011,75,23108
Cod,Hvammstangi,2012,12,3531
Cod,Hvammstangi,2013,67,11661
Cod,Hvammstangi,2014,7,1612
Cod,Hvammstangi,2015,56,11712
Cod,Hvammstangi,2016,186,47017
Cod,Hvammstangi,2017,175,29566
Cod,Hvammstangi,2018,99,24808
Cod,Hvammstangi,2019,102,31199
Cod,Hvammstangi,2020,125,41613
Cod,Hvammstangi,2021,157,53293
Cod,Hvammstangi,2022,89,36418
Cod,Hvammstangi,2023,90,43159
Cod,Hvammstangi,2024,117,55793
Cod,Hveragerði,1982,0,0
Cod,Hveragerði,1983,0,0
Cod,Hveragerði,1984,0,0
Cod,Hveragerði,1985,0,0
Cod,Hveragerði,1986,0,0
Cod,Hveragerði,1987,0,0
Cod,Hveragerði,1988,0,0
Cod,Hveragerði,1989,0,0
Cod,Hveragerði,1990,0,0
Cod,Hveragerði,1991,0,0
Cod,Hveragerði,1992,0,0
Cod,Hveragerði,1993,0,0
Cod,Hveragerði,1994,0,0
Cod,Hveragerði,1995,0,0
Cod,Hveragerði,1996,0,0
Cod,Hveragerði,1997,0,0
Cod,Hveragerði,1998,0,0
Cod,Hveragerði,1999,0,0
Cod,Hveragerði,2000,0,0
Cod,Hveragerði,2001,0,0
Cod,Hveragerði,2002,0,0
Cod,Hveragerði,2003,0,0
Cod,Hveragerði,2004,0,0
Cod,Hveragerði,2005,0,0
Cod,Hveragerði,2006,0,0
Cod,Hveragerði,2007,0,0
Cod,Hveragerði,2008,0,0
Cod,Hveragerði,2009,0,0
Cod,Hveragerði,2010,0,0
Cod,Hveragerði,2011,0,0
Cod,Hveragerði,2012,0,0
Cod,Hveragerði,2013,0,0
Cod,Hveragerði,2014,0,0
Cod,Hveragerði,2015,0,0
Cod,Hveragerði,2016,0,0
Cod,Hveragerði,2017,0,0
Cod,Hveragerði,2018,0,0
Cod,Hveragerði,2019,0,0
Cod,Hveragerði,2020,0,0
Cod,Hveragerði,2021,0,0
Cod,Hveragerði,2022,0,0
Cod,Hveragerði,2023,0,0
Cod,Hveragerði,2024,0,0
Cod,Hvolsvöllur,1982,0,0
Cod,Hvolsvöllur,1983,0,0
Cod,Hvolsvöllur,1984,0,0
Cod,Hvolsvöllur,1985,0,0
Cod,Hvolsvöllur,1986,0,0
Cod,Hvolsvöllur,1987,0,0
Cod,Hvolsvöllur,1988,0,0
Cod,Hvolsvöllur,1989,0,0
Cod,Hvolsvöllur,1990,0,0
Cod,Hvolsvöllur,1991,0,0
Cod,Hvolsvöllur,1992,0,0
Cod,Hvolsvöllur,1993,0,0
Cod,Hvolsvöllur,1994,0,0
Cod,Hvolsvöllur,1995,0,0
Cod,Hvolsvöllur,1996,0,0
Cod,Hvolsvöllur,1997,0,0
Cod,Hvolsvöllur,1998,0,0
Cod,Hvolsvöllur,1999,0,0
Cod,Hvolsvöllur,2000,5,588
Cod,Hvolsvöllur,2001,45,4597
Cod,Hvolsvöllur,2002,7,965
Cod,Hvolsvöllur,2003,0,0
Cod,Hvolsvöllur,2004,0,0
Cod,Hvolsvöllur,2005,0,0
Cod,Hvolsvöllur,2006,0,0
Cod,Hvolsvöllur,2007,0,0
Cod,Hvolsvöllur,2008,0,0
Cod,Hvolsvöllur,2009,0,0
Cod,Hvolsvöllur,2010,0,0
Cod,Hvolsvöllur,2011,0,0
Cod,Hvolsvöllur,2012,193,42554
Cod,Hvolsvöllur,2013,0,0
Cod,Hvolsvöllur,2014,0,0
Cod,Hvolsvöllur,2015,0,0
Cod,Hvolsvöllur,2016,0,0
Cod,Hvolsvöllur,2017,0,0
Cod,Hvolsvöllur,2018,0,0
Cod,Hvolsvöllur,2019,0,0
Cod,Hvolsvöllur,2020,0,0
Cod,Hvolsvöllur,2021,0,0
Cod,Hvolsvöllur,2022,0,0
Cod,Hvolsvöllur,2023,0,0
Cod,Hvolsvöllur,2024,0,0
Cod,Hólmavík,1982,343,1769
Cod,Hólmavík,1983,116,1096
Cod,Hólmavík,1984,1732,22317
Cod,Hólmavík,1985,2830,46718
Cod,Hólmavík,1986,2919,85437
Cod,Hólmavík,1987,3698,148298
Cod,Hólmavík,1988,3537,163699
Cod,Hólmavík,1989,3024,164505
Cod,Hólmavík,1990,3292,282797
Cod,Hólmavík,1991,2817,247411
Cod,Hólmavík,1992,1905,162652
Cod,Hólmavík,1993,1828,166842
Cod,Hólmavík,1994,1604,138485
Cod,Hólmavík,1995,1714,137098
Cod,Hólmavík,1996,713,63352
Cod,Hólmavík,1997,444,43882
Cod,Hólmavík,1998,1,48
Cod,Hólmavík,1999,42,2099
Cod,Hólmavík,2000,744,77084
Cod,Hólmavík,2001,646,85332
Cod,Hólmavík,2002,596,85368
Cod,Hólmavík,2003,496,63810
Cod,Hólmavík,2004,521,63401
Cod,Hólmavík,2005,608,72729
Cod,Hólmavík,2006,629,93909
Cod,Hólmavík,2007,416,79244
Cod,Hólmavík,2008,619,143861
Cod,Hólmavík,2009,521,109929
Cod,Hólmavík,2010,507,144377
Cod,Hólmavík,2011,526,155036
Cod,Hólmavík,2012,618,180346
Cod,Hólmavík,2013,907,226546
Cod,Hólmavík,2014,643,169499
Cod,Hólmavík,2015,657,181024
Cod,Hólmavík,2016,889,214377
Cod,Hólmavík,2017,682,152200
Cod,Hólmavík,2018,863,193929
Cod,Hólmavík,2019,545,152079
Cod,Hólmavík,2020,501,141425
Cod,Hólmavík,2021,410,125406
Cod,Hólmavík,2022,418,159484
Cod,Hólmavík,2023,404,160072
Cod,Hólmavík,2024,762,287892
Cod,Húsavík,1982,9345,46357
Cod,Húsavík,1983,7407,68874
Cod,Húsavík,1984,6200,73887
Cod,Húsavík,1985,6574,101051
Cod,Húsavík,1986,6262,120894
Cod,Húsavík,1987,6799,160421
Cod,Húsavík,1988,6820,184127
Cod,Húsavík,1989,6941,230551
Cod,Húsavík,1990,7807,403674
Cod,Húsavík,1991,4548,241591
Cod,Húsavík,1992,3346,181081
Cod,Húsavík,1993,3140,161848
Cod,Húsavík,1994,1701,89700
Cod,Húsavík,1995,1745,100205
Cod,Húsavík,1996,1293,76296
Cod,Húsavík,1997,1472,98668
Cod,Húsavík,1998,3130,235767
Cod,Húsavík,1999,3489,339799
Cod,Húsavík,2000,1264,111944
Cod,Húsavík,2001,1338,135209
Cod,Húsavík,2002,2585,303903
Cod,Húsavík,2003,3084,359079
Cod,Húsavík,2004,3890,429592
Cod,Húsavík,2005,3901,406649
Cod,Húsavík,2006,3502,366119
Cod,Húsavík,2007,1968,266228
Cod,Húsavík,2008,1710,308183
Cod,Húsavík,2009,3044,590289
Cod,Húsavík,2010,2643,613703
Cod,Húsavík,2011,3038,693035
Cod,Húsavík,2012,3863,835179
Cod,Húsavík,2013,3880,727277
Cod,Húsavík,2014,1635,368926
Cod,Húsavík,2015,1573,358413
Cod,Húsavík,2016,1982,421538
Cod,Húsavík,2017,1547,298061
Cod,Húsavík,2018,1673,343075
Cod,Húsavík,2019,1563,402868
Cod,Húsavík,2020,1844,488067
Cod,Húsavík,2021,1961,531743
Cod,Húsavík,2022,1644,555669
Cod,Húsavík,2023,1365,492521
Cod,Húsavík,2024,1053,400218
Cod,Keflavík,1982,19512,86271
Cod,Keflavík,1983,10465,87088
Cod,Keflavík,1984,8665,101939
Cod,Keflavík,1985,9040,136487
Cod,Keflavík,1986,11479,217454
Cod,Keflavík,1987,11110,293578
Cod,Keflavík,1988,9279,316005
Cod,Keflavík,1989,7720,344516
Cod,Keflavík,1990,7990,565636
Cod,Keflavík,1991,4929,404228
Cod,Keflavík,1992,4505,330340
Cod,Keflavík,1993,4895,319785
Cod,Keflavík,1994,2626,208044
Cod,Keflavík,1995,2320,179427
Cod,Keflavík,1996,3230,251515
Cod,Keflavík,1997,4741,374233
Cod,Keflavík,1998,5166,455280
Cod,Keflavík,1999,5657,602358
Cod,Keflavík,2000,4367,388088
Cod,Keflavík,2001,4240,438932
Cod,Keflavík,2002,3066,393409
Cod,Keflavík,2003,2343,320883
Cod,Keflavík,2004,3152,417518
Cod,Keflavík,2005,3361,408579
Cod,Keflavík,2006,2270,326985
Cod,Keflavík,2007,2812,498309
Cod,Keflavík,2008,2849,660460
Cod,Keflavík,2009,4023,725144
Cod,Keflavík,2010,3333,739602
Cod,Keflavík,2011,3859,898797
Cod,Keflavík,2012,3748,838241
Cod,Keflavík,2013,3948,761480
Cod,Keflavík,2014,4190,871789
Cod,Keflavík,2015,3749,889409
Cod,Keflavík,2016,4036,890725
Cod,Keflavík,2017,3973,853148
Cod,Keflavík,2018,4449,978609
Cod,Keflavík,2019,3527,851001
Cod,Keflavík,2020,3469,874816
Cod,Keflavík,2021,3495,876356
Cod,Keflavík,2022,2931,844959
Cod,Keflavík,2023,2866,931282
Cod,Keflavík,2024,2997,1027264
Cod,Kópasker,1982,246,1133
Cod,Kópasker,1983,43,403
Cod,Kópasker,1984,42,492
Cod,Kópasker,1985,63,872
Cod,Kópasker,1986,126,2269
Cod,Kópasker,1987,331,8080
Cod,Kópasker,1988,397,10999
Cod,Kópasker,1989,548,20420
Cod,Kópasker,1990,660,38655
Cod,Kópasker,1991,260,16173
Cod,Kópasker,1992,0,0
Cod,Kópasker,1993,0,0
Cod,Kópasker,1994,0,0
Cod,Kópasker,1995,0,0
Cod,Kópasker,1996,0,20
Cod,Kópasker,1997,0,17
Cod,Kópasker,1998,0,0
Cod,Kópasker,1999,0,0
Cod,Kópasker,2000,184,20496
Cod,Kópasker,2001,257,33680
Cod,Kópasker,2002,681,102383
Cod,Kópasker,2003,611,87287
Cod,Kópasker,2004,391,59363
Cod,Kópasker,2005,509,70997
Cod,Kópasker,2006,949,108821
Cod,Kópasker,2007,668,96530
Cod,Kópasker,2008,560,100421
Cod,Kópasker,2009,183,32674
Cod,Kópasker,2010,192,50208
Cod,Kópasker,2011,177,36615
Cod,Kópasker,2012,275,68381
Cod,Kópasker,2013,342,67005
Cod,Kópasker,2014,443,90041
Cod,Kópasker,2015,191,46930
Cod,Kópasker,2016,191,40152
Cod,Kópasker,2017,212,32715
Cod,Kópasker,2018,230,41844
Cod,Kópasker,2019,292,66928
Cod,Kópasker,2020,248,55914
Cod,Kópasker,2021,215,56667
Cod,Kópasker,2022,174,50767
Cod,Kópasker,2023,55,21581
Cod,Kópasker,2024,130,61303
Cod,"Miðsandur, Hvalfirði",1982,0,0
Cod,"Miðsandur, Hvalfirði",1983,0,0
Cod,"Miðsandur, Hvalfirði",1984,0,0
Cod,"Miðsandur, Hvalfirði",1985,0,0
Cod,"Miðsandur, Hvalfirði",1986,0,0
Cod,"Miðsandur, Hvalfirði",1987,0,0
Cod,"Miðsandur, Hvalfirði",1988,0,0
Cod,"Miðsandur, Hvalfirði",1989,0,0
Cod,"Miðsandur, Hvalfirði",1990,0,0
Cod,"Miðsandur, Hvalfirði",1991,0,0
Cod,"Miðsandur, Hvalfirði",1992,0,0
Cod,"Miðsandur, Hvalfirði",1993,0,0
Cod,"Miðsandur, Hvalfirði",1994,0,0
Cod,"Miðsandur, Hvalfirði",1995,0,0
Cod,"Miðsandur, Hvalfirði",1996,0,0
Cod,"Miðsandur, Hvalfirði",1997,0,0
Cod,"Miðsandur, Hvalfirði",1998,0,0
Cod,"Miðsandur, Hvalfirði",1999,0,0
Cod,"Miðsandur, Hvalfirði",2000,0,0
Cod,"Miðsandur, Hvalfirði",2001,0,0
Cod,"Miðsandur, Hvalfirði",2002,0,0
Cod,"Miðsandur, Hvalfirði",2003,0,0
Cod,"Miðsandur, Hvalfirði",2004,0,0
Cod,"Miðsandur, Hvalfirði",2005,0,0
Cod,"Miðsandur, Hvalfirði",2006,0,0
Cod,"Miðsandur, Hvalfirði",2007,0,0
Cod,"Miðsandur, Hvalfirði",2008,0,0
Cod,"Miðsandur, Hvalfirði",2009,0,0
Cod,"Miðsandur, Hvalfirði",2010,0,0
Cod,"Miðsandur, Hvalfirði",2011,6,2213
Cod,"Miðsandur, Hvalfirði",2012,0,0
Cod,"Miðsandur, Hvalfirði",2013,0,0
Cod,"Miðsandur, Hvalfirði",2014,0,0
Cod,"Miðsandur, Hvalfirði",2015,0,0
Cod,"Miðsandur, Hvalfirði",2016,0,0
Cod,"Miðsandur, Hvalfirði",2017,0,0
Cod,"Miðsandur, Hvalfirði",2018,0,0
Cod,"Miðsandur, Hvalfirði",2019,0,0
Cod,"Miðsandur, Hvalfirði",2020,0,0
Cod,"Miðsandur, Hvalfirði",2021,0,0
Cod,"Miðsandur, Hvalfirði",2022,0,0
Cod,"Miðsandur, Hvalfirði",2023,0,0
Cod,"Miðsandur, Hvalfirði",2024,0,0
Cod,Mjóifjörður,1982,0,0
Cod,Mjóifjörður,1983,0,0
Cod,Mjóifjörður,1984,0,0
Cod,Mjóifjörður,1985,0,0
Cod,Mjóifjörður,1986,0,0
Cod,Mjóifjörður,1987,0,0
Cod,Mjóifjörður,1988,0,0
Cod,Mjóifjörður,1989,0,0
Cod,Mjóifjörður,1990,0,0
Cod,Mjóifjörður,1991,45,1834
Cod,Mjóifjörður,1992,57,2541
Cod,Mjóifjörður,1993,58,2509
Cod,Mjóifjörður,1994,65,2957
Cod,Mjóifjörður,1995,91,4078
Cod,Mjóifjörður,1996,64,2329
Cod,Mjóifjörður,1997,64,2821
Cod,Mjóifjörður,1998,83,3788
Cod,Mjóifjörður,1999,65,3314
Cod,Mjóifjörður,2000,48,2448
Cod,Mjóifjörður,2001,45,2662
Cod,Mjóifjörður,2002,39,1937
Cod,Mjóifjörður,2003,47,2803
Cod,Mjóifjörður,2004,40,1401
Cod,Mjóifjörður,2005,56,2173
Cod,Mjóifjörður,2006,34,1778
Cod,Mjóifjörður,2007,20,1125
Cod,Mjóifjörður,2008,2,104
Cod,Mjóifjörður,2009,5,1008
Cod,Mjóifjörður,2010,3,467
Cod,Mjóifjörður,2011,31,6974
Cod,Mjóifjörður,2012,35,8054
Cod,Mjóifjörður,2013,19,3456
Cod,Mjóifjörður,2014,26,5313
Cod,Mjóifjörður,2015,13,2620
Cod,Mjóifjörður,2016,18,3866
Cod,Mjóifjörður,2017,14,2821
Cod,Mjóifjörður,2018,15,3213
Cod,Mjóifjörður,2019,7,2121
Cod,Mjóifjörður,2020,9,2096
Cod,Mjóifjörður,2021,8,1697
Cod,Mjóifjörður,2022,10,2214
Cod,Mjóifjörður,2023,6,1677
Cod,Mjóifjörður,2024,5,1191
Cod,Neskaupstaður,1982,9416,46795
Cod,Neskaupstaður,1983,8984,86795
Cod,Neskaupstaður,1984,8242,102797
Cod,Neskaupstaður,1985,7462,116316
Cod,Neskaupstaður,1986,9548,186622
Cod,Neskaupstaður,1987,10708,270001
Cod,Neskaupstaður,1988,9543,280950
Cod,Neskaupstaður,1989,8279,270811
Cod,Neskaupstaður,1990,9436,486232
Cod,Neskaupstaður,1991,5266,279843
Cod,Neskaupstaður,1992,5104,323720
Cod,Neskaupstaður,1993,4452,251527
Cod,Neskaupstaður,1994,3212,186467
Cod,Neskaupstaður,1995,2632,152861
Cod,Neskaupstaður,1996,2345,150669
Cod,Neskaupstaður,1997,2981,243318
Cod,Neskaupstaður,1998,3365,335542
Cod,Neskaupstaður,1999,3552,389375
Cod,Neskaupstaður,2000,3649,426406
Cod,Neskaupstaður,2001,4770,656830
Cod,Neskaupstaður,2002,4296,523870
Cod,Neskaupstaður,2003,4842,508368
Cod,Neskaupstaður,2004,6573,699737
Cod,Neskaupstaður,2005,4317,454909
Cod,Neskaupstaður,2006,5352,690760
Cod,Neskaupstaður,2007,4534,745339
Cod,Neskaupstaður,2008,4416,887514
Cod,Neskaupstaður,2009,5907,916493
Cod,Neskaupstaður,2010,5095,1132325
Cod,Neskaupstaður,2011,6049,1377094
Cod,Neskaupstaður,2012,5626,1211815
Cod,Neskaupstaður,2013,7389,1324221
Cod,Neskaupstaður,2014,5398,1107230
Cod,Neskaupstaður,2015,5284,1265471
Cod,Neskaupstaður,2016,6214,1401668
Cod,Neskaupstaður,2017,6711,1345781
Cod,Neskaupstaður,2018,7533,1542653
Cod,Neskaupstaður,2019,12580,3243785
Cod,Neskaupstaður,2020,9755,2606398
Cod,Neskaupstaður,2021,9790,2811759
Cod,Neskaupstaður,2022,9465,3301927
Cod,Neskaupstaður,2023,5534,1996806
Cod,Neskaupstaður,2024,10023,3907671
Cod,Njarðvík,1982,2556,11205
Cod,Njarðvík,1983,1216,10070
Cod,Njarðvík,1984,1326,16914
Cod,Njarðvík,1985,1747,28670
Cod,Njarðvík,1986,1471,30030
Cod,Njarðvík,1987,2135,60362
Cod,Njarðvík,1988,2538,83630
Cod,Njarðvík,1989,2082,87063
Cod,Njarðvík,1990,2332,154466
Cod,Njarðvík,1991,3221,235298
Cod,Njarðvík,1992,1733,122903
Cod,Njarðvík,1993,2472,143139
Cod,Njarðvík,1994,1985,138311
Cod,Njarðvík,1995,887,65367
Cod,Njarðvík,1996,314,22754
Cod,Njarðvík,1997,639,56009
Cod,Njarðvík,1998,1438,148290
Cod,Njarðvík,1999,795,98713
Cod,Njarðvík,2000,1592,131760
Cod,Njarðvík,2001,451,70329
Cod,Njarðvík,2002,219,32900
Cod,Njarðvík,2003,26,4017
Cod,Njarðvík,2004,1,285
Cod,Njarðvík,2005,0,0
Cod,Njarðvík,2006,6,1035
Cod,Njarðvík,2007,119,18368
Cod,Njarðvík,2008,51,14124
Cod,Njarðvík,2009,275,58057
Cod,Njarðvík,2010,207,58780
Cod,Njarðvík,2011,323,100840
Cod,Njarðvík,2012,20,5466
Cod,Njarðvík,2013,0,0
Cod,Njarðvík,2014,0,0
Cod,Njarðvík,2015,53,10399
Cod,Njarðvík,2016,0,0
Cod,Njarðvík,2017,0,0
Cod,Njarðvík,2018,0,0
Cod,Njarðvík,2019,0,0
Cod,Njarðvík,2020,0,0
Cod,Njarðvík,2021,0,0
Cod,Njarðvík,2022,0,0
Cod,Njarðvík,2023,0,0
Cod,Njarðvík,2024,0,0
Cod,Norðurfjörður,1982,0,0
Cod,Norðurfjörður,1983,0,0
Cod,Norðurfjörður,1984,123,1386
Cod,Norðurfjörður,1985,195,2854
Cod,Norðurfjörður,1986,101,1910
Cod,Norðurfjörður,1987,126,2701
Cod,Norðurfjörður,1988,54,1184
Cod,Norðurfjörður,1989,67,1690
Cod,Norðurfjörður,1990,81,3279
Cod,Norðurfjörður,1991,205,9879
Cod,Norðurfjörður,1992,241,11815
Cod,Norðurfjörður,1993,192,9685
Cod,Norðurfjörður,1994,188,10183
Cod,Norðurfjörður,1995,180,9428
Cod,Norðurfjörður,1996,235,12414
Cod,Norðurfjörður,1997,80,4264
Cod,Norðurfjörður,1998,0,0
Cod,Norðurfjörður,1999,0,0
Cod,Norðurfjörður,2000,305,26533
Cod,Norðurfjörður,2001,307,34297
Cod,Norðurfjörður,2002,782,96887
Cod,Norðurfjörður,2003,590,61809
Cod,Norðurfjörður,2004,626,72075
Cod,Norðurfjörður,2005,135,16640
Cod,Norðurfjörður,2006,141,22135
Cod,Norðurfjörður,2007,95,13494
Cod,Norðurfjörður,2008,19,3454
Cod,Norðurfjörður,2009,60,7544
Cod,Norðurfjörður,2010,100,25882
Cod,Norðurfjörður,2011,227,58093
Cod,Norðurfjörður,2012,418,117033
Cod,Norðurfjörður,2013,424,105682
Cod,Norðurfjörður,2014,307,79832
Cod,Norðurfjörður,2015,358,89127
Cod,Norðurfjörður,2016,559,134207
Cod,Norðurfjörður,2017,435,80604
Cod,Norðurfjörður,2018,334,74054
Cod,Norðurfjörður,2019,472,147075
Cod,Norðurfjörður,2020,628,169348
Cod,Norðurfjörður,2021,618,194274
Cod,Norðurfjörður,2022,522,202810
Cod,Norðurfjörður,2023,451,177739
Cod,Norðurfjörður,2024,437,176382
Cod,Patreksfjörður,1982,8379,41629
Cod,Patreksfjörður,1983,5103,48087
Cod,Patreksfjörður,1984,5576,70277
Cod,Patreksfjörður,1985,6079,96811
Cod,Patreksfjörður,1986,6835,132145
Cod,Patreksfjörður,1987,7382,167382
Cod,Patreksfjörður,1988,7207,197137
Cod,Patreksfjörður,1989,6141,191435
Cod,Patreksfjörður,1990,6998,341999
Cod,Patreksfjörður,1991,6290,321472
Cod,Patreksfjörður,1992,5246,293529
Cod,Patreksfjörður,1993,5047,272278
Cod,Patreksfjörður,1994,4168,260233
Cod,Patreksfjörður,1995,4324,285906
Cod,Patreksfjörður,1996,4256,298091
Cod,Patreksfjörður,1997,3748,251069
Cod,Patreksfjörður,1998,3748,264362
Cod,Patreksfjörður,1999,4426,335671
Cod,Patreksfjörður,2000,5387,480587
Cod,Patreksfjörður,2001,4407,499310
Cod,Patreksfjörður,2002,3407,469947
Cod,Patreksfjörður,2003,4020,512167
Cod,Patreksfjörður,2004,4318,474293
Cod,Patreksfjörður,2005,3211,332607
Cod,Patreksfjörður,2006,2968,385198
Cod,Patreksfjörður,2007,2726,419287
Cod,Patreksfjörður,2008,2686,530278
Cod,Patreksfjörður,2009,3245,679203
Cod,Patreksfjörður,2010,2773,721764
Cod,Patreksfjörður,2011,3430,923605
Cod,Patreksfjörður,2012,3779,955859
Cod,Patreksfjörður,2013,4033,797017
Cod,Patreksfjörður,2014,4798,1049206
Cod,Patreksfjörður,2015,4171,989526
Cod,Patreksfjörður,2016,5073,1135859
Cod,Patreksfjörður,2017,4826,937014
Cod,Patreksfjörður,2018,5052,1048959
Cod,Patreksfjörður,2019,4557,1171418
Cod,Patreksfjörður,2020,4519,1231409
Cod,Patreksfjörður,2021,5134,1509397
Cod,Patreksfjörður,2022,4352,1534951
Cod,Patreksfjörður,2023,3658,1379932
Cod,Patreksfjörður,2024,3834,1371415
Cod,Raufarhöfn,1982,4030,19613
Cod,Raufarhöfn,1983,3130,30161
Cod,Raufarhöfn,1984,2891,34145
Cod,Raufarhöfn,1985,3134,47550
Cod,Raufarhöfn,1986,4321,81876
Cod,Raufarhöfn,1987,4515,98601
Cod,Raufarhöfn,1988,4183,109169
Cod,Raufarhöfn,1989,3639,111473
Cod,Raufarhöfn,1990,4186,201315
Cod,Raufarhöfn,1991,2374,118982
Cod,Raufarhöfn,1992,2405,120948
Cod,Raufarhöfn,1993,2048,99985
Cod,Raufarhöfn,1994,2391,129787
Cod,Raufarhöfn,1995,2109,119916
Cod,Raufarhöfn,1996,1292,79465
Cod,Raufarhöfn,1997,186,11346
Cod,Raufarhöfn,1998,773,57951
Cod,Raufarhöfn,1999,166,12984
Cod,Raufarhöfn,2000,506,54622
Cod,Raufarhöfn,2001,413,46125
Cod,Raufarhöfn,2002,407,55246
Cod,Raufarhöfn,2003,696,95488
Cod,Raufarhöfn,2004,1250,168806
Cod,Raufarhöfn,2005,851,113401
Cod,Raufarhöfn,2006,1028,123670
Cod,Raufarhöfn,2007,1138,154665
Cod,Raufarhöfn,2008,500,100693
Cod,Raufarhöfn,2009,498,92177
Cod,Raufarhöfn,2010,745,188201
Cod,Raufarhöfn,2011,659,175270
Cod,Raufarhöfn,2012,1112,279207
Cod,Raufarhöfn,2013,2575,485913
Cod,Raufarhöfn,2014,2603,527145
Cod,Raufarhöfn,2015,2888,666640
Cod,Raufarhöfn,2016,2976,619895
Cod,Raufarhöfn,2017,1760,333735
Cod,Raufarhöfn,2018,3168,609868
Cod,Raufarhöfn,2019,2984,729840
Cod,Raufarhöfn,2020,2375,634620
Cod,Raufarhöfn,2021,1997,581075
Cod,Raufarhöfn,2022,2103,739263
Cod,Raufarhöfn,2023,1900,673893
Cod,Raufarhöfn,2024,1430,549631
Cod,Reykhólar,1982,0,0
Cod,Reykhólar,1983,0,0
Cod,Reykhólar,1984,0,0
Cod,Reykhólar,1985,0,0
Cod,Reykhólar,1986,0,0
Cod,Reykhólar,1987,0,0
Cod,Reykhólar,1988,0,0
Cod,Reykhólar,1989,0,0
Cod,Reykhólar,1990,0,0
Cod,Reykhólar,1991,0,0
Cod,Reykhólar,1992,0,0
Cod,Reykhólar,1993,0,0
Cod,Reykhólar,1994,0,0
Cod,Reykhólar,1995,0,0
Cod,Reykhólar,1996,0,0
Cod,Reykhólar,1997,0,0
Cod,Reykhólar,1998,0,0
Cod,Reykhólar,1999,0,0
Cod,Reykhólar,2000,0,0
Cod,Reykhólar,2001,0,0
Cod,Reykhólar,2002,0,0
Cod,Reykhólar,2003,0,0
Cod,Reykhólar,2004,0,0
Cod,Reykhólar,2005,0,0
Cod,Reykhólar,2006,0,0
Cod,Reykhólar,2007,0,0
Cod,Reykhólar,2008,0,0
Cod,Reykhólar,2009,0,0
Cod,Reykhólar,2010,0,0
Cod,Reykhólar,2011,0,0
Cod,Reykhólar,2012,0,0
Cod,Reykhólar,2013,0,0
Cod,Reykhólar,2014,0,0
Cod,Reykhólar,2015,0,0
Cod,Reykhólar,2016,0,0
Cod,Reykhólar,2017,0,0
Cod,Reykhólar,2018,0,0
Cod,Reykhólar,2019,0,0
Cod,Reykhólar,2020,0,6
Cod,Reykhólar,2021,0,0
Cod,Reykhólar,2022,0,2
Cod,Reykhólar,2023,0,224
Cod,Reykhólar,2024,0,0
Cod,Reykjavík,1982,19873,91766
Cod,Reykjavík,1983,14885,139328
Cod,Reykjavík,1984,11387,138297
Cod,Reykjavík,1985,13247,205837
Cod,Reykjavík,1986,13435,277345
Cod,Reykjavík,1987,13528,430368
Cod,Reykjavík,1988,9045,350551
Cod,Reykjavík,1989,12335,603429
Cod,Reykjavík,1990,13761,1064289
Cod,Reykjavík,1991,15201,1168451
Cod,Reykjavík,1992,16819,1195105
Cod,Reykjavík,1993,17567,1324855
Cod,Reykjavík,1994,18002,1408660
Cod,Reykjavík,1995,18399,1393308
Cod,Reykjavík,1996,20516,1538184
Cod,Reykjavík,1997,21703,1692701
Cod,Reykjavík,1998,21403,2057719
Cod,Reykjavík,1999,20846,2403116
Cod,Reykjavík,2000,14821,1926292
Cod,Reykjavík,2001,12413,1874928
Cod,Reykjavík,2002,14634,2326330
Cod,Reykjavík,2003,10937,1494925
Cod,Reykjavík,2004,13281,1856236
Cod,Reykjavík,2005,10585,1422048
Cod,Reykjavík,2006,10964,1805743
Cod,Reykjavík,2007,15165,3062808
Cod,Reykjavík,2008,13611,3297078
Cod,Reykjavík,2009,18923,3875789
Cod,Reykjavík,2010,18017,4838830
Cod,Reykjavík,2011,18527,5074951
Cod,Reykjavík,2012,18297,4932202
Cod,Reykjavík,2013,20821,4327664
Cod,Reykjavík,2014,20626,5033899
Cod,Reykjavík,2015,21106,5983269
Cod,Reykjavík,2016,22191,5181743
Cod,Reykjavík,2017,20207,4244964
Cod,Reykjavík,2018,21293,4589397
Cod,Reykjavík,2019,22636,6509198
Cod,Reykjavík,2020,18230,5877781
Cod,Reykjavík,2021,23698,7013026
Cod,Reykjavík,2022,17060,6554837
Cod,Reykjavík,2023,18659,7180720
Cod,Reykjavík,2024,18678,7163793
Cod,Reyðarfjörður,1982,2256,10237
Cod,Reyðarfjörður,1983,1386,13388
Cod,Reyðarfjörður,1984,1764,21683
Cod,Reyðarfjörður,1985,2240,33656
Cod,Reyðarfjörður,1986,3127,59807
Cod,Reyðarfjörður,1987,3272,66144
Cod,Reyðarfjörður,1988,2418,59085
Cod,Reyðarfjörður,1989,2847,128944
Cod,Reyðarfjörður,1990,3171,236590
Cod,Reyðarfjörður,1991,2276,196739
Cod,Reyðarfjörður,1992,1828,149072
Cod,Reyðarfjörður,1993,2170,170060
Cod,Reyðarfjörður,1994,3030,223997
Cod,Reyðarfjörður,1995,2436,181637
Cod,Reyðarfjörður,1996,1525,127415
Cod,Reyðarfjörður,1997,1955,180052
Cod,Reyðarfjörður,1998,1182,114504
Cod,Reyðarfjörður,1999,820,74483
Cod,Reyðarfjörður,2000,170,14305
Cod,Reyðarfjörður,2001,286,23936
Cod,Reyðarfjörður,2002,248,26109
Cod,Reyðarfjörður,2003,420,41526
Cod,Reyðarfjörður,2004,340,33803
Cod,Reyðarfjörður,2005,111,18468
Cod,Reyðarfjörður,2006,294,66784
Cod,Reyðarfjörður,2007,412,88638
Cod,Reyðarfjörður,2008,28,8648
Cod,Reyðarfjörður,2009,19,2741
Cod,Reyðarfjörður,2010,4,766
Cod,Reyðarfjörður,2011,1,155
Cod,Reyðarfjörður,2012,0,0
Cod,Reyðarfjörður,2013,0,0
Cod,Reyðarfjörður,2014,1,65
Cod,Reyðarfjörður,2015,11,2751
Cod,Reyðarfjörður,2016,0,0
Cod,Reyðarfjörður,2017,1,223
Cod,Reyðarfjörður,2018,0,0
Cod,Reyðarfjörður,2019,0,0
Cod,Reyðarfjörður,2020,0,0
Cod,Reyðarfjörður,2021,0,0
Cod,Reyðarfjörður,2022,0,0
Cod,Reyðarfjörður,2023,0,0
Cod,Reyðarfjörður,2024,0,0
Cod,Rif,1982,1996,9821
Cod,Rif,1983,1928,17795
Cod,Rif,1984,2549,32165
Cod,Rif,1985,2270,36028
Cod,Rif,1986,3064,60334
Cod,Rif,1987,4341,116424
Cod,Rif,1988,3139,98153
Cod,Rif,1989,3649,142146
Cod,Rif,1990,3943,239447
Cod,Rif,1991,4515,319519
Cod,Rif,1992,2937,227557
Cod,Rif,1993,2051,167742
Cod,Rif,1994,833,72865
Cod,Rif,1995,1230,72494
Cod,Rif,1996,1480,94482
Cod,Rif,1997,2661,176898
Cod,Rif,1998,2275,185772
Cod,Rif,1999,2689,270544
Cod,Rif,2000,7317,842745
Cod,Rif,2001,9199,1318110
Cod,Rif,2002,7780,1154794
Cod,Rif,2003,7274,985383
Cod,Rif,2004,8597,1109793
Cod,Rif,2005,8536,1051532
Cod,Rif,2006,8141,1114592
Cod,Rif,2007,8181,1481481
Cod,Rif,2008,7783,1735812
Cod,Rif,2009,9950,1976399
Cod,Rif,2010,8825,2356424
Cod,Rif,2011,8109,2178866
Cod,Rif,2012,8751,2267995
Cod,Rif,2013,9987,2148918
Cod,Rif,2014,10655,2441201
Cod,Rif,2015,11671,2964937
Cod,Rif,2016,11965,2741845
Cod,Rif,2017,9661,1971396
Cod,Rif,2018,12766,2762268
Cod,Rif,2019,12141,3176996
Cod,Rif,2020,11641,3315821
Cod,Rif,2021,16455,4738492
Cod,Rif,2022,19486,6606550
Cod,Rif,2023,17225,6545596
Cod,Rif,2024,14520,5541947
Cod,Sandgerði,1982,8783,40899
Cod,Sandgerði,1983,5605,50851
Cod,Sandgerði,1984,5842,74614
Cod,Sandgerði,1985,7598,122208
Cod,Sandgerði,1986,8542,161235
Cod,Sandgerði,1987,10564,275439
Cod,Sandgerði,1988,8808,287607
Cod,Sandgerði,1989,9397,359052
Cod,Sandgerði,1990,9891,588073
Cod,Sandgerði,1991,4213,268613
Cod,Sandgerði,1992,4447,296610
Cod,Sandgerði,1993,4611,288827
Cod,Sandgerði,1994,3329,244804
Cod,Sandgerði,1995,3909,287127
Cod,Sandgerði,1996,3879,313766
Cod,Sandgerði,1997,3560,297758
Cod,Sandgerði,1998,3336,313113
Cod,Sandgerði,1999,4468,442060
Cod,Sandgerði,2000,12627,1387381
Cod,Sandgerði,2001,12924,1779603
Cod,Sandgerði,2002,8788,1207118
Cod,Sandgerði,2003,7180,1008767
Cod,Sandgerði,2004,10089,1240051
Cod,Sandgerði,2005,10836,1252466
Cod,Sandgerði,2006,9036,1200801
Cod,Sandgerði,2007,8277,1342354
Cod,Sandgerði,2008,8099,1543197
Cod,Sandgerði,2009,8930,1671015
Cod,Sandgerði,2010,8794,2125156
Cod,Sandgerði,2011,8224,2079862
Cod,Sandgerði,2012,7701,1865921
Cod,Sandgerði,2013,7219,1561737
Cod,Sandgerði,2014,8094,1914786
Cod,Sandgerði,2015,6801,1793866
Cod,Sandgerði,2016,7888,1781450
Cod,Sandgerði,2017,6872,1341205
Cod,Sandgerði,2018,7574,1621734
Cod,Sandgerði,2019,7876,1922087
Cod,Sandgerði,2020,8329,2180767
Cod,Sandgerði,2021,8323,2169487
Cod,Sandgerði,2022,6609,2173488
Cod,Sandgerði,2023,5483,2053461
Cod,Sandgerði,2024,6374,2491695
Cod,Sauðárkrókur,1982,3335,16042
Cod,Sauðárkrókur,1983,3235,30110
Cod,Sauðárkrókur,1984,4536,54251
Cod,Sauðárkrókur,1985,5053,75538
Cod,Sauðárkrókur,1986,4426,80893
Cod,Sauðárkrókur,1987,5744,132998
Cod,Sauðárkrókur,1988,4757,124237
Cod,Sauðárkrókur,1989,4522,134848
Cod,Sauðárkrókur,1990,5193,244506
Cod,Sauðárkrókur,1991,5215,266128
Cod,Sauðárkrókur,1992,7135,359889
Cod,Sauðárkrókur,1993,6443,333706
Cod,Sauðárkrókur,1994,5990,358345
Cod,Sauðárkrókur,1995,5760,381383
Cod,Sauðárkrókur,1996,6454,520682
Cod,Sauðárkrókur,1997,4789,381197
Cod,Sauðárkrókur,1998,5599,469162
Cod,Sauðárkrókur,1999,6634,558036
Cod,Sauðárkrókur,2000,5136,472303
Cod,Sauðárkrókur,2001,5367,489803
Cod,Sauðárkrókur,2002,5478,574534
Cod,Sauðárkrókur,2003,5195,554091
Cod,Sauðárkrókur,2004,8440,929164
Cod,Sauðárkrókur,2005,8055,797547
Cod,Sauðárkrókur,2006,8427,999340
Cod,Sauðárkrókur,2007,7509,1105480
Cod,Sauðárkrókur,2008,5303,1023611
Cod,Sauðárkrókur,2009,5690,1027440
Cod,Sauðárkrókur,2010,6642,1391432
Cod,Sauðárkrókur,2011,5832,1218353
Cod,Sauðárkrókur,2012,6726,1427024
Cod,Sauðárkrókur,2013,8353,1438488
Cod,Sauðárkrókur,2014,7652,1474428
Cod,Sauðárkrókur,2015,9189,1800502
Cod,Sauðárkrókur,2016,11744,2047887
Cod,Sauðárkrókur,2017,14453,2277850
Cod,Sauðárkrókur,2018,16381,2841701
Cod,Sauðárkrókur,2019,19400,4477600
Cod,Sauðárkrókur,2020,17185,4243982
Cod,Sauðárkrókur,2021,15301,3735338
Cod,Sauðárkrókur,2022,10008,3248534
Cod,Sauðárkrókur,2023,10962,3616891
Cod,Sauðárkrókur,2024,12669,4193047
Cod,Selfoss,1982,35,154
Cod,Selfoss,1983,0,0
Cod,Selfoss,1984,0,0
Cod,Selfoss,1985,0,0
Cod,Selfoss,1986,0,0
Cod,Selfoss,1987,17,486
Cod,Selfoss,1988,11,301
Cod,Selfoss,1989,102,4274
Cod,Selfoss,1990,110,7353
Cod,Selfoss,1991,47,3217
Cod,Selfoss,1992,35,2748
Cod,Selfoss,1993,4,323
Cod,Selfoss,1994,9,772
Cod,Selfoss,1995,4,415
Cod,Selfoss,1996,2,267
Cod,Selfoss,1997,8,456
Cod,Selfoss,1998,22,2338
Cod,Selfoss,1999,19,2134
Cod,Selfoss,2000,0,0
Cod,Selfoss,2001,0,0
Cod,Selfoss,2002,0,0
Cod,Selfoss,2003,0,0
Cod,Selfoss,2004,0,0
Cod,Selfoss,2005,0,0
Cod,Selfoss,2006,0,0
Cod,Selfoss,2007,0,0
Cod,Selfoss,2008,0,0
Cod,Selfoss,2009,0,0
Cod,Selfoss,2010,0,0
Cod,Selfoss,2011,0,0
Cod,Selfoss,2012,0,0
Cod,Selfoss,2013,0,0
Cod,Selfoss,2014,0,0
Cod,Selfoss,2015,0,0
Cod,Selfoss,2016,0,0
Cod,Selfoss,2017,0,0
Cod,Selfoss,2018,0,0
Cod,Selfoss,2019,0,0
Cod,Selfoss,2020,0,0
Cod,Selfoss,2021,0,0
Cod,Selfoss,2022,0,0
Cod,Selfoss,2023,0,0
Cod,Selfoss,2024,0,0
Cod,Seyðisfjörður,1982,5242,24536
Cod,Seyðisfjörður,1983,3577,35026
Cod,Seyðisfjörður,1984,2401,29761
Cod,Seyðisfjörður,1985,3739,58342
Cod,Seyðisfjörður,1986,4055,80469
Cod,Seyðisfjörður,1987,4105,94761
Cod,Seyðisfjörður,1988,4173,109515
Cod,Seyðisfjörður,1989,2225,66935
Cod,Seyðisfjörður,1990,2472,116066
Cod,Seyðisfjörður,1991,1987,114500
Cod,Seyðisfjörður,1992,1583,91234
Cod,Seyðisfjörður,1993,3352,206709
Cod,Seyðisfjörður,1994,1725,91568
Cod,Seyðisfjörður,1995,1113,62043
Cod,Seyðisfjörður,1996,963,54260
Cod,Seyðisfjörður,1997,1108,63604
Cod,Seyðisfjörður,1998,1462,90367
Cod,Seyðisfjörður,1999,1518,106886
Cod,Seyðisfjörður,2000,1724,182905
Cod,Seyðisfjörður,2001,2036,214645
Cod,Seyðisfjörður,2002,1627,179598
Cod,Seyðisfjörður,2003,1616,187728
Cod,Seyðisfjörður,2004,5168,523078
Cod,Seyðisfjörður,2005,3049,323758
Cod,Seyðisfjörður,2006,2100,283193
Cod,Seyðisfjörður,2007,2404,400494
Cod,Seyðisfjörður,2008,1571,348476
Cod,Seyðisfjörður,2009,1756,357877
Cod,Seyðisfjörður,2010,3145,689045
Cod,Seyðisfjörður,2011,2163,532905
Cod,Seyðisfjörður,2012,2854,626966
Cod,Seyðisfjörður,2013,2020,344577
Cod,Seyðisfjörður,2014,1786,341771
Cod,Seyðisfjörður,2015,3243,657558
Cod,Seyðisfjörður,2016,3152,565003
Cod,Seyðisfjörður,2017,3438,574386
Cod,Seyðisfjörður,2018,5904,1079627
Cod,Seyðisfjörður,2019,4755,1038998
Cod,Seyðisfjörður,2020,4278,986930
Cod,Seyðisfjörður,2021,3199,718418
Cod,Seyðisfjörður,2022,3044,834001
Cod,Seyðisfjörður,2023,3141,961130
Cod,Seyðisfjörður,2024,2355,751472
Cod,Siglufjörður,1982,7972,38618
Cod,Siglufjörður,1983,7094,64065
Cod,Siglufjörður,1984,6062,72440
Cod,Siglufjörður,1985,10047,156557
Cod,Siglufjörður,1986,12378,266474
Cod,Siglufjörður,1987,13168,364253
Cod,Siglufjörður,1988,10427,336139
Cod,Siglufjörður,1989,8525,316821
Cod,Siglufjörður,1990,9118,533184
Cod,Siglufjörður,1991,8824,612833
Cod,Siglufjörður,1992,8016,489729
Cod,Siglufjörður,1993,7578,461489
Cod,Siglufjörður,1994,7044,427203
Cod,Siglufjörður,1995,3769,232138
Cod,Siglufjörður,1996,2470,156305
Cod,Siglufjörður,1997,5208,534689
Cod,Siglufjörður,1998,8445,1062636
Cod,Siglufjörður,1999,11707,1608554
Cod,Siglufjörður,2000,930,109353
Cod,Siglufjörður,2001,598,67861
Cod,Siglufjörður,2002,566,65572
Cod,Siglufjörður,2003,855,97998
Cod,Siglufjörður,2004,1156,132320
Cod,Siglufjörður,2005,3177,376608
Cod,Siglufjörður,2006,3528,510862
Cod,Siglufjörður,2007,2667,474670
Cod,Siglufjörður,2008,4755,1046408
Cod,Siglufjörður,2009,6491,1286021
Cod,Siglufjörður,2010,5312,1436302
Cod,Siglufjörður,2011,7086,1846703
Cod,Siglufjörður,2012,11008,2730161
Cod,Siglufjörður,2013,15301,3196105
Cod,Siglufjörður,2014,16310,3993730
Cod,Siglufjörður,2015,20183,5372963
Cod,Siglufjörður,2016,22105,4628502
Cod,Siglufjörður,2017,19222,3938309
Cod,Siglufjörður,2018,21540,4762266
Cod,Siglufjörður,2019,25530,6715860
Cod,Siglufjörður,2020,23766,6851800
Cod,Siglufjörður,2021,20649,6292259
Cod,Siglufjörður,2022,13437,6068479
Cod,Siglufjörður,2023,12835,5249307
Cod,Siglufjörður,2024,12021,5325701
Cod,Skagaströnd,1982,5564,28544
Cod,Skagaströnd,1983,5726,57402
Cod,Skagaströnd,1984,7061,90006
Cod,Skagaströnd,1985,5830,93479
Cod,Skagaströnd,1986,6301,155858
Cod,Skagaströnd,1987,6892,230634
Cod,Skagaströnd,1988,9138,356727
Cod,Skagaströnd,1989,6969,341063
Cod,Skagaströnd,1990,7914,623264
Cod,Skagaströnd,1991,5988,476597
Cod,Skagaströnd,1992,3957,294344
Cod,Skagaströnd,1993,5829,519092
Cod,Skagaströnd,1994,4268,334009
Cod,Skagaströnd,1995,4469,382148
Cod,Skagaströnd,1996,3058,280979
Cod,Skagaströnd,1997,2213,240957
Cod,Skagaströnd,1998,3387,460248
Cod,Skagaströnd,1999,4508,691207
Cod,Skagaströnd,2000,4795,686468
Cod,Skagaströnd,2001,3806,584561
Cod,Skagaströnd,2002,4405,688441
Cod,Skagaströnd,2003,4898,652436
Cod,Skagaströnd,2004,5164,693168
Cod,Skagaströnd,2005,5028,691238
Cod,Skagaströnd,2006,4948,800039
Cod,Skagaströnd,2007,3326,588529
Cod,Skagaströnd,2008,3107,677670
Cod,Skagaströnd,2009,4167,868991
Cod,Skagaströnd,2010,6749,1661462
Cod,Skagaströnd,2011,5208,1299401
Cod,Skagaströnd,2012,5085,1287423
Cod,Skagaströnd,2013,8026,1684412
Cod,Skagaströnd,2014,5617,1448306
Cod,Skagaströnd,2015,6536,1806411
Cod,Skagaströnd,2016,7514,1795894
Cod,Skagaströnd,2017,5405,1304976
Cod,Skagaströnd,2018,6841,1573039
Cod,Skagaströnd,2019,3145,863917
Cod,Skagaströnd,2020,2767,790032
Cod,Skagaströnd,2021,5193,1428336
Cod,Skagaströnd,2022,6139,1998745
Cod,Skagaströnd,2023,4314,1586707
Cod,Skagaströnd,2024,4414,1698426
Cod,Skarðsstöð,1982,0,0
Cod,Skarðsstöð,1983,0,0
Cod,Skarðsstöð,1984,0,0
Cod,Skarðsstöð,1985,0,0
Cod,Skarðsstöð,1986,0,0
Cod,Skarðsstöð,1987,0,0
Cod,Skarðsstöð,1988,0,0
Cod,Skarðsstöð,1989,0,0
Cod,Skarðsstöð,1990,0,0
Cod,Skarðsstöð,1991,0,0
Cod,Skarðsstöð,1992,0,0
Cod,Skarðsstöð,1993,0,0
Cod,Skarðsstöð,1994,0,0
Cod,Skarðsstöð,1995,0,0
Cod,Skarðsstöð,1996,0,0
Cod,Skarðsstöð,1997,0,0
Cod,Skarðsstöð,1998,0,0
Cod,Skarðsstöð,1999,0,0
Cod,Skarðsstöð,2000,0,0
Cod,Skarðsstöð,2001,0,0
Cod,Skarðsstöð,2002,0,0
Cod,Skarðsstöð,2003,0,0
Cod,Skarðsstöð,2004,0,0
Cod,Skarðsstöð,2005,0,0
Cod,Skarðsstöð,2006,0,0
Cod,Skarðsstöð,2007,0,0
Cod,Skarðsstöð,2008,0,0
Cod,Skarðsstöð,2009,0,0
Cod,Skarðsstöð,2010,0,0
Cod,Skarðsstöð,2011,0,0
Cod,Skarðsstöð,2012,0,0
Cod,Skarðsstöð,2013,0,0
Cod,Skarðsstöð,2014,0,0
Cod,Skarðsstöð,2015,0,0
Cod,Skarðsstöð,2016,0,0
Cod,Skarðsstöð,2017,0,0
Cod,Skarðsstöð,2018,0,0
Cod,Skarðsstöð,2019,0,0
Cod,Skarðsstöð,2020,0,0
Cod,Skarðsstöð,2021,0,0
Cod,Skarðsstöð,2022,0,0
Cod,Skarðsstöð,2023,0,0
Cod,Skarðsstöð,2024,0,0
Cod,Stokkseyri,1982,4618,21500
Cod,Stokkseyri,1983,1835,16307
Cod,Stokkseyri,1984,1277,16118
Cod,Stokkseyri,1985,1786,29805
Cod,Stokkseyri,1986,2313,44794
Cod,Stokkseyri,1987,1638,41907
Cod,Stokkseyri,1988,1460,48774
Cod,Stokkseyri,1989,1568,61843
Cod,Stokkseyri,1990,1557,93930
Cod,Stokkseyri,1991,1422,78550
Cod,Stokkseyri,1992,54,3926
Cod,Stokkseyri,1993,225,15114
Cod,Stokkseyri,1994,80,5536
Cod,Stokkseyri,1995,114,7853
Cod,Stokkseyri,1996,37,2654
Cod,Stokkseyri,1997,45,3289
Cod,Stokkseyri,1998,61,5331
Cod,Stokkseyri,1999,45,4533
Cod,Stokkseyri,2000,0,0
Cod,Stokkseyri,2001,0,0
Cod,Stokkseyri,2002,0,0
Cod,Stokkseyri,2003,0,0
Cod,Stokkseyri,2004,1,98
Cod,Stokkseyri,2005,0,0
Cod,Stokkseyri,2006,0,0
Cod,Stokkseyri,2007,0,0
Cod,Stokkseyri,2008,0,0
Cod,Stokkseyri,2009,0,0
Cod,Stokkseyri,2010,0,0
Cod,Stokkseyri,2011,0,0
Cod,Stokkseyri,2012,0,0
Cod,Stokkseyri,2013,0,0
Cod,Stokkseyri,2014,0,0
Cod,Stokkseyri,2015,0,0
Cod,Stokkseyri,2016,0,0
Cod,Stokkseyri,2017,0,0
Cod,Stokkseyri,2018,0,0
Cod,Stokkseyri,2019,0,0
Cod,Stokkseyri,2020,0,0
Cod,Stokkseyri,2021,0,0
Cod,Stokkseyri,2022,0,0
Cod,Stokkseyri,2023,0,0
Cod,Stokkseyri,2024,0,0
Cod,Stykkishólmur,1982,4000,18839
Cod,Stykkishólmur,1983,3816,32532
Cod,Stykkishólmur,1984,3148,38861
Cod,Stykkishólmur,1985,3948,63928
Cod,Stykkishólmur,1986,4672,94643
Cod,Stykkishólmur,1987,5522,146579
Cod,Stykkishólmur,1988,3276,105055
Cod,Stykkishólmur,1989,3892,144389
Cod,Stykkishólmur,1990,3919,222968
Cod,Stykkishólmur,1991,2492,169151
Cod,Stykkishólmur,1992,51,3223
Cod,Stykkishólmur,1993,0,2
Cod,Stykkishólmur,1994,18,1131
Cod,Stykkishólmur,1995,334,26509
Cod,Stykkishólmur,1996,198,14549
Cod,Stykkishólmur,1997,164,10259
Cod,Stykkishólmur,1998,122,10088
Cod,Stykkishólmur,1999,786,84602
Cod,Stykkishólmur,2000,3204,363569
Cod,Stykkishólmur,2001,3298,463966
Cod,Stykkishólmur,2002,3053,470866
Cod,Stykkishólmur,2003,2841,408522
Cod,Stykkishólmur,2004,3466,473380
Cod,Stykkishólmur,2005,2667,340523
Cod,Stykkishólmur,2006,1862,238039
Cod,Stykkishólmur,2007,2035,343612
Cod,Stykkishólmur,2008,1860,375905
Cod,Stykkishólmur,2009,2333,442010
Cod,Stykkishólmur,2010,1763,459747
Cod,Stykkishólmur,2011,1672,411508
Cod,Stykkishólmur,2012,1916,465036
Cod,Stykkishólmur,2013,1545,311242
Cod,Stykkishólmur,2014,1970,409230
Cod,Stykkishólmur,2015,1817,419283
Cod,Stykkishólmur,2016,1729,375801
Cod,Stykkishólmur,2017,1680,298348
Cod,Stykkishólmur,2018,1286,265563
Cod,Stykkishólmur,2019,687,171781
Cod,Stykkishólmur,2020,1394,386275
Cod,Stykkishólmur,2021,1162,324408
Cod,Stykkishólmur,2022,1931,630699
Cod,Stykkishólmur,2023,1845,680872
Cod,Stykkishólmur,2024,1631,563143
Cod,Stöðvarfjörður,1982,2391,11847
Cod,Stöðvarfjörður,1983,2155,21517
Cod,Stöðvarfjörður,1984,2761,34568
Cod,Stöðvarfjörður,1985,2801,43834
Cod,Stöðvarfjörður,1986,3083,60022
Cod,Stöðvarfjörður,1987,4034,85889
Cod,Stöðvarfjörður,1988,3224,78601
Cod,Stöðvarfjörður,1989,1464,48253
Cod,Stöðvarfjörður,1990,1825,93830
Cod,Stöðvarfjörður,1991,1861,98119
Cod,Stöðvarfjörður,1992,2734,145481
Cod,Stöðvarfjörður,1993,2303,113524
Cod,Stöðvarfjörður,1994,2512,138781
Cod,Stöðvarfjörður,1995,1971,106597
Cod,Stöðvarfjörður,1996,1760,118284
Cod,Stöðvarfjörður,1997,863,63783
Cod,Stöðvarfjörður,1998,295,21762
Cod,Stöðvarfjörður,1999,375,31428
Cod,Stöðvarfjörður,2000,2011,193080
Cod,Stöðvarfjörður,2001,2399,221501
Cod,Stöðvarfjörður,2002,4816,459288
Cod,Stöðvarfjörður,2003,3498,346763
Cod,Stöðvarfjörður,2004,2427,245164
Cod,Stöðvarfjörður,2005,858,101450
Cod,Stöðvarfjörður,2006,767,127793
Cod,Stöðvarfjörður,2007,616,119071
Cod,Stöðvarfjörður,2008,674,123659
Cod,Stöðvarfjörður,2009,1782,386474
Cod,Stöðvarfjörður,2010,1616,429433
Cod,Stöðvarfjörður,2011,2649,717677
Cod,Stöðvarfjörður,2012,3242,876510
Cod,Stöðvarfjörður,2013,4071,834361
Cod,Stöðvarfjörður,2014,3629,809394
Cod,Stöðvarfjörður,2015,3311,846126
Cod,Stöðvarfjörður,2016,4996,1149430
Cod,Stöðvarfjörður,2017,5795,1167195
Cod,Stöðvarfjörður,2018,6493,1246000
Cod,Stöðvarfjörður,2019,4331,1028784
Cod,Stöðvarfjörður,2020,3123,832805
Cod,Stöðvarfjörður,2021,1820,490795
Cod,Stöðvarfjörður,2022,2320,722299
Cod,Stöðvarfjörður,2023,2436,844825
Cod,Stöðvarfjörður,2024,2412,846593
Cod,Súðavík,1982,3416,17309
Cod,Súðavík,1983,2899,27710
Cod,Súðavík,1984,2348,27434
Cod,Súðavík,1985,1364,21288
Cod,Súðavík,1986,1167,22639
Cod,Súðavík,1987,1770,39704
Cod,Súðavík,1988,2205,56507
Cod,Súðavík,1989,2097,57734
Cod,Súðavík,1990,2399,105685
Cod,Súðavík,1991,3375,155156
Cod,Súðavík,1992,2295,99130
Cod,Súðavík,1993,1823,77432
Cod,Súðavík,1994,281,11809
Cod,Súðavík,1995,0,0
Cod,Súðavík,1996,40,2314
Cod,Súðavík,1997,0,7
Cod,Súðavík,1998,0,0
Cod,Súðavík,1999,0,0
Cod,Súðavík,2000,0,0
Cod,Súðavík,2001,3,90
Cod,Súðavík,2002,1,306
Cod,Súðavík,2003,4,481
Cod,Súðavík,2004,22,2543
Cod,Súðavík,2005,236,28242
Cod,Súðavík,2006,466,48185
Cod,Súðavík,2007,341,38686
Cod,Súðavík,2008,360,57774
Cod,Súðavík,2009,572,84459
Cod,Súðavík,2010,683,143441
Cod,Súðavík,2011,297,67966
Cod,Súðavík,2012,799,164255
Cod,Súðavík,2013,151,39621
Cod,Súðavík,2014,262,69274
Cod,Súðavík,2015,277,79808
Cod,Súðavík,2016,464,116892
Cod,Súðavík,2017,367,70139
Cod,Súðavík,2018,299,63050
Cod,Súðavík,2019,312,85120
Cod,Súðavík,2020,215,58925
Cod,Súðavík,2021,294,78629
Cod,Súðavík,2022,117,31528
Cod,Súðavík,2023,135,45173
Cod,Súðavík,2024,121,39562
Cod,Tálknafjörður,1982,3729,19243
Cod,Tálknafjörður,1983,3270,30237
Cod,Tálknafjörður,1984,3244,41987
Cod,Tálknafjörður,1985,3849,62374
Cod,Tálknafjörður,1986,4111,82813
Cod,Tálknafjörður,1987,4065,97812
Cod,Tálknafjörður,1988,4592,128354
Cod,Tálknafjörður,1989,5316,164670
Cod,Tálknafjörður,1990,5901,287932
Cod,Tálknafjörður,1991,3582,192634
Cod,Tálknafjörður,1992,3782,205591
Cod,Tálknafjörður,1993,3907,207105
Cod,Tálknafjörður,1994,3308,178419
Cod,Tálknafjörður,1995,2844,162976
Cod,Tálknafjörður,1996,3159,184598
Cod,Tálknafjörður,1997,3452,215824
Cod,Tálknafjörður,1998,2422,169093
Cod,Tálknafjörður,1999,2817,224442
Cod,Tálknafjörður,2000,3529,296577
Cod,Tálknafjörður,2001,2615,243315
Cod,Tálknafjörður,2002,2694,274259
Cod,Tálknafjörður,2003,2188,260279
Cod,Tálknafjörður,2004,2569,313359
Cod,Tálknafjörður,2005,1764,197398
Cod,Tálknafjörður,2006,1571,206762
Cod,Tálknafjörður,2007,1347,230763
Cod,Tálknafjörður,2008,1622,308206
Cod,Tálknafjörður,2009,1972,380439
Cod,Tálknafjörður,2010,1833,424929
Cod,Tálknafjörður,2011,1500,378499
Cod,Tálknafjörður,2012,1268,315413
Cod,Tálknafjörður,2013,1932,359924
Cod,Tálknafjörður,2014,2109,435738
Cod,Tálknafjörður,2015,1193,305948
Cod,Tálknafjörður,2016,1065,266622
Cod,Tálknafjörður,2017,1311,293899
Cod,Tálknafjörður,2018,1290,287885
Cod,Tálknafjörður,2019,1256,315767
Cod,Tálknafjörður,2020,1312,398261
Cod,Tálknafjörður,2021,1493,454817
Cod,Tálknafjörður,2022,1672,596411
Cod,Tálknafjörður,2023,1852,681002
Cod,Tálknafjörður,2024,2198,824564
Cod,Vestmannaeyjar,1982,21764,98010
Cod,Vestmannaeyjar,1983,15277,134971
Cod,Vestmannaeyjar,1984,12859,157310
Cod,Vestmannaeyjar,1985,15592,246023
Cod,Vestmannaeyjar,1986,12684,244828
Cod,Vestmannaeyjar,1987,11310,278770
Cod,Vestmannaeyjar,1988,12183,394595
Cod,Vestmannaeyjar,1989,15192,591436
Cod,Vestmannaeyjar,1990,15872,952063
Cod,Vestmannaeyjar,1991,11955,827161
Cod,Vestmannaeyjar,1992,10042,688298
Cod,Vestmannaeyjar,1993,9291,568231
Cod,Vestmannaeyjar,1994,7962,519338
Cod,Vestmannaeyjar,1995,9576,659091
Cod,Vestmannaeyjar,1996,8156,577132
Cod,Vestmannaeyjar,1997,8155,595651
Cod,Vestmannaeyjar,1998,9968,832250
Cod,Vestmannaeyjar,1999,11542,1113553
Cod,Vestmannaeyjar,2000,12242,1457566
Cod,Vestmannaeyjar,2001,12937,1703351
Cod,Vestmannaeyjar,2002,10710,1574579
Cod,Vestmannaeyjar,2003,10699,1480018
Cod,Vestmannaeyjar,2004,9891,1469345
Cod,Vestmannaeyjar,2005,7964,1116745
Cod,Vestmannaeyjar,2006,9940,1673042
Cod,Vestmannaeyjar,2007,8113,1639952
Cod,Vestmannaeyjar,2008,8087,2032107
Cod,Vestmannaeyjar,2009,11088,2288258
Cod,Vestmannaeyjar,2010,9087,2442802
Cod,Vestmannaeyjar,2011,10631,2996012
Cod,Vestmannaeyjar,2012,12025,3127856
Cod,Vestmannaeyjar,2013,14071,3063379
Cod,Vestmannaeyjar,2014,12370,2812967
Cod,Vestmannaeyjar,2015,12478,3193696
Cod,Vestmannaeyjar,2016,11553,2686513
Cod,Vestmannaeyjar,2017,11538,2303713
Cod,Vestmannaeyjar,2018,15117,3256300
Cod,Vestmannaeyjar,2019,13700,3637345
Cod,Vestmannaeyjar,2020,15508,4357314
Cod,Vestmannaeyjar,2021,14766,4043604
Cod,Vestmannaeyjar,2022,12525,4463215
Cod,Vestmannaeyjar,2023,13773,4896316
Cod,Vestmannaeyjar,2024,14660,5105530
Cod,Vogar,1982,2509,12059
Cod,Vogar,1983,1520,13578
Cod,Vogar,1984,1746,22532
Cod,Vogar,1985,1480,24282
Cod,Vogar,1986,1582,31448
Cod,Vogar,1987,1903,51966
Cod,Vogar,1988,1476,50708
Cod,Vogar,1989,1605,62836
Cod,Vogar,1990,1638,101439
Cod,Vogar,1991,1610,87647
Cod,Vogar,1992,2022,104881
Cod,Vogar,1993,1854,92295
Cod,Vogar,1994,1825,113441
Cod,Vogar,1995,1817,109023
Cod,Vogar,1996,2722,159885
Cod,Vogar,1997,3070,195365
Cod,Vogar,1998,3290,212518
Cod,Vogar,1999,2718,197225
Cod,Vogar,2000,0,0
Cod,Vogar,2001,2,275
Cod,Vogar,2002,0,0
Cod,Vogar,2003,0,80
Cod,Vogar,2004,3,488
Cod,Vogar,2005,0,0
Cod,Vogar,2006,0,0
Cod,Vogar,2007,0,0
Cod,Vogar,2008,0,0
Cod,Vogar,2009,0,0
Cod,Vogar,2010,0,0
Cod,Vogar,2011,0,0
Cod,Vogar,2012,0,0
Cod,Vogar,2013,0,0
Cod,Vogar,2014,0,0
Cod,Vogar,2015,0,0
Cod,Vogar,2016,0,0
Cod,Vogar,2017,0,0
Cod,Vogar,2018,0,0
Cod,Vogar,2019,0,0
Cod,Vogar,2020,0,0
Cod,Vogar,2021,0,0
Cod,Vogar,2022,0,0
Cod,Vogar,2023,0,0
Cod,Vogar,2024,0,0
Cod,Vopnafjörður,1982,3963,19890
Cod,Vopnafjörður,1983,3579,35235
Cod,Vopnafjörður,1984,3920,47404
Cod,Vopnafjörður,1985,4173,64713
Cod,Vopnafjörður,1986,5248,98817
Cod,Vopnafjörður,1987,5692,123235
Cod,Vopnafjörður,1988,5044,123024
Cod,Vopnafjörður,1989,4307,123635
Cod,Vopnafjörður,1990,4804,215737
Cod,Vopnafjörður,1991,2922,147252
Cod,Vopnafjörður,1992,2499,120340
Cod,Vopnafjörður,1993,2313,108312
Cod,Vopnafjörður,1994,1547,79880
Cod,Vopnafjörður,1995,574,30304
Cod,Vopnafjörður,1996,604,39504
Cod,Vopnafjörður,1997,849,59490
Cod,Vopnafjörður,1998,747,60773
Cod,Vopnafjörður,1999,304,27046
Cod,Vopnafjörður,2000,166,16327
Cod,Vopnafjörður,2001,334,41893
Cod,Vopnafjörður,2002,176,21527
Cod,Vopnafjörður,2003,1530,146509
Cod,Vopnafjörður,2004,1823,177542
Cod,Vopnafjörður,2005,1557,143060
Cod,Vopnafjörður,2006,1201,137657
Cod,Vopnafjörður,2007,332,44548
Cod,Vopnafjörður,2008,155,38035
Cod,Vopnafjörður,2009,176,42939
Cod,Vopnafjörður,2010,173,50506
Cod,Vopnafjörður,2011,335,98875
Cod,Vopnafjörður,2012,309,74729
Cod,Vopnafjörður,2013,719,148446
Cod,Vopnafjörður,2014,511,117253
Cod,Vopnafjörður,2015,903,209887
Cod,Vopnafjörður,2016,626,133224
Cod,Vopnafjörður,2017,427,89925
Cod,Vopnafjörður,2018,449,96216
Cod,Vopnafjörður,2019,576,147341
Cod,Vopnafjörður,2020,3051,931508
Cod,Vopnafjörður,2021,1748,496928
Cod,Vopnafjörður,2022,1449,736587
Cod,Vopnafjörður,2023,395,127189
Cod,Vopnafjörður,2024,708,270680
Cod,Vík í Mýrdal,1982,0,0
Cod,Vík í Mýrdal,1983,0,0
Cod,Vík í Mýrdal,1984,0,0
Cod,Vík í Mýrdal,1985,0,0
Cod,Vík í Mýrdal,1986,0,0
Cod,Vík í Mýrdal,1987,55,1340
Cod,Vík í Mýrdal,1988,103,3342
Cod,Vík í Mýrdal,1989,248,9548
Cod,Vík í Mýrdal,1990,273,16099
Cod,Vík í Mýrdal,1991,28,1967
Cod,Vík í Mýrdal,1992,16,991
Cod,Vík í Mýrdal,1993,0,0
Cod,Vík í Mýrdal,1994,4,180
Cod,Vík í Mýrdal,1995,2,84
Cod,Vík í Mýrdal,1996,0,0
Cod,Vík í Mýrdal,1997,3,225
Cod,Vík í Mýrdal,1998,0,0
Cod,Vík í Mýrdal,1999,0,0
Cod,Vík í Mýrdal,2000,0,0
Cod,Vík í Mýrdal,2001,0,0
Cod,Vík í Mýrdal,2002,0,0
Cod,Vík í Mýrdal,2003,0,0
Cod,Vík í Mýrdal,2004,0,0
Cod,Vík í Mýrdal,2005,0,0
Cod,Vík í Mýrdal,2006,0,0
Cod,Vík í Mýrdal,2007,0,0
Cod,Vík í Mýrdal,2008,0,0
Cod,Vík í Mýrdal,2009,0,0
Cod,Vík í Mýrdal,2010,1,45
Cod,Vík í Mýrdal,2011,0,0
Cod,Vík í Mýrdal,2012,0,0
Cod,Vík í Mýrdal,2013,0,0
Cod,Vík í Mýrdal,2014,0,0
Cod,Vík í Mýrdal,2015,7,2567
Cod,Vík í Mýrdal,2016,0,0
Cod,Vík í Mýrdal,2017,0,0
Cod,Vík í Mýrdal,2018,0,0
Cod,Vík í Mýrdal,2019,0,0
Cod,Vík í Mýrdal,2020,0,0
Cod,Vík í Mýrdal,2021,0,0
Cod,Vík í Mýrdal,2022,0,0
Cod,Vík í Mýrdal,2023,0,0
Cod,Vík í Mýrdal,2024,0,0
Cod,Árskógssandur,1982,2325,11301
Cod,Árskógssandur,1983,1831,15602
Cod,Árskógssandur,1984,1423,17806
Cod,Árskógssandur,1985,2500,39702
Cod,Árskógssandur,1986,3270,63457
Cod,Árskógssandur,1987,3375,85133
Cod,Árskógssandur,1988,3015,95811
Cod,Árskógssandur,1989,2866,102110
Cod,Árskógssandur,1990,3136,173181
Cod,Árskógssandur,1991,2365,154447
Cod,Árskógssandur,1992,2350,153649
Cod,Árskógssandur,1993,2471,146810
Cod,Árskógssandur,1994,2121,137647
Cod,Árskógssandur,1995,2183,154550
Cod,Árskógssandur,1996,2646,182914
Cod,Árskógssandur,1997,3432,238017
Cod,Árskógssandur,1998,3898,301926
Cod,Árskógssandur,1999,4199,365324
Cod,Árskógssandur,2000,1379,119508
Cod,Árskógssandur,2001,1501,140658
Cod,Árskógssandur,2002,721,74411
Cod,Árskógssandur,2003,300,29486
Cod,Árskógssandur,2004,390,36609
Cod,Árskógssandur,2005,906,89146
Cod,Árskógssandur,2006,1123,131163
Cod,Árskógssandur,2007,854,108475
Cod,Árskógssandur,2008,503,88125
Cod,Árskógssandur,2009,659,110833
Cod,Árskógssandur,2010,499,112882
Cod,Árskógssandur,2011,433,97754
Cod,Árskógssandur,2012,408,80489
Cod,Árskógssandur,2013,516,86581
Cod,Árskógssandur,2014,571,119089
Cod,Árskógssandur,2015,469,133991
Cod,Árskógssandur,2016,521,129358
Cod,Árskógssandur,2017,396,90750
Cod,Árskógssandur,2018,310,72289
Cod,Árskógssandur,2019,274,85753
Cod,Árskógssandur,2020,317,104623
Cod,Árskógssandur,2021,525,173399
Cod,Árskógssandur,2022,417,176733
Cod,Árskógssandur,2023,414,183098
Cod,Árskógssandur,2024,393,178628
Cod,Ísafjörður,1982,13527,69280
Cod,Ísafjörður,1983,11770,114491
Cod,Ísafjörður,1984,12218,157172
Cod,Ísafjörður,1985,8826,140043
Cod,Ísafjörður,1986,8886,173318
Cod,Ísafjörður,1987,8626,203931
Cod,Ísafjörður,1988,10000,264177
Cod,Ísafjörður,1989,8844,284778
Cod,Ísafjörður,1990,10395,538158
Cod,Ísafjörður,1991,10713,682081
Cod,Ísafjörður,1992,9015,535031
Cod,Ísafjörður,1993,11105,644491
Cod,Ísafjörður,1994,7192,479840
Cod,Ísafjörður,1995,6511,453276
Cod,Ísafjörður,1996,4371,307342
Cod,Ísafjörður,1997,5378,377833
Cod,Ísafjörður,1998,11471,1001293
Cod,Ísafjörður,1999,11908,1098162
Cod,Ísafjörður,2000,7960,814605
Cod,Ísafjörður,2001,7456,875612
Cod,Ísafjörður,2002,6860,866289
Cod,Ísafjörður,2003,6573,734123
Cod,Ísafjörður,2004,6499,701014
Cod,Ísafjörður,2005,4878,520064
Cod,Ísafjörður,2006,4766,651567
Cod,Ísafjörður,2007,4184,682824
Cod,Ísafjörður,2008,4084,835701
Cod,Ísafjörður,2009,6314,1168381
Cod,Ísafjörður,2010,5772,1375527
Cod,Ísafjörður,2011,5331,1301688
Cod,Ísafjörður,2012,8089,1853806
Cod,Ísafjörður,2013,12620,2304283
Cod,Ísafjörður,2014,11460,2258848
Cod,Ísafjörður,2015,13467,3110748
Cod,Ísafjörður,2016,12217,2542239
Cod,Ísafjörður,2017,13508,2314346
Cod,Ísafjörður,2018,11899,2383772
Cod,Ísafjörður,2019,11417,2646550
Cod,Ísafjörður,2020,11311,2887463
Cod,Ísafjörður,2021,10447,2701684
Cod,Ísafjörður,2022,9145,3189129
Cod,Ísafjörður,2023,7706,2917517
Cod,Ísafjörður,2024,7742,2825553
Cod,Ólafsfjörður,1982,10357,51728
Cod,Ólafsfjörður,1983,8683,79921
Cod,Ólafsfjörður,1984,8055,98032
Cod,Ólafsfjörður,1985,8027,126452
Cod,Ólafsfjörður,1986,9162,199256
Cod,Ólafsfjörður,1987,11426,371693
Cod,Ólafsfjörður,1988,11243,415199
Cod,Ólafsfjörður,1989,8984,421765
Cod,Ólafsfjörður,1990,9932,732458
Cod,Ólafsfjörður,1991,8609,620539
Cod,Ólafsfjörður,1992,7591,564960
Cod,Ólafsfjörður,1993,7627,555888
Cod,Ólafsfjörður,1994,7997,589114
Cod,Ólafsfjörður,1995,7470,544310
Cod,Ólafsfjörður,1996,6397,527465
Cod,Ólafsfjörður,1997,3629,288395
Cod,Ólafsfjörður,1998,3074,265872
Cod,Ólafsfjörður,1999,3563,360451
Cod,Ólafsfjörður,2000,7656,1213727
Cod,Ólafsfjörður,2001,7776,1398085
Cod,Ólafsfjörður,2002,6566,1175560
Cod,Ólafsfjörður,2003,7187,1060675
Cod,Ólafsfjörður,2004,7344,1072529
Cod,Ólafsfjörður,2005,6557,1001090
Cod,Ólafsfjörður,2006,5779,1089979
Cod,Ólafsfjörður,2007,4718,1005347
Cod,Ólafsfjörður,2008,2842,683040
Cod,Ólafsfjörður,2009,4376,1023525
Cod,Ólafsfjörður,2010,4278,1152248
Cod,Ólafsfjörður,2011,2564,703977
Cod,Ólafsfjörður,2012,858,239346
Cod,Ólafsfjörður,2013,415,84575
Cod,Ólafsfjörður,2014,193,53303
Cod,Ólafsfjörður,2015,265,74391
Cod,Ólafsfjörður,2016,401,104001
Cod,Ólafsfjörður,2017,272,63024
Cod,Ólafsfjörður,2018,252,60968
Cod,Ólafsfjörður,2019,208,61487
Cod,Ólafsfjörður,2020,186,66904
Cod,Ólafsfjörður,2021,39,8884
Cod,Ólafsfjörður,2022,193,86288
Cod,Ólafsfjörður,2023,37,12453
Cod,Ólafsfjörður,2024,20,6022
Cod,Ólafsvík,1982,15540,76206
Cod,Ólafsvík,1983,15110,136242
Cod,Ólafsvík,1984,14134,176993
Cod,Ólafsvík,1985,14219,227980
Cod,Ólafsvík,1986,15464,303958
Cod,Ólafsvík,1987,16481,438490
Cod,Ólafsvík,1988,12688,386560
Cod,Ólafsvík,1989,13953,518993
Cod,Ólafsvík,1990,14565,841321
Cod,Ólafsvík,1991,8068,530706
Cod,Ólafsvík,1992,6305,430576
Cod,Ólafsvík,1993,6832,412989
Cod,Ólafsvík,1994,3865,271654
Cod,Ólafsvík,1995,3838,281010
Cod,Ólafsvík,1996,3267,244529
Cod,Ólafsvík,1997,2178,156075
Cod,Ólafsvík,1998,2415,223145
Cod,Ólafsvík,1999,2902,280855
Cod,Ólafsvík,2000,11231,1179041
Cod,Ólafsvík,2001,14437,1889078
Cod,Ólafsvík,2002,11970,1811767
Cod,Ólafsvík,2003,6848,1038838
Cod,Ólafsvík,2004,7528,1044918
Cod,Ólafsvík,2005,7467,969364
Cod,Ólafsvík,2006,6838,1024451
Cod,Ólafsvík,2007,6106,1122890
Cod,Ólafsvík,2008,6762,1447511
Cod,Ólafsvík,2009,7132,1478099
Cod,Ólafsvík,2010,5905,1679180
Cod,Ólafsvík,2011,5401,1638399
Cod,Ólafsvík,2012,5571,1647602
Cod,Ólafsvík,2013,5549,1405280
Cod,Ólafsvík,2014,5740,1513117
Cod,Ólafsvík,2015,6777,1936270
Cod,Ólafsvík,2016,9903,2586656
Cod,Ólafsvík,2017,7938,1785709
Cod,Ólafsvík,2018,9821,2278030
Cod,Ólafsvík,2019,9076,2530409
Cod,Ólafsvík,2020,10570,3172284
Cod,Ólafsvík,2021,7904,2609796
Cod,Ólafsvík,2022,8567,3398305
Cod,Ólafsvík,2023,7225,3117632
Cod,Ólafsvík,2024,7231,3035905
Cod,Þingeyri,1982,3233,16149
Cod,Þingeyri,1983,3610,34872
Cod,Þingeyri,1984,4207,51076
Cod,Þingeyri,1985,3753,60049
Cod,Þingeyri,1986,3962,77091
Cod,Þingeyri,1987,3414,74558
Cod,Þingeyri,1988,3381,86452
Cod,Þingeyri,1989,3464,99737
Cod,Þingeyri,1990,3791,172601
Cod,Þingeyri,1991,2862,134876
Cod,Þingeyri,1992,2360,109934
Cod,Þingeyri,1993,2396,124820
Cod,Þingeyri,1994,2400,184223
Cod,Þingeyri,1995,3073,248574
Cod,Þingeyri,1996,1002,85378
Cod,Þingeyri,1997,327,21248
Cod,Þingeyri,1998,1143,97071
Cod,Þingeyri,1999,604,60005
Cod,Þingeyri,2000,2322,204833
Cod,Þingeyri,2001,2709,247168
Cod,Þingeyri,2002,2622,296040
Cod,Þingeyri,2003,2114,225639
Cod,Þingeyri,2004,1778,189328
Cod,Þingeyri,2005,607,57865
Cod,Þingeyri,2006,402,43742
Cod,Þingeyri,2007,70,10333
Cod,Þingeyri,2008,894,173719
Cod,Þingeyri,2009,952,186823
Cod,Þingeyri,2010,1062,247626
Cod,Þingeyri,2011,1377,341079
Cod,Þingeyri,2012,1287,255894
Cod,Þingeyri,2013,2534,428807
Cod,Þingeyri,2014,902,162383
Cod,Þingeyri,2015,262,71862
Cod,Þingeyri,2016,638,166971
Cod,Þingeyri,2017,536,120081
Cod,Þingeyri,2018,548,113250
Cod,Þingeyri,2019,680,182500
Cod,Þingeyri,2020,506,137407
Cod,Þingeyri,2021,924,289729
Cod,Þingeyri,2022,870,346782
Cod,Þingeyri,2023,870,348555
Cod,Þingeyri,2024,1014,400251
Cod,Þorlákshöfn,1982,13766,62502
Cod,Þorlákshöfn,1983,9287,78442
Cod,Þorlákshöfn,1984,8053,96470
Cod,Þorlákshöfn,1985,9579,150472
Cod,Þorlákshöfn,1986,10737,204407
Cod,Þorlákshöfn,1987,11064,274959
Cod,Þorlákshöfn,1988,8293,268614
Cod,Þorlákshöfn,1989,8448,317026
Cod,Þorlákshöfn,1990,8506,493931
Cod,Þorlákshöfn,1991,6529,420041
Cod,Þorlákshöfn,1992,7636,464325
Cod,Þorlákshöfn,1993,5840,335655
Cod,Þorlákshöfn,1994,4053,242893
Cod,Þorlákshöfn,1995,4040,288963
Cod,Þorlákshöfn,1996,4890,325486
Cod,Þorlákshöfn,1997,3575,237278
Cod,Þorlákshöfn,1998,5035,380790
Cod,Þorlákshöfn,1999,4725,442697
Cod,Þorlákshöfn,2000,8416,814419
Cod,Þorlákshöfn,2001,9448,1095116
Cod,Þorlákshöfn,2002,5307,700016
Cod,Þorlákshöfn,2003,5153,746144
Cod,Þorlákshöfn,2004,5673,785968
Cod,Þorlákshöfn,2005,5604,720090
Cod,Þorlákshöfn,2006,5157,718264
Cod,Þorlákshöfn,2007,4293,760019
Cod,Þorlákshöfn,2008,2832,637293
Cod,Þorlákshöfn,2009,3862,713180
Cod,Þorlákshöfn,2010,3512,928801
Cod,Þorlákshöfn,2011,3880,1032425
Cod,Þorlákshöfn,2012,4014,1018561
Cod,Þorlákshöfn,2013,3561,724800
Cod,Þorlákshöfn,2014,5559,1297552
Cod,Þorlákshöfn,2015,5730,1476685
Cod,Þorlákshöfn,2016,6566,1514844
Cod,Þorlákshöfn,2017,5623,1098463
Cod,Þorlákshöfn,2018,5754,1169812
Cod,Þorlákshöfn,2019,6371,1610709
Cod,Þorlákshöfn,2020,9609,2659972
Cod,Þorlákshöfn,2021,9184,2425351
Cod,Þorlákshöfn,2022,9995,3268514
Cod,Þorlákshöfn,2023,8537,3199291
Cod,Þorlákshöfn,2024,9419,3663599
Cod,Þórshöfn,1982,3694,18677
Cod,Þórshöfn,1983,3804,35108
Cod,Þórshöfn,1984,3270,40376
Cod,Þórshöfn,1985,3575,52839
Cod,Þórshöfn,1986,3527,68400
Cod,Þórshöfn,1987,4668,142788
Cod,Þórshöfn,1988,5170,195181
Cod,Þórshöfn,1989,3764,175814
Cod,Þórshöfn,1990,4109,293876
Cod,Þórshöfn,1991,3058,232872
Cod,Þórshöfn,1992,2459,202504
Cod,Þórshöfn,1993,2442,201531
Cod,Þórshöfn,1994,2795,203659
Cod,Þórshöfn,1995,2075,143673
Cod,Þórshöfn,1996,1501,133365
Cod,Þórshöfn,1997,1012,84303
Cod,Þórshöfn,1998,265,19872
Cod,Þórshöfn,1999,309,28803
Cod,Þórshöfn,2000,1369,147458
Cod,Þórshöfn,2001,1062,120585
Cod,Þórshöfn,2002,889,114531
Cod,Þórshöfn,2003,1276,144659
Cod,Þórshöfn,2004,1265,161572
Cod,Þórshöfn,2005,1161,132489
Cod,Þórshöfn,2006,1041,130927
Cod,Þórshöfn,2007,1382,203732
Cod,Þórshöfn,2008,811,143458
Cod,Þórshöfn,2009,1002,171575
Cod,Þórshöfn,2010,778,173420
Cod,Þórshöfn,2011,815,195667
Cod,Þórshöfn,2012,1409,306424
Cod,Þórshöfn,2013,1891,320559
Cod,Þórshöfn,2014,2003,372466
Cod,Þórshöfn,2015,1563,337059
Cod,Þórshöfn,2016,1507,293084
Cod,Þórshöfn,2017,1026,194992
Cod,Þórshöfn,2018,929,207511
Cod,Þórshöfn,2019,1181,346295
Cod,Þórshöfn,2020,1376,457829
Cod,Þórshöfn,2021,1324,409955
Cod,Þórshöfn,2022,1136,450839
Cod,Þórshöfn,2023,1025,370516
Cod,Þórshöfn,2024,1201,442871
Haddock,Akranes,1982,2171,9303
Haddock,Akranes,1983,2138,16846
Haddock,Akranes,1984,1787,19573
Haddock,Akranes,1985,1252,20773
Haddock,Akranes,1986,1439,31239
Haddock,Akranes,1987,1750,56018
Haddock,Akranes,1988,1354,47672
Haddock,Akranes,1989,783,30704
Haddock,Akranes,1990,1260,86541
Haddock,Akranes,1991,752,54417
Haddock,Akranes,1992,825,62935
Haddock,Akranes,1993,618,48713
Haddock,Akranes,1994,922,65549
Haddock,Akranes,1995,1620,103405
Haddock,Akranes,1996,1193,79543
Haddock,Akranes,1997,1016,69004
Haddock,Akranes,1998,562,50219
Haddock,Akranes,1999,814,92634
Haddock,Akranes,2000,1362,191762
Haddock,Akranes,2001,1204,194817
Haddock,Akranes,2002,2336,330159
Haddock,Akranes,2003,2322,213126
Haddock,Akranes,2004,2442,238850
Haddock,Akranes,2005,2174,215506
Haddock,Akranes,2006,1616,220222
Haddock,Akranes,2007,1061,155642
Haddock,Akranes,2008,753,107247
Haddock,Akranes,2009,703,114152
Haddock,Akranes,2010,341,89269
Haddock,Akranes,2011,235,63009
Haddock,Akranes,2012,196,56667
Haddock,Akranes,2013,199,62543
Haddock,Akranes,2014,133,43101
Haddock,Akranes,2015,216,62279
Haddock,Akranes,2016,153,45249
Haddock,Akranes,2017,95,26469
Haddock,Akranes,2018,97,23793
Haddock,Akranes,2019,152,37816
Haddock,Akranes,2020,113,31558
Haddock,Akranes,2021,51,15476
Haddock,Akranes,2022,60,21778
Haddock,Akranes,2023,77,24289
Haddock,Akranes,2024,37,11297
Haddock,Akureyri,1982,1616,7085
Haddock,Akureyri,1983,730,6223
Haddock,Akureyri,1984,642,7395
Haddock,Akureyri,1985,611,10834
Haddock,Akureyri,1986,811,18689
Haddock,Akureyri,1987,718,22370
Haddock,Akureyri,1988,1454,62845
Haddock,Akureyri,1989,2213,117266
Haddock,Akureyri,1990,3626,329124
Haddock,Akureyri,1991,2087,181207
Haddock,Akureyri,1992,2048,173614
Haddock,Akureyri,1993,3301,266584
Haddock,Akureyri,1994,5648,430795
Haddock,Akureyri,1995,5898,430341
Haddock,Akureyri,1996,4170,317486
Haddock,Akureyri,1997,2369,188771
Haddock,Akureyri,1998,1468,136547
Haddock,Akureyri,1999,1987,228641
Haddock,Akureyri,2000,1579,216467
Haddock,Akureyri,2001,1686,277013
Haddock,Akureyri,2002,2348,319797
Haddock,Akureyri,2003,2290,201605
Haddock,Akureyri,2004,4338,364353
Haddock,Akureyri,2005,4439,348877
Haddock,Akureyri,2006,3913,451060
Haddock,Akureyri,2007,4253,550674
Haddock,Akureyri,2008,3888,613994
Haddock,Akureyri,2009,2396,520340
Haddock,Akureyri,2010,1492,359691
Haddock,Akureyri,2011,1249,289242
Haddock,Akureyri,2012,894,187655
Haddock,Akureyri,2013,736,139487
Haddock,Akureyri,2014,802,180150
Haddock,Akureyri,2015,1148,275573
Haddock,Akureyri,2016,1406,252747
Haddock,Akureyri,2017,686,110231
Haddock,Akureyri,2018,1134,199334
Haddock,Akureyri,2019,1003,186819
Haddock,Akureyri,2020,1348,241928
Haddock,Akureyri,2021,957,188258
Haddock,Akureyri,2022,1252,304929
Haddock,Akureyri,2023,1851,354520
Haddock,Akureyri,2024,2092,346792
Haddock,Arnarstapi,1982,0,0
Haddock,Arnarstapi,1983,0,0
Haddock,Arnarstapi,1984,0,0
Haddock,Arnarstapi,1985,0,0
Haddock,Arnarstapi,1986,0,0
Haddock,Arnarstapi,1987,0,0
Haddock,Arnarstapi,1988,0,0
Haddock,Arnarstapi,1989,0,0
Haddock,Arnarstapi,1990,0,0
Haddock,Arnarstapi,1991,0,0
Haddock,Arnarstapi,1992,0,0
Haddock,Arnarstapi,1993,0,0
Haddock,Arnarstapi,1994,0,0
Haddock,Arnarstapi,1995,0,0
Haddock,Arnarstapi,1996,0,0
Haddock,Arnarstapi,1997,0,0
Haddock,Arnarstapi,1998,0,0
Haddock,Arnarstapi,1999,0,0
Haddock,Arnarstapi,2000,97,14052
Haddock,Arnarstapi,2001,38,6071
Haddock,Arnarstapi,2002,35,5536
Haddock,Arnarstapi,2003,203,18875
Haddock,Arnarstapi,2004,205,17894
Haddock,Arnarstapi,2005,319,29954
Haddock,Arnarstapi,2006,355,49488
Haddock,Arnarstapi,2007,324,46911
Haddock,Arnarstapi,2008,376,59739
Haddock,Arnarstapi,2009,362,85671
Haddock,Arnarstapi,2010,195,50805
Haddock,Arnarstapi,2011,128,38509
Haddock,Arnarstapi,2012,135,44213
Haddock,Arnarstapi,2013,209,66689
Haddock,Arnarstapi,2014,276,81896
Haddock,Arnarstapi,2015,168,49485
Haddock,Arnarstapi,2016,127,35337
Haddock,Arnarstapi,2017,120,34511
Haddock,Arnarstapi,2018,259,67222
Haddock,Arnarstapi,2019,81,21542
Haddock,Arnarstapi,2020,198,60094
Haddock,Arnarstapi,2021,236,79612
Haddock,Arnarstapi,2022,286,105546
Haddock,Arnarstapi,2023,158,47570
Haddock,Arnarstapi,2024,316,87955
Haddock,Bakkafjörður,1982,17,86
Haddock,Bakkafjörður,1983,18,155
Haddock,Bakkafjörður,1984,30,304
Haddock,Bakkafjörður,1985,24,377
Haddock,Bakkafjörður,1986,52,1030
Haddock,Bakkafjörður,1987,46,1095
Haddock,Bakkafjörður,1988,66,2013
Haddock,Bakkafjörður,1989,54,2193
Haddock,Bakkafjörður,1990,93,6161
Haddock,Bakkafjörður,1991,46,2759
Haddock,Bakkafjörður,1992,0,3
Haddock,Bakkafjörður,1993,7,567
Haddock,Bakkafjörður,1994,67,4848
Haddock,Bakkafjörður,1995,101,5903
Haddock,Bakkafjörður,1996,73,3864
Haddock,Bakkafjörður,1997,5,371
Haddock,Bakkafjörður,1998,28,2177
Haddock,Bakkafjörður,1999,63,8235
Haddock,Bakkafjörður,2000,54,7271
Haddock,Bakkafjörður,2001,57,8670
Haddock,Bakkafjörður,2002,35,5505
Haddock,Bakkafjörður,2003,49,5146
Haddock,Bakkafjörður,2004,39,3281
Haddock,Bakkafjörður,2005,212,19743
Haddock,Bakkafjörður,2006,386,50773
Haddock,Bakkafjörður,2007,259,36110
Haddock,Bakkafjörður,2008,235,28714
Haddock,Bakkafjörður,2009,153,24874
Haddock,Bakkafjörður,2010,190,44630
Haddock,Bakkafjörður,2011,156,42796
Haddock,Bakkafjörður,2012,127,34029
Haddock,Bakkafjörður,2013,136,37156
Haddock,Bakkafjörður,2014,101,31718
Haddock,Bakkafjörður,2015,112,31730
Haddock,Bakkafjörður,2016,149,36851
Haddock,Bakkafjörður,2017,171,44449
Haddock,Bakkafjörður,2018,293,79795
Haddock,Bakkafjörður,2019,309,92391
Haddock,Bakkafjörður,2020,123,31477
Haddock,Bakkafjörður,2021,104,36515
Haddock,Bakkafjörður,2022,58,25409
Haddock,Bakkafjörður,2023,313,105052
Haddock,Bakkafjörður,2024,221,76761
Haddock,Blönduós,1982,0,0
Haddock,Blönduós,1983,0,0
Haddock,Blönduós,1984,0,0
Haddock,Blönduós,1985,0,0
Haddock,Blönduós,1986,0,0
Haddock,Blönduós,1987,0,0
Haddock,Blönduós,1988,0,0
Haddock,Blönduós,1989,0,0
Haddock,Blönduós,1990,0,0
Haddock,Blönduós,1991,0,0
Haddock,Blönduós,1992,0,0
Haddock,Blönduós,1993,0,0
Haddock,Blönduós,1994,0,0
Haddock,Blönduós,1995,0,0
Haddock,Blönduós,1996,0,0
Haddock,Blönduós,1997,0,0
Haddock,Blönduós,1998,0,0
Haddock,Blönduós,1999,0,14
Haddock,Blönduós,2000,0,0
Haddock,Blönduós,2001,0,0
Haddock,Blönduós,2002,0,0
Haddock,Blönduós,2003,0,0
Haddock,Blönduós,2004,9,807
Haddock,Blönduós,2005,0,0
Haddock,Blönduós,2006,30,2930
Haddock,Blönduós,2007,47,5922
Haddock,Blönduós,2008,24,1942
Haddock,Blönduós,2009,6,1801
Haddock,Blönduós,2010,35,7785
Haddock,Blönduós,2011,0,0
Haddock,Blönduós,2012,0,0
Haddock,Blönduós,2013,0,0
Haddock,Blönduós,2014,0,0
Haddock,Blönduós,2015,0,0
Haddock,Blönduós,2016,0,0
Haddock,Blönduós,2017,0,0
Haddock,Blönduós,2018,1,331
Haddock,Blönduós,2019,0,0
Haddock,Blönduós,2020,0,0
Haddock,Blönduós,2021,0,0
Haddock,Blönduós,2022,0,0
Haddock,Blönduós,2023,0,0
Haddock,Blönduós,2024,0,0
Haddock,Bolungarvík,1982,978,4296
Haddock,Bolungarvík,1983,861,7301
Haddock,Bolungarvík,1984,428,5109
Haddock,Bolungarvík,1985,431,7592
Haddock,Bolungarvík,1986,313,6831
Haddock,Bolungarvík,1987,425,11237
Haddock,Bolungarvík,1988,396,12464
Haddock,Bolungarvík,1989,445,16716
Haddock,Bolungarvík,1990,649,42169
Haddock,Bolungarvík,1991,764,44250
Haddock,Bolungarvík,1992,747,43522
Haddock,Bolungarvík,1993,649,39571
Haddock,Bolungarvík,1994,992,65686
Haddock,Bolungarvík,1995,723,46295
Haddock,Bolungarvík,1996,604,37484
Haddock,Bolungarvík,1997,865,49323
Haddock,Bolungarvík,1998,558,52391
Haddock,Bolungarvík,1999,796,87484
Haddock,Bolungarvík,2000,1852,250146
Haddock,Bolungarvík,2001,1606,244684
Haddock,Bolungarvík,2002,1667,244612
Haddock,Bolungarvík,2003,1525,141876
Haddock,Bolungarvík,2004,2196,188601
Haddock,Bolungarvík,2005,2780,239532
Haddock,Bolungarvík,2006,2962,358182
Haddock,Bolungarvík,2007,2842,376747
Haddock,Bolungarvík,2008,2984,532068
Haddock,Bolungarvík,2009,2945,630585
Haddock,Bolungarvík,2010,2482,599637
Haddock,Bolungarvík,2011,2908,749851
Haddock,Bolungarvík,2012,3329,973037
Haddock,Bolungarvík,2013,3380,994517
Haddock,Bolungarvík,2014,2413,772582
Haddock,Bolungarvík,2015,2410,694817
Haddock,Bolungarvík,2016,1966,552348
Haddock,Bolungarvík,2017,1904,498146
Haddock,Bolungarvík,2018,2200,494294
Haddock,Bolungarvík,2019,2309,560652
Haddock,Bolungarvík,2020,2531,694445
Haddock,Bolungarvík,2021,2215,746912
Haddock,Bolungarvík,2022,1971,776698
Haddock,Bolungarvík,2023,2353,713343
Haddock,Bolungarvík,2024,2831,745838
Haddock,Borgarfjörður Eystri,1982,161,621
Haddock,Borgarfjörður Eystri,1983,98,805
Haddock,Borgarfjörður Eystri,1984,50,541
Haddock,Borgarfjörður Eystri,1985,19,324
Haddock,Borgarfjörður Eystri,1986,27,570
Haddock,Borgarfjörður Eystri,1987,5,188
Haddock,Borgarfjörður Eystri,1988,17,496
Haddock,Borgarfjörður Eystri,1989,26,957
Haddock,Borgarfjörður Eystri,1990,43,2632
Haddock,Borgarfjörður Eystri,1991,21,1711
Haddock,Borgarfjörður Eystri,1992,34,2531
Haddock,Borgarfjörður Eystri,1993,40,2653
Haddock,Borgarfjörður Eystri,1994,25,2124
Haddock,Borgarfjörður Eystri,1995,69,5000
Haddock,Borgarfjörður Eystri,1996,41,2605
Haddock,Borgarfjörður Eystri,1997,72,4641
Haddock,Borgarfjörður Eystri,1998,24,1581
Haddock,Borgarfjörður Eystri,1999,72,6922
Haddock,Borgarfjörður Eystri,2000,39,4692
Haddock,Borgarfjörður Eystri,2001,37,5447
Haddock,Borgarfjörður Eystri,2002,28,3254
Haddock,Borgarfjörður Eystri,2003,104,7108
Haddock,Borgarfjörður Eystri,2004,112,7393
Haddock,Borgarfjörður Eystri,2005,102,9017
Haddock,Borgarfjörður Eystri,2006,186,20217
Haddock,Borgarfjörður Eystri,2007,164,19288
Haddock,Borgarfjörður Eystri,2008,138,18904
Haddock,Borgarfjörður Eystri,2009,151,30480
Haddock,Borgarfjörður Eystri,2010,149,33766
Haddock,Borgarfjörður Eystri,2011,99,24742
Haddock,Borgarfjörður Eystri,2012,111,31665
Haddock,Borgarfjörður Eystri,2013,99,27778
Haddock,Borgarfjörður Eystri,2014,80,22317
Haddock,Borgarfjörður Eystri,2015,93,23817
Haddock,Borgarfjörður Eystri,2016,105,23869
Haddock,Borgarfjörður Eystri,2017,113,27961
Haddock,Borgarfjörður Eystri,2018,128,30380
Haddock,Borgarfjörður Eystri,2019,115,31662
Haddock,Borgarfjörður Eystri,2020,65,16072
Haddock,Borgarfjörður Eystri,2021,99,33020
Haddock,Borgarfjörður Eystri,2022,141,50093
Haddock,Borgarfjörður Eystri,2023,184,46453
Haddock,Borgarfjörður Eystri,2024,150,42360
Haddock,Borgarnes,1982,0,0
Haddock,Borgarnes,1983,0,0
Haddock,Borgarnes,1984,0,0
Haddock,Borgarnes,1985,0,0
Haddock,Borgarnes,1986,0,0
Haddock,Borgarnes,1987,0,0
Haddock,Borgarnes,1988,19,839
Haddock,Borgarnes,1989,1,48
Haddock,Borgarnes,1990,1,137
Haddock,Borgarnes,1991,155,12810
Haddock,Borgarnes,1992,0,0
Haddock,Borgarnes,1993,0,5
Haddock,Borgarnes,1994,0,0
Haddock,Borgarnes,1995,0,2
Haddock,Borgarnes,1996,0,0
Haddock,Borgarnes,1997,0,0
Haddock,Borgarnes,1998,0,0
Haddock,Borgarnes,1999,0,0
Haddock,Borgarnes,2000,0,0
Haddock,Borgarnes,2001,0,0
Haddock,Borgarnes,2002,0,0
Haddock,Borgarnes,2003,0,0
Haddock,Borgarnes,2004,0,0
Haddock,Borgarnes,2005,0,0
Haddock,Borgarnes,2006,0,0
Haddock,Borgarnes,2007,0,0
Haddock,Borgarnes,2008,0,0
Haddock,Borgarnes,2009,0,0
Haddock,Borgarnes,2010,0,0
Haddock,Borgarnes,2011,0,0
Haddock,Borgarnes,2012,0,0
Haddock,Borgarnes,2013,0,0
Haddock,Borgarnes,2014,0,0
Haddock,Borgarnes,2015,0,0
Haddock,Borgarnes,2016,0,0
Haddock,Borgarnes,2017,0,0
Haddock,Borgarnes,2018,0,0
Haddock,Borgarnes,2019,0,0
Haddock,Borgarnes,2020,0,0
Haddock,Borgarnes,2021,0,0
Haddock,Borgarnes,2022,0,0
Haddock,Borgarnes,2023,0,0
Haddock,Borgarnes,2024,0,0
Haddock,Breiðdalsvík,1982,270,1008
Haddock,Breiðdalsvík,1983,787,6242
Haddock,Breiðdalsvík,1984,516,5734
Haddock,Breiðdalsvík,1985,625,9454
Haddock,Breiðdalsvík,1986,673,14650
Haddock,Breiðdalsvík,1987,581,13511
Haddock,Breiðdalsvík,1988,524,15499
Haddock,Breiðdalsvík,1989,716,33551
Haddock,Breiðdalsvík,1990,1429,113231
Haddock,Breiðdalsvík,1991,424,24634
Haddock,Breiðdalsvík,1992,0,0
Haddock,Breiðdalsvík,1993,0,0
Haddock,Breiðdalsvík,1994,0,0
Haddock,Breiðdalsvík,1995,0,0
Haddock,Breiðdalsvík,1996,19,933
Haddock,Breiðdalsvík,1997,0,0
Haddock,Breiðdalsvík,1998,0,0
Haddock,Breiðdalsvík,1999,161,16905
Haddock,Breiðdalsvík,2000,45,4162
Haddock,Breiðdalsvík,2001,85,10770
Haddock,Breiðdalsvík,2002,147,16328
Haddock,Breiðdalsvík,2003,133,9664
Haddock,Breiðdalsvík,2004,216,11534
Haddock,Breiðdalsvík,2005,103,5626
Haddock,Breiðdalsvík,2006,114,6220
Haddock,Breiðdalsvík,2007,38,2376
Haddock,Breiðdalsvík,2008,8,756
Haddock,Breiðdalsvík,2009,9,2756
Haddock,Breiðdalsvík,2010,58,15039
Haddock,Breiðdalsvík,2011,234,64568
Haddock,Breiðdalsvík,2012,72,21997
Haddock,Breiðdalsvík,2013,81,25027
Haddock,Breiðdalsvík,2014,195,64540
Haddock,Breiðdalsvík,2015,242,67768
Haddock,Breiðdalsvík,2016,254,68623
Haddock,Breiðdalsvík,2017,269,76300
Haddock,Breiðdalsvík,2018,215,56775
Haddock,Breiðdalsvík,2019,196,49200
Haddock,Breiðdalsvík,2020,309,83321
Haddock,Breiðdalsvík,2021,168,46243
Haddock,Breiðdalsvík,2022,144,48603
Haddock,Breiðdalsvík,2023,197,48935
Haddock,Breiðdalsvík,2024,232,46855
Haddock,Brjánslækur,1982,0,0
Haddock,Brjánslækur,1983,0,0
Haddock,Brjánslækur,1984,0,0
Haddock,Brjánslækur,1985,0,0
Haddock,Brjánslækur,1986,0,0
Haddock,Brjánslækur,1987,0,0
Haddock,Brjánslækur,1988,0,0
Haddock,Brjánslækur,1989,13,504
Haddock,Brjánslækur,1990,26,1762
Haddock,Brjánslækur,1991,0,0
Haddock,Brjánslækur,1992,0,0
Haddock,Brjánslækur,1993,0,0
Haddock,Brjánslækur,1994,0,0
Haddock,Brjánslækur,1995,6,363
Haddock,Brjánslækur,1996,0,0
Haddock,Brjánslækur,1997,0,0
Haddock,Brjánslækur,1998,0,0
Haddock,Brjánslækur,1999,0,0
Haddock,Brjánslækur,2000,0,0
Haddock,Brjánslækur,2001,0,4
Haddock,Brjánslækur,2002,0,0
Haddock,Brjánslækur,2003,0,5
Haddock,Brjánslækur,2004,0,0
Haddock,Brjánslækur,2005,0,0
Haddock,Brjánslækur,2006,0,0
Haddock,Brjánslækur,2007,0,0
Haddock,Brjánslækur,2008,0,0
Haddock,Brjánslækur,2009,0,0
Haddock,Brjánslækur,2010,0,0
Haddock,Brjánslækur,2011,2,640
Haddock,Brjánslækur,2012,0,0
Haddock,Brjánslækur,2013,0,0
Haddock,Brjánslækur,2014,0,0
Haddock,Brjánslækur,2015,0,0
Haddock,Brjánslækur,2016,0,0
Haddock,Brjánslækur,2017,0,0
Haddock,Brjánslækur,2018,0,0
Haddock,Brjánslækur,2019,0,0
Haddock,Brjánslækur,2020,0,0
Haddock,Brjánslækur,2021,0,0
Haddock,Brjánslækur,2022,0,0
Haddock,Brjánslækur,2023,0,0
Haddock,Brjánslækur,2024,0,0
Haddock,Bíldudalur,1982,234,931
Haddock,Bíldudalur,1983,192,1543
Haddock,Bíldudalur,1984,83,907
Haddock,Bíldudalur,1985,85,1409
Haddock,Bíldudalur,1986,186,4200
Haddock,Bíldudalur,1987,129,3569
Haddock,Bíldudalur,1988,194,5992
Haddock,Bíldudalur,1989,197,7248
Haddock,Bíldudalur,1990,277,17737
Haddock,Bíldudalur,1991,195,11309
Haddock,Bíldudalur,1992,140,7243
Haddock,Bíldudalur,1993,36,2030
Haddock,Bíldudalur,1994,3,204
Haddock,Bíldudalur,1995,3,290
Haddock,Bíldudalur,1996,7,458
Haddock,Bíldudalur,1997,32,2496
Haddock,Bíldudalur,1998,14,1149
Haddock,Bíldudalur,1999,38,4543
Haddock,Bíldudalur,2000,22,2495
Haddock,Bíldudalur,2001,268,37293
Haddock,Bíldudalur,2002,605,77033
Haddock,Bíldudalur,2003,106,9294
Haddock,Bíldudalur,2004,225,18117
Haddock,Bíldudalur,2005,254,15939
Haddock,Bíldudalur,2006,129,13168
Haddock,Bíldudalur,2007,265,31362
Haddock,Bíldudalur,2008,557,75445
Haddock,Bíldudalur,2009,358,55296
Haddock,Bíldudalur,2010,56,9453
Haddock,Bíldudalur,2011,62,12284
Haddock,Bíldudalur,2012,60,12699
Haddock,Bíldudalur,2013,2,439
Haddock,Bíldudalur,2014,5,1114
Haddock,Bíldudalur,2015,0,76
Haddock,Bíldudalur,2016,7,1897
Haddock,Bíldudalur,2017,51,16644
Haddock,Bíldudalur,2018,23,5865
Haddock,Bíldudalur,2019,9,2844
Haddock,Bíldudalur,2020,6,1662
Haddock,Bíldudalur,2021,2,423
Haddock,Bíldudalur,2022,7,2486
Haddock,Bíldudalur,2023,2,778
Haddock,Bíldudalur,2024,6,3151
Haddock,Búðardalur,1982,0,0
Haddock,Búðardalur,1983,0,0
Haddock,Búðardalur,1984,0,0
Haddock,Búðardalur,1985,0,0
Haddock,Búðardalur,1986,0,0
Haddock,Búðardalur,1987,0,0
Haddock,Búðardalur,1988,0,0
Haddock,Búðardalur,1989,0,0
Haddock,Búðardalur,1990,0,0
Haddock,Búðardalur,1991,0,0
Haddock,Búðardalur,1992,0,0
Haddock,Búðardalur,1993,0,0
Haddock,Búðardalur,1994,0,0
Haddock,Búðardalur,1995,0,0
Haddock,Búðardalur,1996,0,0
Haddock,Búðardalur,1997,0,0
Haddock,Búðardalur,1998,0,0
Haddock,Búðardalur,1999,0,0
Haddock,Búðardalur,2000,0,0
Haddock,Búðardalur,2001,0,0
Haddock,Búðardalur,2002,0,0
Haddock,Búðardalur,2003,0,0
Haddock,Búðardalur,2004,0,0
Haddock,Búðardalur,2005,0,0
Haddock,Búðardalur,2006,0,0
Haddock,Búðardalur,2007,0,0
Haddock,Búðardalur,2008,0,0
Haddock,Búðardalur,2009,0,0
Haddock,Búðardalur,2010,0,0
Haddock,Búðardalur,2011,0,0
Haddock,Búðardalur,2012,0,0
Haddock,Búðardalur,2013,0,0
Haddock,Búðardalur,2014,0,0
Haddock,Búðardalur,2015,0,0
Haddock,Búðardalur,2016,0,0
Haddock,Búðardalur,2017,0,0
Haddock,Búðardalur,2018,0,0
Haddock,Búðardalur,2019,0,0
Haddock,Búðardalur,2020,0,0
Haddock,Búðardalur,2021,0,0
Haddock,Búðardalur,2022,0,0
Haddock,Búðardalur,2023,0,0
Haddock,Búðardalur,2024,0,0
Haddock,Dalvík,1982,939,3803
Haddock,Dalvík,1983,308,2411
Haddock,Dalvík,1984,279,3136
Haddock,Dalvík,1985,237,4006
Haddock,Dalvík,1986,207,4294
Haddock,Dalvík,1987,194,5061
Haddock,Dalvík,1988,438,11030
Haddock,Dalvík,1989,926,32730
Haddock,Dalvík,1990,1441,86106
Haddock,Dalvík,1991,801,65427
Haddock,Dalvík,1992,950,76619
Haddock,Dalvík,1993,770,56192
Haddock,Dalvík,1994,1085,83034
Haddock,Dalvík,1995,504,34466
Haddock,Dalvík,1996,1036,62789
Haddock,Dalvík,1997,1612,101289
Haddock,Dalvík,1998,1121,96000
Haddock,Dalvík,1999,1412,134631
Haddock,Dalvík,2000,732,83554
Haddock,Dalvík,2001,488,61173
Haddock,Dalvík,2002,593,81083
Haddock,Dalvík,2003,1028,79487
Haddock,Dalvík,2004,1129,78969
Haddock,Dalvík,2005,1995,157256
Haddock,Dalvík,2006,1827,179628
Haddock,Dalvík,2007,2425,250003
Haddock,Dalvík,2008,1290,162556
Haddock,Dalvík,2009,1164,216244
Haddock,Dalvík,2010,1307,291054
Haddock,Dalvík,2011,1022,226387
Haddock,Dalvík,2012,666,142097
Haddock,Dalvík,2013,1211,269666
Haddock,Dalvík,2014,1386,329527
Haddock,Dalvík,2015,1200,271648
Haddock,Dalvík,2016,1440,268240
Haddock,Dalvík,2017,1218,220467
Haddock,Dalvík,2018,2004,358330
Haddock,Dalvík,2019,1366,263739
Haddock,Dalvík,2020,1591,340897
Haddock,Dalvík,2021,1231,268804
Haddock,Dalvík,2022,1243,314124
Haddock,Dalvík,2023,2209,451639
Haddock,Dalvík,2024,2155,437407
Haddock,Djúpivogur,1982,801,3157
Haddock,Djúpivogur,1983,675,5625
Haddock,Djúpivogur,1984,537,5894
Haddock,Djúpivogur,1985,529,8493
Haddock,Djúpivogur,1986,399,8627
Haddock,Djúpivogur,1987,304,7785
Haddock,Djúpivogur,1988,306,8859
Haddock,Djúpivogur,1989,191,7043
Haddock,Djúpivogur,1990,353,23313
Haddock,Djúpivogur,1991,360,20219
Haddock,Djúpivogur,1992,371,18652
Haddock,Djúpivogur,1993,415,18449
Haddock,Djúpivogur,1994,568,28398
Haddock,Djúpivogur,1995,709,38750
Haddock,Djúpivogur,1996,1087,57923
Haddock,Djúpivogur,1997,578,35925
Haddock,Djúpivogur,1998,448,46313
Haddock,Djúpivogur,1999,7,790
Haddock,Djúpivogur,2000,724,98851
Haddock,Djúpivogur,2001,346,57024
Haddock,Djúpivogur,2002,501,64328
Haddock,Djúpivogur,2003,749,68061
Haddock,Djúpivogur,2004,874,50931
Haddock,Djúpivogur,2005,2711,177036
Haddock,Djúpivogur,2006,3400,270425
Haddock,Djúpivogur,2007,4065,348553
Haddock,Djúpivogur,2008,2207,236474
Haddock,Djúpivogur,2009,1891,275023
Haddock,Djúpivogur,2010,1799,330165
Haddock,Djúpivogur,2011,1246,240003
Haddock,Djúpivogur,2012,1330,274540
Haddock,Djúpivogur,2013,966,218007
Haddock,Djúpivogur,2014,792,220914
Haddock,Djúpivogur,2015,371,97653
Haddock,Djúpivogur,2016,361,91884
Haddock,Djúpivogur,2017,426,87934
Haddock,Djúpivogur,2018,798,158524
Haddock,Djúpivogur,2019,827,167954
Haddock,Djúpivogur,2020,1052,221796
Haddock,Djúpivogur,2021,433,125717
Haddock,Djúpivogur,2022,351,129300
Haddock,Djúpivogur,2023,988,255229
Haddock,Djúpivogur,2024,1267,246580
Haddock,Domeniska lýðveldið,1982,0,0
Haddock,Domeniska lýðveldið,1983,0,0
Haddock,Domeniska lýðveldið,1984,0,0
Haddock,Domeniska lýðveldið,1985,0,0
Haddock,Domeniska lýðveldið,1986,0,0
Haddock,Domeniska lýðveldið,1987,0,0
Haddock,Domeniska lýðveldið,1988,0,0
Haddock,Domeniska lýðveldið,1989,0,0
Haddock,Domeniska lýðveldið,1990,0,0
Haddock,Domeniska lýðveldið,1991,0,0
Haddock,Domeniska lýðveldið,1992,0,0
Haddock,Domeniska lýðveldið,1993,0,0
Haddock,Domeniska lýðveldið,1994,0,0
Haddock,Domeniska lýðveldið,1995,0,0
Haddock,Domeniska lýðveldið,1996,0,0
Haddock,Domeniska lýðveldið,1997,0,0
Haddock,Domeniska lýðveldið,1998,0,0
Haddock,Domeniska lýðveldið,1999,0,0
Haddock,Domeniska lýðveldið,2000,0,0
Haddock,Domeniska lýðveldið,2001,0,0
Haddock,Domeniska lýðveldið,2002,0,0
Haddock,Domeniska lýðveldið,2003,0,0
Haddock,Domeniska lýðveldið,2004,0,0
Haddock,Domeniska lýðveldið,2005,0,0
Haddock,Domeniska lýðveldið,2006,0,0
Haddock,Domeniska lýðveldið,2007,0,0
Haddock,Domeniska lýðveldið,2008,0,0
Haddock,Domeniska lýðveldið,2009,0,0
Haddock,Domeniska lýðveldið,2010,0,0
Haddock,Domeniska lýðveldið,2011,0,0
Haddock,Domeniska lýðveldið,2012,0,0
Haddock,Domeniska lýðveldið,2013,0,0
Haddock,Domeniska lýðveldið,2014,0,0
Haddock,Domeniska lýðveldið,2015,0,0
Haddock,Domeniska lýðveldið,2016,0,0
Haddock,Domeniska lýðveldið,2017,0,0
Haddock,Domeniska lýðveldið,2018,0,0
Haddock,Domeniska lýðveldið,2019,0,0
Haddock,Domeniska lýðveldið,2020,0,0
Haddock,Domeniska lýðveldið,2021,0,0
Haddock,Domeniska lýðveldið,2022,0,0
Haddock,Domeniska lýðveldið,2023,0,0
Haddock,Domeniska lýðveldið,2024,0,0
Haddock,Drangsnes,1982,1,5
Haddock,Drangsnes,1983,0,0
Haddock,Drangsnes,1984,0,0
Haddock,Drangsnes,1985,0,0
Haddock,Drangsnes,1986,0,0
Haddock,Drangsnes,1987,0,2
Haddock,Drangsnes,1988,6,184
Haddock,Drangsnes,1989,1,46
Haddock,Drangsnes,1990,2,157
Haddock,Drangsnes,1991,15,945
Haddock,Drangsnes,1992,8,357
Haddock,Drangsnes,1993,2,148
Haddock,Drangsnes,1994,9,585
Haddock,Drangsnes,1995,0,0
Haddock,Drangsnes,1996,0,11
Haddock,Drangsnes,1997,0,0
Haddock,Drangsnes,1998,8,694
Haddock,Drangsnes,1999,11,933
Haddock,Drangsnes,2000,122,17261
Haddock,Drangsnes,2001,268,46932
Haddock,Drangsnes,2002,362,60991
Haddock,Drangsnes,2003,503,57786
Haddock,Drangsnes,2004,803,86030
Haddock,Drangsnes,2005,811,86358
Haddock,Drangsnes,2006,844,125823
Haddock,Drangsnes,2007,717,110901
Haddock,Drangsnes,2008,741,122222
Haddock,Drangsnes,2009,460,107259
Haddock,Drangsnes,2010,492,131567
Haddock,Drangsnes,2011,344,92210
Haddock,Drangsnes,2012,359,101062
Haddock,Drangsnes,2013,327,85959
Haddock,Drangsnes,2014,313,92057
Haddock,Drangsnes,2015,320,89736
Haddock,Drangsnes,2016,269,64892
Haddock,Drangsnes,2017,243,57539
Haddock,Drangsnes,2018,343,72006
Haddock,Drangsnes,2019,494,109252
Haddock,Drangsnes,2020,635,150880
Haddock,Drangsnes,2021,434,125063
Haddock,Drangsnes,2022,411,148123
Haddock,Drangsnes,2023,414,113824
Haddock,Drangsnes,2024,474,128089
Haddock,Egilsstaðir,1982,0,0
Haddock,Egilsstaðir,1983,0,0
Haddock,Egilsstaðir,1984,0,0
Haddock,Egilsstaðir,1985,0,0
Haddock,Egilsstaðir,1986,0,0
Haddock,Egilsstaðir,1987,0,0
Haddock,Egilsstaðir,1988,0,0
Haddock,Egilsstaðir,1989,0,0
Haddock,Egilsstaðir,1990,0,0
Haddock,Egilsstaðir,1991,0,0
Haddock,Egilsstaðir,1992,0,0
Haddock,Egilsstaðir,1993,0,0
Haddock,Egilsstaðir,1994,0,0
Haddock,Egilsstaðir,1995,0,0
Haddock,Egilsstaðir,1996,0,0
Haddock,Egilsstaðir,1997,0,0
Haddock,Egilsstaðir,1998,0,0
Haddock,Egilsstaðir,1999,0,37
Haddock,Egilsstaðir,2000,0,0
Haddock,Egilsstaðir,2001,0,0
Haddock,Egilsstaðir,2002,0,0
Haddock,Egilsstaðir,2003,0,0
Haddock,Egilsstaðir,2004,0,0
Haddock,Egilsstaðir,2005,0,0
Haddock,Egilsstaðir,2006,0,0
Haddock,Egilsstaðir,2007,0,0
Haddock,Egilsstaðir,2008,0,0
Haddock,Egilsstaðir,2009,0,0
Haddock,Egilsstaðir,2010,0,0
Haddock,Egilsstaðir,2011,0,0
Haddock,Egilsstaðir,2012,0,0
Haddock,Egilsstaðir,2013,0,0
Haddock,Egilsstaðir,2014,0,0
Haddock,Egilsstaðir,2015,0,0
Haddock,Egilsstaðir,2016,0,0
Haddock,Egilsstaðir,2017,0,0
Haddock,Egilsstaðir,2018,0,0
Haddock,Egilsstaðir,2019,0,0
Haddock,Egilsstaðir,2020,0,0
Haddock,Egilsstaðir,2021,0,0
Haddock,Egilsstaðir,2022,0,0
Haddock,Egilsstaðir,2023,0,0
Haddock,Egilsstaðir,2024,0,0
Haddock,Eskifjörður,1982,1434,5361
Haddock,Eskifjörður,1983,959,7777
Haddock,Eskifjörður,1984,481,5056
Haddock,Eskifjörður,1985,628,9867
Haddock,Eskifjörður,1986,513,10764
Haddock,Eskifjörður,1987,304,7428
Haddock,Eskifjörður,1988,520,14023
Haddock,Eskifjörður,1989,515,17183
Haddock,Eskifjörður,1990,900,54416
Haddock,Eskifjörður,1991,543,33491
Haddock,Eskifjörður,1992,558,35404
Haddock,Eskifjörður,1993,398,23394
Haddock,Eskifjörður,1994,502,31999
Haddock,Eskifjörður,1995,471,29064
Haddock,Eskifjörður,1996,412,25277
Haddock,Eskifjörður,1997,249,16414
Haddock,Eskifjörður,1998,298,19884
Haddock,Eskifjörður,1999,387,28367
Haddock,Eskifjörður,2000,485,41505
Haddock,Eskifjörður,2001,474,40698
Haddock,Eskifjörður,2002,387,35819
Haddock,Eskifjörður,2003,422,38472
Haddock,Eskifjörður,2004,1342,112888
Haddock,Eskifjörður,2005,1592,127816
Haddock,Eskifjörður,2006,1532,133574
Haddock,Eskifjörður,2007,2363,237839
Haddock,Eskifjörður,2008,4470,728909
Haddock,Eskifjörður,2009,1396,286967
Haddock,Eskifjörður,2010,447,109871
Haddock,Eskifjörður,2011,293,75883
Haddock,Eskifjörður,2012,588,147333
Haddock,Eskifjörður,2013,420,111544
Haddock,Eskifjörður,2014,400,110802
Haddock,Eskifjörður,2015,399,107239
Haddock,Eskifjörður,2016,567,131091
Haddock,Eskifjörður,2017,187,40697
Haddock,Eskifjörður,2018,763,178177
Haddock,Eskifjörður,2019,592,141229
Haddock,Eskifjörður,2020,597,116436
Haddock,Eskifjörður,2021,157,45028
Haddock,Eskifjörður,2022,424,108589
Haddock,Eskifjörður,2023,362,73072
Haddock,Eskifjörður,2024,370,73157
Haddock,Eyrarbakki,1982,1283,5436
Haddock,Eyrarbakki,1983,1476,10537
Haddock,Eyrarbakki,1984,898,8998
Haddock,Eyrarbakki,1985,484,7175
Haddock,Eyrarbakki,1986,134,2833
Haddock,Eyrarbakki,1987,68,2646
Haddock,Eyrarbakki,1988,161,5807
Haddock,Eyrarbakki,1989,410,18919
Haddock,Eyrarbakki,1990,703,57342
Haddock,Eyrarbakki,1991,256,19306
Haddock,Eyrarbakki,1992,20,1738
Haddock,Eyrarbakki,1993,3,214
Haddock,Eyrarbakki,1994,759,37240
Haddock,Eyrarbakki,1995,463,20391
Haddock,Eyrarbakki,1996,481,21888
Haddock,Eyrarbakki,1997,355,19260
Haddock,Eyrarbakki,1998,100,10086
Haddock,Eyrarbakki,1999,78,9358
Haddock,Eyrarbakki,2000,0,0
Haddock,Eyrarbakki,2001,0,0
Haddock,Eyrarbakki,2002,0,0
Haddock,Eyrarbakki,2003,0,0
Haddock,Eyrarbakki,2004,0,0
Haddock,Eyrarbakki,2005,0,0
Haddock,Eyrarbakki,2006,0,0
Haddock,Eyrarbakki,2007,0,0
Haddock,Eyrarbakki,2008,0,0
Haddock,Eyrarbakki,2009,0,0
Haddock,Eyrarbakki,2010,0,0
Haddock,Eyrarbakki,2011,0,0
Haddock,Eyrarbakki,2012,0,0
Haddock,Eyrarbakki,2013,0,0
Haddock,Eyrarbakki,2014,0,0
Haddock,Eyrarbakki,2015,0,0
Haddock,Eyrarbakki,2016,0,0
Haddock,Eyrarbakki,2017,0,0
Haddock,Eyrarbakki,2018,0,0
Haddock,Eyrarbakki,2019,0,0
Haddock,Eyrarbakki,2020,0,0
Haddock,Eyrarbakki,2021,0,0
Haddock,Eyrarbakki,2022,0,0
Haddock,Eyrarbakki,2023,0,0
Haddock,Eyrarbakki,2024,0,0
Haddock,Flatey á Breiðafirði,1982,0,0
Haddock,Flatey á Breiðafirði,1983,0,0
Haddock,Flatey á Breiðafirði,1984,0,0
Haddock,Flatey á Breiðafirði,1985,0,0
Haddock,Flatey á Breiðafirði,1986,0,0
Haddock,Flatey á Breiðafirði,1987,0,0
Haddock,Flatey á Breiðafirði,1988,0,0
Haddock,Flatey á Breiðafirði,1989,0,0
Haddock,Flatey á Breiðafirði,1990,0,0
Haddock,Flatey á Breiðafirði,1991,0,0
Haddock,Flatey á Breiðafirði,1992,0,0
Haddock,Flatey á Breiðafirði,1993,0,0
Haddock,Flatey á Breiðafirði,1994,0,0
Haddock,Flatey á Breiðafirði,1995,0,0
Haddock,Flatey á Breiðafirði,1996,0,0
Haddock,Flatey á Breiðafirði,1997,0,0
Haddock,Flatey á Breiðafirði,1998,0,0
Haddock,Flatey á Breiðafirði,1999,0,0
Haddock,Flatey á Breiðafirði,2000,0,0
Haddock,Flatey á Breiðafirði,2001,0,0
Haddock,Flatey á Breiðafirði,2002,0,0
Haddock,Flatey á Breiðafirði,2003,0,0
Haddock,Flatey á Breiðafirði,2004,0,0
Haddock,Flatey á Breiðafirði,2005,0,0
Haddock,Flatey á Breiðafirði,2006,0,0
Haddock,Flatey á Breiðafirði,2007,0,0
Haddock,Flatey á Breiðafirði,2008,0,0
Haddock,Flatey á Breiðafirði,2009,0,0
Haddock,Flatey á Breiðafirði,2010,0,0
Haddock,Flatey á Breiðafirði,2011,0,0
Haddock,Flatey á Breiðafirði,2012,0,0
Haddock,Flatey á Breiðafirði,2013,0,0
Haddock,Flatey á Breiðafirði,2014,0,0
Haddock,Flatey á Breiðafirði,2015,0,0
Haddock,Flatey á Breiðafirði,2016,0,0
Haddock,Flatey á Breiðafirði,2017,0,0
Haddock,Flatey á Breiðafirði,2018,0,0
Haddock,Flatey á Breiðafirði,2019,0,0
Haddock,Flatey á Breiðafirði,2020,0,0
Haddock,Flatey á Breiðafirði,2021,0,0
Haddock,Flatey á Breiðafirði,2022,0,0
Haddock,Flatey á Breiðafirði,2023,0,0
Haddock,Flatey á Breiðafirði,2024,0,0
Haddock,Flateyri,1982,316,1397
Haddock,Flateyri,1983,225,2031
Haddock,Flateyri,1984,138,1633
Haddock,Flateyri,1985,162,2981
Haddock,Flateyri,1986,152,3532
Haddock,Flateyri,1987,103,3023
Haddock,Flateyri,1988,162,5297
Haddock,Flateyri,1989,193,8054
Haddock,Flateyri,1990,295,20943
Haddock,Flateyri,1991,271,14098
Haddock,Flateyri,1992,312,16353
Haddock,Flateyri,1993,296,18802
Haddock,Flateyri,1994,557,39422
Haddock,Flateyri,1995,525,33423
Haddock,Flateyri,1996,713,43538
Haddock,Flateyri,1997,277,17153
Haddock,Flateyri,1998,76,6535
Haddock,Flateyri,1999,116,11258
Haddock,Flateyri,2000,381,48323
Haddock,Flateyri,2001,537,72419
Haddock,Flateyri,2002,531,67687
Haddock,Flateyri,2003,849,65605
Haddock,Flateyri,2004,1282,91990
Haddock,Flateyri,2005,1389,95465
Haddock,Flateyri,2006,1743,150545
Haddock,Flateyri,2007,994,100974
Haddock,Flateyri,2008,272,35836
Haddock,Flateyri,2009,147,24615
Haddock,Flateyri,2010,101,23567
Haddock,Flateyri,2011,136,30821
Haddock,Flateyri,2012,230,52551
Haddock,Flateyri,2013,227,56054
Haddock,Flateyri,2014,215,63400
Haddock,Flateyri,2015,226,61401
Haddock,Flateyri,2016,133,36163
Haddock,Flateyri,2017,95,20785
Haddock,Flateyri,2018,196,40920
Haddock,Flateyri,2019,81,20114
Haddock,Flateyri,2020,41,8772
Haddock,Flateyri,2021,95,22460
Haddock,Flateyri,2022,51,13478
Haddock,Flateyri,2023,14,4364
Haddock,Flateyri,2024,12,2370
Haddock,Fáskrúðsfjörður,1982,1567,6047
Haddock,Fáskrúðsfjörður,1983,1469,12100
Haddock,Fáskrúðsfjörður,1984,747,8055
Haddock,Fáskrúðsfjörður,1985,1313,21167
Haddock,Fáskrúðsfjörður,1986,1015,22314
Haddock,Fáskrúðsfjörður,1987,604,15070
Haddock,Fáskrúðsfjörður,1988,729,20787
Haddock,Fáskrúðsfjörður,1989,1185,40291
Haddock,Fáskrúðsfjörður,1990,2315,138874
Haddock,Fáskrúðsfjörður,1991,942,58172
Haddock,Fáskrúðsfjörður,1992,787,50682
Haddock,Fáskrúðsfjörður,1993,773,48300
Haddock,Fáskrúðsfjörður,1994,1232,78276
Haddock,Fáskrúðsfjörður,1995,1083,67071
Haddock,Fáskrúðsfjörður,1996,1014,61088
Haddock,Fáskrúðsfjörður,1997,609,37401
Haddock,Fáskrúðsfjörður,1998,731,48319
Haddock,Fáskrúðsfjörður,1999,617,43332
Haddock,Fáskrúðsfjörður,2000,417,32442
Haddock,Fáskrúðsfjörður,2001,566,48599
Haddock,Fáskrúðsfjörður,2002,875,78299
Haddock,Fáskrúðsfjörður,2003,1093,86351
Haddock,Fáskrúðsfjörður,2004,1137,71124
Haddock,Fáskrúðsfjörður,2005,1088,67371
Haddock,Fáskrúðsfjörður,2006,720,54941
Haddock,Fáskrúðsfjörður,2007,356,28398
Haddock,Fáskrúðsfjörður,2008,597,48652
Haddock,Fáskrúðsfjörður,2009,824,70063
Haddock,Fáskrúðsfjörður,2010,703,112244
Haddock,Fáskrúðsfjörður,2011,425,65858
Haddock,Fáskrúðsfjörður,2012,444,75447
Haddock,Fáskrúðsfjörður,2013,466,86937
Haddock,Fáskrúðsfjörður,2014,294,61955
Haddock,Fáskrúðsfjörður,2015,389,97989
Haddock,Fáskrúðsfjörður,2016,351,79149
Haddock,Fáskrúðsfjörður,2017,345,62197
Haddock,Fáskrúðsfjörður,2018,826,146398
Haddock,Fáskrúðsfjörður,2019,394,74564
Haddock,Fáskrúðsfjörður,2020,610,135338
Haddock,Fáskrúðsfjörður,2021,718,173531
Haddock,Fáskrúðsfjörður,2022,703,178761
Haddock,Fáskrúðsfjörður,2023,1144,217201
Haddock,Fáskrúðsfjörður,2024,968,154282
Haddock,Garðabær,1982,0,0
Haddock,Garðabær,1983,0,0
Haddock,Garðabær,1984,0,0
Haddock,Garðabær,1985,0,0
Haddock,Garðabær,1986,0,0
Haddock,Garðabær,1987,0,0
Haddock,Garðabær,1988,0,0
Haddock,Garðabær,1989,0,0
Haddock,Garðabær,1990,0,0
Haddock,Garðabær,1991,0,0
Haddock,Garðabær,1992,0,0
Haddock,Garðabær,1993,8,757
Haddock,Garðabær,1994,197,19423
Haddock,Garðabær,1995,72,6555
Haddock,Garðabær,1996,0,0
Haddock,Garðabær,1997,0,0
Haddock,Garðabær,1998,0,0
Haddock,Garðabær,1999,0,0
Haddock,Garðabær,2000,0,0
Haddock,Garðabær,2001,0,0
Haddock,Garðabær,2002,0,0
Haddock,Garðabær,2003,0,0
Haddock,Garðabær,2004,0,0
Haddock,Garðabær,2005,0,0
Haddock,Garðabær,2006,0,0
Haddock,Garðabær,2007,0,0
Haddock,Garðabær,2008,0,0
Haddock,Garðabær,2009,0,0
Haddock,Garðabær,2010,0,0
Haddock,Garðabær,2011,0,0
Haddock,Garðabær,2012,0,0
Haddock,Garðabær,2013,0,0
Haddock,Garðabær,2014,0,0
Haddock,Garðabær,2015,0,0
Haddock,Garðabær,2016,0,0
Haddock,Garðabær,2017,0,0
Haddock,Garðabær,2018,0,0
Haddock,Garðabær,2019,0,0
Haddock,Garðabær,2020,0,0
Haddock,Garðabær,2021,0,0
Haddock,Garðabær,2022,0,0
Haddock,Garðabær,2023,0,0
Haddock,Garðabær,2024,0,0
Haddock,Garður,1982,2415,9892
Haddock,Garður,1983,1880,13989
Haddock,Garður,1984,1558,17365
Haddock,Garður,1985,1474,25437
Haddock,Garður,1986,1430,30893
Haddock,Garður,1987,955,28547
Haddock,Garður,1988,802,32078
Haddock,Garður,1989,1040,47811
Haddock,Garður,1990,1862,151793
Haddock,Garður,1991,1141,84177
Haddock,Garður,1992,646,48153
Haddock,Garður,1993,702,43933
Haddock,Garður,1994,1117,75740
Haddock,Garður,1995,805,53605
Haddock,Garður,1996,756,54115
Haddock,Garður,1997,765,58467
Haddock,Garður,1998,388,41383
Haddock,Garður,1999,711,74107
Haddock,Garður,2000,0,0
Haddock,Garður,2001,0,0
Haddock,Garður,2002,0,0
Haddock,Garður,2003,0,0
Haddock,Garður,2004,0,0
Haddock,Garður,2005,0,0
Haddock,Garður,2006,0,0
Haddock,Garður,2007,0,0
Haddock,Garður,2008,0,0
Haddock,Garður,2009,0,0
Haddock,Garður,2010,0,0
Haddock,Garður,2011,0,0
Haddock,Garður,2012,0,0
Haddock,Garður,2013,0,0
Haddock,Garður,2014,0,0
Haddock,Garður,2015,0,0
Haddock,Garður,2016,0,0
Haddock,Garður,2017,0,0
Haddock,Garður,2018,0,0
Haddock,Garður,2019,0,0
Haddock,Garður,2020,0,0
Haddock,Garður,2021,0,0
Haddock,Garður,2022,0,0
Haddock,Garður,2023,0,0
Haddock,Garður,2024,0,0
Haddock,Grindavík,1982,3020,12033
Haddock,Grindavík,1983,3554,26314
Haddock,Grindavík,1984,3362,36085
Haddock,Grindavík,1985,5041,80084
Haddock,Grindavík,1986,3035,62715
Haddock,Grindavík,1987,1558,40069
Haddock,Grindavík,1988,1514,55549
Haddock,Grindavík,1989,1114,50456
Haddock,Grindavík,1990,2121,167645
Haddock,Grindavík,1991,1487,136988
Haddock,Grindavík,1992,1628,143585
Haddock,Grindavík,1993,762,57402
Haddock,Grindavík,1994,543,48604
Haddock,Grindavík,1995,678,57950
Haddock,Grindavík,1996,740,65954
Haddock,Grindavík,1997,317,29296
Haddock,Grindavík,1998,610,78326
Haddock,Grindavík,1999,573,85865
Haddock,Grindavík,2000,5412,788202
Haddock,Grindavík,2001,5378,912773
Haddock,Grindavík,2002,5540,900310
Haddock,Grindavík,2003,6773,724707
Haddock,Grindavík,2004,8495,789570
Haddock,Grindavík,2005,8309,764967
Haddock,Grindavík,2006,8104,887729
Haddock,Grindavík,2007,9221,1291164
Haddock,Grindavík,2008,7507,1008904
Haddock,Grindavík,2009,5383,965628
Haddock,Grindavík,2010,5658,1281427
Haddock,Grindavík,2011,3857,827990
Haddock,Grindavík,2012,3778,887965
Haddock,Grindavík,2013,4323,1110856
Haddock,Grindavík,2014,3520,1010167
Haddock,Grindavík,2015,4122,1162843
Haddock,Grindavík,2016,3445,761600
Haddock,Grindavík,2017,3602,716339
Haddock,Grindavík,2018,4056,825474
Haddock,Grindavík,2019,4691,1134842
Haddock,Grindavík,2020,4873,1180348
Haddock,Grindavík,2021,6076,1600422
Haddock,Grindavík,2022,4313,1532185
Haddock,Grindavík,2023,5118,1384698
Haddock,Grindavík,2024,2969,869852
Haddock,Grundarfjörður,1982,905,3685
Haddock,Grundarfjörður,1983,943,7610
Haddock,Grundarfjörður,1984,567,6367
Haddock,Grundarfjörður,1985,510,8563
Haddock,Grundarfjörður,1986,266,5821
Haddock,Grundarfjörður,1987,320,8793
Haddock,Grundarfjörður,1988,565,17001
Haddock,Grundarfjörður,1989,553,20476
Haddock,Grundarfjörður,1990,888,59072
Haddock,Grundarfjörður,1991,636,35464
Haddock,Grundarfjörður,1992,386,21462
Haddock,Grundarfjörður,1993,448,21769
Haddock,Grundarfjörður,1994,1068,50607
Haddock,Grundarfjörður,1995,1594,83435
Haddock,Grundarfjörður,1996,714,37532
Haddock,Grundarfjörður,1997,628,37989
Haddock,Grundarfjörður,1998,416,32911
Haddock,Grundarfjörður,1999,714,55001
Haddock,Grundarfjörður,2000,1589,157456
Haddock,Grundarfjörður,2001,1763,212460
Haddock,Grundarfjörður,2002,1894,235635
Haddock,Grundarfjörður,2003,2288,194782
Haddock,Grundarfjörður,2004,4358,367989
Haddock,Grundarfjörður,2005,6096,525217
Haddock,Grundarfjörður,2006,5780,669326
Haddock,Grundarfjörður,2007,5525,611122
Haddock,Grundarfjörður,2008,4291,550745
Haddock,Grundarfjörður,2009,3869,617376
Haddock,Grundarfjörður,2010,2253,457103
Haddock,Grundarfjörður,2011,1754,364503
Haddock,Grundarfjörður,2012,1719,385679
Haddock,Grundarfjörður,2013,1402,323497
Haddock,Grundarfjörður,2014,1113,283936
Haddock,Grundarfjörður,2015,1229,267231
Haddock,Grundarfjörður,2016,1197,225164
Haddock,Grundarfjörður,2017,1054,173534
Haddock,Grundarfjörður,2018,1765,288849
Haddock,Grundarfjörður,2019,2600,488220
Haddock,Grundarfjörður,2020,2193,427592
Haddock,Grundarfjörður,2021,3067,711674
Haddock,Grundarfjörður,2022,4061,1083722
Haddock,Grundarfjörður,2023,3936,832853
Haddock,Grundarfjörður,2024,4523,778325
Haddock,Grímsey,1982,0,0
Haddock,Grímsey,1983,1,8
Haddock,Grímsey,1984,3,35
Haddock,Grímsey,1985,1,21
Haddock,Grímsey,1986,22,488
Haddock,Grímsey,1987,1,47
Haddock,Grímsey,1988,2,54
Haddock,Grímsey,1989,3,176
Haddock,Grímsey,1990,5,447
Haddock,Grímsey,1991,7,575
Haddock,Grímsey,1992,14,1007
Haddock,Grímsey,1993,0,28
Haddock,Grímsey,1994,0,0
Haddock,Grímsey,1995,0,34
Haddock,Grímsey,1996,0,0
Haddock,Grímsey,1997,0,29
Haddock,Grímsey,1998,0,0
Haddock,Grímsey,1999,0,0
Haddock,Grímsey,2000,64,6402
Haddock,Grímsey,2001,102,14160
Haddock,Grímsey,2002,69,8723
Haddock,Grímsey,2003,165,12475
Haddock,Grímsey,2004,212,15359
Haddock,Grímsey,2005,262,20185
Haddock,Grímsey,2006,267,25235
Haddock,Grímsey,2007,247,27917
Haddock,Grímsey,2008,367,51117
Haddock,Grímsey,2009,191,29677
Haddock,Grímsey,2010,168,36207
Haddock,Grímsey,2011,197,45463
Haddock,Grímsey,2012,206,51838
Haddock,Grímsey,2013,213,55403
Haddock,Grímsey,2014,99,26551
Haddock,Grímsey,2015,123,28392
Haddock,Grímsey,2016,101,23540
Haddock,Grímsey,2017,25,5548
Haddock,Grímsey,2018,28,6231
Haddock,Grímsey,2019,33,7814
Haddock,Grímsey,2020,19,5523
Haddock,Grímsey,2021,9,1895
Haddock,Grímsey,2022,11,3545
Haddock,Grímsey,2023,15,4793
Haddock,Grímsey,2024,8,2087
Haddock,Hafnarfjörður,1982,2201,8698
Haddock,Hafnarfjörður,1983,2260,17611
Haddock,Hafnarfjörður,1984,1264,13633
Haddock,Hafnarfjörður,1985,1705,28877
Haddock,Hafnarfjörður,1986,1586,34010
Haddock,Hafnarfjörður,1987,1659,60031
Haddock,Hafnarfjörður,1988,3165,138695
Haddock,Hafnarfjörður,1989,3321,209412
Haddock,Hafnarfjörður,1990,5501,598543
Haddock,Hafnarfjörður,1991,3356,287741
Haddock,Hafnarfjörður,1992,2482,227700
Haddock,Hafnarfjörður,1993,2600,207206
Haddock,Hafnarfjörður,1994,2772,239484
Haddock,Hafnarfjörður,1995,3080,243433
Haddock,Hafnarfjörður,1996,3031,228011
Haddock,Hafnarfjörður,1997,2231,184730
Haddock,Hafnarfjörður,1998,2938,335425
Haddock,Hafnarfjörður,1999,3354,399220
Haddock,Hafnarfjörður,2000,1471,240485
Haddock,Hafnarfjörður,2001,1027,174760
Haddock,Hafnarfjörður,2002,833,141297
Haddock,Hafnarfjörður,2003,1107,124139
Haddock,Hafnarfjörður,2004,1450,154118
Haddock,Hafnarfjörður,2005,3978,385398
Haddock,Hafnarfjörður,2006,2980,408866
Haddock,Hafnarfjörður,2007,3575,520853
Haddock,Hafnarfjörður,2008,2515,407809
Haddock,Hafnarfjörður,2009,1666,308243
Haddock,Hafnarfjörður,2010,1461,371331
Haddock,Hafnarfjörður,2011,1008,231828
Haddock,Hafnarfjörður,2012,1345,336112
Haddock,Hafnarfjörður,2013,943,223940
Haddock,Hafnarfjörður,2014,382,105979
Haddock,Hafnarfjörður,2015,620,195933
Haddock,Hafnarfjörður,2016,805,206068
Haddock,Hafnarfjörður,2017,839,201957
Haddock,Hafnarfjörður,2018,1086,293786
Haddock,Hafnarfjörður,2019,2703,833565
Haddock,Hafnarfjörður,2020,2095,604600
Haddock,Hafnarfjörður,2021,2065,640799
Haddock,Hafnarfjörður,2022,4491,2033187
Haddock,Hafnarfjörður,2023,4005,1099209
Haddock,Hafnarfjörður,2024,7845,2170157
Haddock,Hafnir,1982,3,11
Haddock,Hafnir,1983,4,29
Haddock,Hafnir,1984,14,118
Haddock,Hafnir,1985,6,90
Haddock,Hafnir,1986,6,130
Haddock,Hafnir,1987,8,204
Haddock,Hafnir,1988,1,32
Haddock,Hafnir,1989,3,160
Haddock,Hafnir,1990,4,380
Haddock,Hafnir,1991,135,9451
Haddock,Hafnir,1992,87,5466
Haddock,Hafnir,1993,0,0
Haddock,Hafnir,1994,0,0
Haddock,Hafnir,1995,0,0
Haddock,Hafnir,1996,0,0
Haddock,Hafnir,1997,0,0
Haddock,Hafnir,1998,0,0
Haddock,Hafnir,1999,0,0
Haddock,Hafnir,2000,0,0
Haddock,Hafnir,2001,0,0
Haddock,Hafnir,2002,0,0
Haddock,Hafnir,2003,0,18
Haddock,Hafnir,2004,0,0
Haddock,Hafnir,2005,0,0
Haddock,Hafnir,2006,39,5433
Haddock,Hafnir,2007,0,0
Haddock,Hafnir,2008,0,0
Haddock,Hafnir,2009,0,0
Haddock,Hafnir,2010,0,0
Haddock,Hafnir,2011,0,0
Haddock,Hafnir,2012,0,0
Haddock,Hafnir,2013,0,0
Haddock,Hafnir,2014,0,0
Haddock,Hafnir,2015,0,0
Haddock,Hafnir,2016,0,0
Haddock,Hafnir,2017,0,0
Haddock,Hafnir,2018,0,0
Haddock,Hafnir,2019,0,0
Haddock,Hafnir,2020,0,0
Haddock,Hafnir,2021,0,0
Haddock,Hafnir,2022,0,0
Haddock,Hafnir,2023,0,0
Haddock,Hafnir,2024,0,0
Haddock,Haganesvík,1982,0,0
Haddock,Haganesvík,1983,0,0
Haddock,Haganesvík,1984,0,0
Haddock,Haganesvík,1985,0,0
Haddock,Haganesvík,1986,0,0
Haddock,Haganesvík,1987,0,0
Haddock,Haganesvík,1988,0,0
Haddock,Haganesvík,1989,0,0
Haddock,Haganesvík,1990,0,0
Haddock,Haganesvík,1991,0,0
Haddock,Haganesvík,1992,0,0
Haddock,Haganesvík,1993,0,0
Haddock,Haganesvík,1994,0,0
Haddock,Haganesvík,1995,0,0
Haddock,Haganesvík,1996,0,0
Haddock,Haganesvík,1997,0,0
Haddock,Haganesvík,1998,0,0
Haddock,Haganesvík,1999,0,0
Haddock,Haganesvík,2000,0,10
Haddock,Haganesvík,2001,0,0
Haddock,Haganesvík,2002,0,0
Haddock,Haganesvík,2003,0,0
Haddock,Haganesvík,2004,0,0
Haddock,Haganesvík,2005,0,0
Haddock,Haganesvík,2006,0,0
Haddock,Haganesvík,2007,0,0
Haddock,Haganesvík,2008,0,0
Haddock,Haganesvík,2009,0,0
Haddock,Haganesvík,2010,0,0
Haddock,Haganesvík,2011,0,0
Haddock,Haganesvík,2012,0,0
Haddock,Haganesvík,2013,0,0
Haddock,Haganesvík,2014,0,0
Haddock,Haganesvík,2015,0,0
Haddock,Haganesvík,2016,0,0
Haddock,Haganesvík,2017,0,0
Haddock,Haganesvík,2018,0,0
Haddock,Haganesvík,2019,0,0
Haddock,Haganesvík,2020,0,0
Haddock,Haganesvík,2021,0,0
Haddock,Haganesvík,2022,0,0
Haddock,Haganesvík,2023,0,0
Haddock,Haganesvík,2024,0,0
Haddock,Hauganes,1982,0,0
Haddock,Hauganes,1983,0,0
Haddock,Hauganes,1984,0,0
Haddock,Hauganes,1985,0,0
Haddock,Hauganes,1986,0,0
Haddock,Hauganes,1987,0,0
Haddock,Hauganes,1988,0,0
Haddock,Hauganes,1989,0,0
Haddock,Hauganes,1990,0,0
Haddock,Hauganes,1991,0,0
Haddock,Hauganes,1992,0,0
Haddock,Hauganes,1993,0,0
Haddock,Hauganes,1994,0,0
Haddock,Hauganes,1995,0,0
Haddock,Hauganes,1996,0,0
Haddock,Hauganes,1997,0,0
Haddock,Hauganes,1998,0,0
Haddock,Hauganes,1999,0,0
Haddock,Hauganes,2000,1,100
Haddock,Hauganes,2001,0,0
Haddock,Hauganes,2002,0,77
Haddock,Hauganes,2003,1,97
Haddock,Hauganes,2004,4,385
Haddock,Hauganes,2005,3,214
Haddock,Hauganes,2006,1,108
Haddock,Hauganes,2007,2,256
Haddock,Hauganes,2008,9,1323
Haddock,Hauganes,2009,3,556
Haddock,Hauganes,2010,2,676
Haddock,Hauganes,2011,5,1568
Haddock,Hauganes,2012,9,3031
Haddock,Hauganes,2013,0,63
Haddock,Hauganes,2014,0,8
Haddock,Hauganes,2015,0,319
Haddock,Hauganes,2016,0,200
Haddock,Hauganes,2017,0,0
Haddock,Hauganes,2018,0,80
Haddock,Hauganes,2019,0,11
Haddock,Hauganes,2020,0,0
Haddock,Hauganes,2021,0,0
Haddock,Hauganes,2022,0,19
Haddock,Hauganes,2023,0,0
Haddock,Hauganes,2024,0,0
Haddock,Haukabergsvaðall,1982,0,0
Haddock,Haukabergsvaðall,1983,0,0
Haddock,Haukabergsvaðall,1984,0,0
Haddock,Haukabergsvaðall,1985,0,0
Haddock,Haukabergsvaðall,1986,0,0
Haddock,Haukabergsvaðall,1987,0,0
Haddock,Haukabergsvaðall,1988,0,0
Haddock,Haukabergsvaðall,1989,0,0
Haddock,Haukabergsvaðall,1990,0,0
Haddock,Haukabergsvaðall,1991,0,0
Haddock,Haukabergsvaðall,1992,0,0
Haddock,Haukabergsvaðall,1993,0,0
Haddock,Haukabergsvaðall,1994,0,0
Haddock,Haukabergsvaðall,1995,0,0
Haddock,Haukabergsvaðall,1996,0,0
Haddock,Haukabergsvaðall,1997,0,0
Haddock,Haukabergsvaðall,1998,0,0
Haddock,Haukabergsvaðall,1999,0,0
Haddock,Haukabergsvaðall,2000,0,0
Haddock,Haukabergsvaðall,2001,0,0
Haddock,Haukabergsvaðall,2002,0,0
Haddock,Haukabergsvaðall,2003,0,0
Haddock,Haukabergsvaðall,2004,0,0
Haddock,Haukabergsvaðall,2005,0,0
Haddock,Haukabergsvaðall,2006,0,0
Haddock,Haukabergsvaðall,2007,0,0
Haddock,Haukabergsvaðall,2008,0,0
Haddock,Haukabergsvaðall,2009,0,0
Haddock,Haukabergsvaðall,2010,0,0
Haddock,Haukabergsvaðall,2011,0,0
Haddock,Haukabergsvaðall,2012,0,0
Haddock,Haukabergsvaðall,2013,0,0
Haddock,Haukabergsvaðall,2014,0,0
Haddock,Haukabergsvaðall,2015,0,0
Haddock,Haukabergsvaðall,2016,0,0
Haddock,Haukabergsvaðall,2017,0,0
Haddock,Haukabergsvaðall,2018,0,0
Haddock,Haukabergsvaðall,2019,0,0
Haddock,Haukabergsvaðall,2020,0,0
Haddock,Haukabergsvaðall,2021,0,0
Haddock,Haukabergsvaðall,2022,0,0
Haddock,Haukabergsvaðall,2023,0,0
Haddock,Haukabergsvaðall,2024,0,0
Haddock,Hellissandur,1982,566,2688
Haddock,Hellissandur,1983,330,2347
Haddock,Hellissandur,1984,226,2751
Haddock,Hellissandur,1985,278,4997
Haddock,Hellissandur,1986,279,6390
Haddock,Hellissandur,1987,241,7184
Haddock,Hellissandur,1988,302,11709
Haddock,Hellissandur,1989,278,14182
Haddock,Hellissandur,1990,522,48035
Haddock,Hellissandur,1991,364,26305
Haddock,Hellissandur,1992,224,16621
Haddock,Hellissandur,1993,254,17705
Haddock,Hellissandur,1994,297,21706
Haddock,Hellissandur,1995,262,18376
Haddock,Hellissandur,1996,145,8814
Haddock,Hellissandur,1997,81,5336
Haddock,Hellissandur,1998,6,567
Haddock,Hellissandur,1999,0,0
Haddock,Hellissandur,2000,0,0
Haddock,Hellissandur,2001,0,0
Haddock,Hellissandur,2002,0,0
Haddock,Hellissandur,2003,0,0
Haddock,Hellissandur,2004,0,0
Haddock,Hellissandur,2005,0,0
Haddock,Hellissandur,2006,0,0
Haddock,Hellissandur,2007,0,0
Haddock,Hellissandur,2008,0,0
Haddock,Hellissandur,2009,0,0
Haddock,Hellissandur,2010,0,0
Haddock,Hellissandur,2011,0,0
Haddock,Hellissandur,2012,0,1
Haddock,Hellissandur,2013,0,0
Haddock,Hellissandur,2014,0,0
Haddock,Hellissandur,2015,0,0
Haddock,Hellissandur,2016,0,0
Haddock,Hellissandur,2017,0,0
Haddock,Hellissandur,2018,0,0
Haddock,Hellissandur,2019,0,0
Haddock,Hellissandur,2020,0,0
Haddock,Hellissandur,2021,0,0
Haddock,Hellissandur,2022,0,0
Haddock,Hellissandur,2023,0,0
Haddock,Hellissandur,2024,0,0
Haddock,Hellnar,1982,0,1
Haddock,Hellnar,1983,0,0
Haddock,Hellnar,1984,0,0
Haddock,Hellnar,1985,13,268
Haddock,Hellnar,1986,38,928
Haddock,Hellnar,1987,71,1860
Haddock,Hellnar,1988,17,549
Haddock,Hellnar,1989,12,345
Haddock,Hellnar,1990,22,1355
Haddock,Hellnar,1991,0,0
Haddock,Hellnar,1992,0,0
Haddock,Hellnar,1993,0,0
Haddock,Hellnar,1994,0,0
Haddock,Hellnar,1995,0,0
Haddock,Hellnar,1996,0,0
Haddock,Hellnar,1997,0,0
Haddock,Hellnar,1998,0,0
Haddock,Hellnar,1999,0,0
Haddock,Hellnar,2000,0,0
Haddock,Hellnar,2001,0,0
Haddock,Hellnar,2002,0,0
Haddock,Hellnar,2003,0,0
Haddock,Hellnar,2004,0,0
Haddock,Hellnar,2005,0,0
Haddock,Hellnar,2006,0,0
Haddock,Hellnar,2007,0,0
Haddock,Hellnar,2008,0,0
Haddock,Hellnar,2009,0,0
Haddock,Hellnar,2010,0,0
Haddock,Hellnar,2011,0,0
Haddock,Hellnar,2012,0,0
Haddock,Hellnar,2013,0,0
Haddock,Hellnar,2014,0,0
Haddock,Hellnar,2015,0,0
Haddock,Hellnar,2016,0,0
Haddock,Hellnar,2017,0,0
Haddock,Hellnar,2018,0,0
Haddock,Hellnar,2019,0,0
Haddock,Hellnar,2020,0,0
Haddock,Hellnar,2021,0,0
Haddock,Hellnar,2022,0,0
Haddock,Hellnar,2023,0,0
Haddock,Hellnar,2024,0,0
Haddock,Hjalteyri,1982,0,0
Haddock,Hjalteyri,1983,0,0
Haddock,Hjalteyri,1984,0,0
Haddock,Hjalteyri,1985,6,113
Haddock,Hjalteyri,1986,0,0
Haddock,Hjalteyri,1987,0,0
Haddock,Hjalteyri,1988,0,0
Haddock,Hjalteyri,1989,0,0
Haddock,Hjalteyri,1990,0,0
Haddock,Hjalteyri,1991,0,0
Haddock,Hjalteyri,1992,0,0
Haddock,Hjalteyri,1993,0,0
Haddock,Hjalteyri,1994,0,0
Haddock,Hjalteyri,1995,0,0
Haddock,Hjalteyri,1996,0,0
Haddock,Hjalteyri,1997,0,0
Haddock,Hjalteyri,1998,0,0
Haddock,Hjalteyri,1999,0,0
Haddock,Hjalteyri,2000,3,286
Haddock,Hjalteyri,2001,1,134
Haddock,Hjalteyri,2002,3,378
Haddock,Hjalteyri,2003,5,408
Haddock,Hjalteyri,2004,0,87
Haddock,Hjalteyri,2005,5,223
Haddock,Hjalteyri,2006,1,40
Haddock,Hjalteyri,2007,0,0
Haddock,Hjalteyri,2008,0,0
Haddock,Hjalteyri,2009,0,0
Haddock,Hjalteyri,2010,0,0
Haddock,Hjalteyri,2011,0,0
Haddock,Hjalteyri,2012,0,0
Haddock,Hjalteyri,2013,0,0
Haddock,Hjalteyri,2014,0,0
Haddock,Hjalteyri,2015,0,0
Haddock,Hjalteyri,2016,0,0
Haddock,Hjalteyri,2017,0,0
Haddock,Hjalteyri,2018,0,0
Haddock,Hjalteyri,2019,0,0
Haddock,Hjalteyri,2020,0,0
Haddock,Hjalteyri,2021,0,0
Haddock,Hjalteyri,2022,0,0
Haddock,Hjalteyri,2023,0,0
Haddock,Hjalteyri,2024,0,0
Haddock,Hnífsdalur,1982,326,1436
Haddock,Hnífsdalur,1983,309,2592
Haddock,Hnífsdalur,1984,235,2754
Haddock,Hnífsdalur,1985,99,1732
Haddock,Hnífsdalur,1986,163,3411
Haddock,Hnífsdalur,1987,45,989
Haddock,Hnífsdalur,1988,157,4617
Haddock,Hnífsdalur,1989,133,4801
Haddock,Hnífsdalur,1990,188,11717
Haddock,Hnífsdalur,1991,202,9842
Haddock,Hnífsdalur,1992,227,10626
Haddock,Hnífsdalur,1993,273,10829
Haddock,Hnífsdalur,1994,758,31573
Haddock,Hnífsdalur,1995,1045,49289
Haddock,Hnífsdalur,1996,983,50295
Haddock,Hnífsdalur,1997,1054,57989
Haddock,Hnífsdalur,1998,912,56971
Haddock,Hnífsdalur,1999,942,69861
Haddock,Hnífsdalur,2000,0,0
Haddock,Hnífsdalur,2001,0,0
Haddock,Hnífsdalur,2002,0,0
Haddock,Hnífsdalur,2003,0,0
Haddock,Hnífsdalur,2004,0,0
Haddock,Hnífsdalur,2005,0,0
Haddock,Hnífsdalur,2006,0,0
Haddock,Hnífsdalur,2007,0,0
Haddock,Hnífsdalur,2008,0,0
Haddock,Hnífsdalur,2009,0,0
Haddock,Hnífsdalur,2010,0,0
Haddock,Hnífsdalur,2011,0,0
Haddock,Hnífsdalur,2012,0,0
Haddock,Hnífsdalur,2013,0,0
Haddock,Hnífsdalur,2014,0,0
Haddock,Hnífsdalur,2015,0,0
Haddock,Hnífsdalur,2016,0,0
Haddock,Hnífsdalur,2017,0,0
Haddock,Hnífsdalur,2018,0,0
Haddock,Hnífsdalur,2019,0,0
Haddock,Hnífsdalur,2020,0,0
Haddock,Hnífsdalur,2021,0,0
Haddock,Hnífsdalur,2022,0,0
Haddock,Hnífsdalur,2023,0,0
Haddock,Hnífsdalur,2024,0,0
Haddock,Hofsós,1982,249,1040
Haddock,Hofsós,1983,104,881
Haddock,Hofsós,1984,106,1211
Haddock,Hofsós,1985,35,584
Haddock,Hofsós,1986,53,1170
Haddock,Hofsós,1987,70,1803
Haddock,Hofsós,1988,80,2434
Haddock,Hofsós,1989,83,2909
Haddock,Hofsós,1990,127,7662
Haddock,Hofsós,1991,164,9879
Haddock,Hofsós,1992,121,6939
Haddock,Hofsós,1993,118,6619
Haddock,Hofsós,1994,0,3
Haddock,Hofsós,1995,4,226
Haddock,Hofsós,1996,0,0
Haddock,Hofsós,1997,0,0
Haddock,Hofsós,1998,5,453
Haddock,Hofsós,1999,3,138
Haddock,Hofsós,2000,1,170
Haddock,Hofsós,2001,6,665
Haddock,Hofsós,2002,44,4717
Haddock,Hofsós,2003,72,4867
Haddock,Hofsós,2004,90,6193
Haddock,Hofsós,2005,459,51294
Haddock,Hofsós,2006,272,19089
Haddock,Hofsós,2007,68,5275
Haddock,Hofsós,2008,113,17836
Haddock,Hofsós,2009,707,160686
Haddock,Hofsós,2010,476,123983
Haddock,Hofsós,2011,355,98830
Haddock,Hofsós,2012,310,93228
Haddock,Hofsós,2013,307,92230
Haddock,Hofsós,2014,132,38187
Haddock,Hofsós,2015,559,155968
Haddock,Hofsós,2016,446,113274
Haddock,Hofsós,2017,375,97305
Haddock,Hofsós,2018,24,5985
Haddock,Hofsós,2019,96,25026
Haddock,Hofsós,2020,9,2200
Haddock,Hofsós,2021,2,989
Haddock,Hofsós,2022,2,842
Haddock,Hofsós,2023,3,792
Haddock,Hofsós,2024,1,186
Haddock,Hornafjörður,1982,1385,4995
Haddock,Hornafjörður,1983,1242,8970
Haddock,Hornafjörður,1984,656,6553
Haddock,Hornafjörður,1985,842,12954
Haddock,Hornafjörður,1986,1237,25782
Haddock,Hornafjörður,1987,990,24644
Haddock,Hornafjörður,1988,1243,37232
Haddock,Hornafjörður,1989,866,29935
Haddock,Hornafjörður,1990,1790,113023
Haddock,Hornafjörður,1991,1617,116869
Haddock,Hornafjörður,1992,1703,135532
Haddock,Hornafjörður,1993,1172,83801
Haddock,Hornafjörður,1994,1049,79876
Haddock,Hornafjörður,1995,727,58028
Haddock,Hornafjörður,1996,99,5558
Haddock,Hornafjörður,1997,58,4243
Haddock,Hornafjörður,1998,56,5559
Haddock,Hornafjörður,1999,167,17125
Haddock,Hornafjörður,2000,1160,124772
Haddock,Hornafjörður,2001,1018,140861
Haddock,Hornafjörður,2002,1017,123101
Haddock,Hornafjörður,2003,1612,125755
Haddock,Hornafjörður,2004,1732,123187
Haddock,Hornafjörður,2005,1827,129208
Haddock,Hornafjörður,2006,1798,163688
Haddock,Hornafjörður,2007,1902,220440
Haddock,Hornafjörður,2008,2028,262183
Haddock,Hornafjörður,2009,2107,341812
Haddock,Hornafjörður,2010,1617,392150
Haddock,Hornafjörður,2011,689,183997
Haddock,Hornafjörður,2012,1149,322081
Haddock,Hornafjörður,2013,813,226573
Haddock,Hornafjörður,2014,808,246254
Haddock,Hornafjörður,2015,797,213867
Haddock,Hornafjörður,2016,871,204130
Haddock,Hornafjörður,2017,829,181866
Haddock,Hornafjörður,2018,963,200073
Haddock,Hornafjörður,2019,1126,238511
Haddock,Hornafjörður,2020,2256,412823
Haddock,Hornafjörður,2021,1289,301804
Haddock,Hornafjörður,2022,921,263762
Haddock,Hornafjörður,2023,1410,331699
Haddock,Hornafjörður,2024,2524,536188
Haddock,Hrísey,1982,173,721
Haddock,Hrísey,1983,79,646
Haddock,Hrísey,1984,53,550
Haddock,Hrísey,1985,104,1923
Haddock,Hrísey,1986,83,1752
Haddock,Hrísey,1987,85,2090
Haddock,Hrísey,1988,232,7964
Haddock,Hrísey,1989,464,21334
Haddock,Hrísey,1990,833,63192
Haddock,Hrísey,1991,146,9123
Haddock,Hrísey,1992,145,9238
Haddock,Hrísey,1993,261,17104
Haddock,Hrísey,1994,719,46287
Haddock,Hrísey,1995,448,28367
Haddock,Hrísey,1996,58,3431
Haddock,Hrísey,1997,70,4736
Haddock,Hrísey,1998,302,23679
Haddock,Hrísey,1999,0,0
Haddock,Hrísey,2000,20,1600
Haddock,Hrísey,2001,25,2143
Haddock,Hrísey,2002,43,4578
Haddock,Hrísey,2003,83,6049
Haddock,Hrísey,2004,170,12543
Haddock,Hrísey,2005,197,15238
Haddock,Hrísey,2006,238,23274
Haddock,Hrísey,2007,406,38373
Haddock,Hrísey,2008,255,34387
Haddock,Hrísey,2009,146,23520
Haddock,Hrísey,2010,127,26067
Haddock,Hrísey,2011,146,25477
Haddock,Hrísey,2012,134,27069
Haddock,Hrísey,2013,136,26823
Haddock,Hrísey,2014,115,28061
Haddock,Hrísey,2015,136,31980
Haddock,Hrísey,2016,286,61384
Haddock,Hrísey,2017,139,27670
Haddock,Hrísey,2018,20,2773
Haddock,Hrísey,2019,40,7669
Haddock,Hrísey,2020,16,4222
Haddock,Hrísey,2021,120,18920
Haddock,Hrísey,2022,126,34990
Haddock,Hrísey,2023,164,38381
Haddock,Hrísey,2024,125,23732
Haddock,Hvalseyjar,1982,0,0
Haddock,Hvalseyjar,1983,0,0
Haddock,Hvalseyjar,1984,0,0
Haddock,Hvalseyjar,1985,0,0
Haddock,Hvalseyjar,1986,0,0
Haddock,Hvalseyjar,1987,0,0
Haddock,Hvalseyjar,1988,0,0
Haddock,Hvalseyjar,1989,0,0
Haddock,Hvalseyjar,1990,0,0
Haddock,Hvalseyjar,1991,0,0
Haddock,Hvalseyjar,1992,0,0
Haddock,Hvalseyjar,1993,0,0
Haddock,Hvalseyjar,1994,0,0
Haddock,Hvalseyjar,1995,0,0
Haddock,Hvalseyjar,1996,0,0
Haddock,Hvalseyjar,1997,0,0
Haddock,Hvalseyjar,1998,0,0
Haddock,Hvalseyjar,1999,0,0
Haddock,Hvalseyjar,2000,0,0
Haddock,Hvalseyjar,2001,0,0
Haddock,Hvalseyjar,2002,0,0
Haddock,Hvalseyjar,2003,0,0
Haddock,Hvalseyjar,2004,0,0
Haddock,Hvalseyjar,2005,0,0
Haddock,Hvalseyjar,2006,0,0
Haddock,Hvalseyjar,2007,0,0
Haddock,Hvalseyjar,2008,0,0
Haddock,Hvalseyjar,2009,0,0
Haddock,Hvalseyjar,2010,0,0
Haddock,Hvalseyjar,2011,0,0
Haddock,Hvalseyjar,2012,0,0
Haddock,Hvalseyjar,2013,0,0
Haddock,Hvalseyjar,2014,0,0
Haddock,Hvalseyjar,2015,0,0
Haddock,Hvalseyjar,2016,0,0
Haddock,Hvalseyjar,2017,0,0
Haddock,Hvalseyjar,2018,0,0
Haddock,Hvalseyjar,2019,0,0
Haddock,Hvalseyjar,2020,0,0
Haddock,Hvalseyjar,2021,0,0
Haddock,Hvalseyjar,2022,0,0
Haddock,Hvalseyjar,2023,0,0
Haddock,Hvalseyjar,2024,0,0
Haddock,Hvammstangi,1982,15,67
Haddock,Hvammstangi,1983,0,0
Haddock,Hvammstangi,1984,0,0
Haddock,Hvammstangi,1985,0,0
Haddock,Hvammstangi,1986,0,1
Haddock,Hvammstangi,1987,4,126
Haddock,Hvammstangi,1988,31,917
Haddock,Hvammstangi,1989,9,307
Haddock,Hvammstangi,1990,21,1381
Haddock,Hvammstangi,1991,0,0
Haddock,Hvammstangi,1992,0,0
Haddock,Hvammstangi,1993,0,0
Haddock,Hvammstangi,1994,4,243
Haddock,Hvammstangi,1995,2,135
Haddock,Hvammstangi,1996,0,24
Haddock,Hvammstangi,1997,1,70
Haddock,Hvammstangi,1998,0,0
Haddock,Hvammstangi,1999,0,0
Haddock,Hvammstangi,2000,34,5066
Haddock,Hvammstangi,2001,35,6103
Haddock,Hvammstangi,2002,106,16709
Haddock,Hvammstangi,2003,242,26786
Haddock,Hvammstangi,2004,790,78566
Haddock,Hvammstangi,2005,286,28002
Haddock,Hvammstangi,2006,250,34574
Haddock,Hvammstangi,2007,306,36866
Haddock,Hvammstangi,2008,97,19547
Haddock,Hvammstangi,2009,142,32404
Haddock,Hvammstangi,2010,119,32124
Haddock,Hvammstangi,2011,73,20282
Haddock,Hvammstangi,2012,3,1019
Haddock,Hvammstangi,2013,60,11312
Haddock,Hvammstangi,2014,0,49
Haddock,Hvammstangi,2015,70,15692
Haddock,Hvammstangi,2016,135,39066
Haddock,Hvammstangi,2017,137,31937
Haddock,Hvammstangi,2018,36,8195
Haddock,Hvammstangi,2019,57,15853
Haddock,Hvammstangi,2020,91,30445
Haddock,Hvammstangi,2021,115,37146
Haddock,Hvammstangi,2022,33,14258
Haddock,Hvammstangi,2023,156,52785
Haddock,Hvammstangi,2024,126,41950
Haddock,Hveragerði,1982,0,0
Haddock,Hveragerði,1983,0,0
Haddock,Hveragerði,1984,0,0
Haddock,Hveragerði,1985,0,0
Haddock,Hveragerði,1986,0,0
Haddock,Hveragerði,1987,0,0
Haddock,Hveragerði,1988,0,0
Haddock,Hveragerði,1989,0,0
Haddock,Hveragerði,1990,0,0
Haddock,Hveragerði,1991,0,0
Haddock,Hveragerði,1992,0,0
Haddock,Hveragerði,1993,2,230
Haddock,Hveragerði,1994,0,0
Haddock,Hveragerði,1995,0,0
Haddock,Hveragerði,1996,0,0
Haddock,Hveragerði,1997,0,0
Haddock,Hveragerði,1998,0,0
Haddock,Hveragerði,1999,0,0
Haddock,Hveragerði,2000,0,0
Haddock,Hveragerði,2001,0,0
Haddock,Hveragerði,2002,0,0
Haddock,Hveragerði,2003,0,0
Haddock,Hveragerði,2004,0,0
Haddock,Hveragerði,2005,0,0
Haddock,Hveragerði,2006,0,0
Haddock,Hveragerði,2007,0,0
Haddock,Hveragerði,2008,0,0
Haddock,Hveragerði,2009,0,0
Haddock,Hveragerði,2010,0,0
Haddock,Hveragerði,2011,0,0
Haddock,Hveragerði,2012,0,0
Haddock,Hveragerði,2013,0,0
Haddock,Hveragerði,2014,0,0
Haddock,Hveragerði,2015,0,0
Haddock,Hveragerði,2016,0,0
Haddock,Hveragerði,2017,0,0
Haddock,Hveragerði,2018,0,0
Haddock,Hveragerði,2019,0,0
Haddock,Hveragerði,2020,0,0
Haddock,Hveragerði,2021,0,0
Haddock,Hveragerði,2022,0,0
Haddock,Hveragerði,2023,0,0
Haddock,Hveragerði,2024,0,0
Haddock,Hvolsvöllur,1982,0,0
Haddock,Hvolsvöllur,1983,0,0
Haddock,Hvolsvöllur,1984,0,0
Haddock,Hvolsvöllur,1985,0,0
Haddock,Hvolsvöllur,1986,0,0
Haddock,Hvolsvöllur,1987,0,0
Haddock,Hvolsvöllur,1988,0,0
Haddock,Hvolsvöllur,1989,0,0
Haddock,Hvolsvöllur,1990,0,0
Haddock,Hvolsvöllur,1991,0,0
Haddock,Hvolsvöllur,1992,0,0
Haddock,Hvolsvöllur,1993,0,0
Haddock,Hvolsvöllur,1994,0,0
Haddock,Hvolsvöllur,1995,0,0
Haddock,Hvolsvöllur,1996,0,0
Haddock,Hvolsvöllur,1997,0,0
Haddock,Hvolsvöllur,1998,0,0
Haddock,Hvolsvöllur,1999,0,0
Haddock,Hvolsvöllur,2000,0,0
Haddock,Hvolsvöllur,2001,0,14
Haddock,Hvolsvöllur,2002,0,0
Haddock,Hvolsvöllur,2003,0,0
Haddock,Hvolsvöllur,2004,0,0
Haddock,Hvolsvöllur,2005,0,0
Haddock,Hvolsvöllur,2006,0,0
Haddock,Hvolsvöllur,2007,0,0
Haddock,Hvolsvöllur,2008,0,0
Haddock,Hvolsvöllur,2009,3,409
Haddock,Hvolsvöllur,2010,0,0
Haddock,Hvolsvöllur,2011,0,0
Haddock,Hvolsvöllur,2012,0,0
Haddock,Hvolsvöllur,2013,0,0
Haddock,Hvolsvöllur,2014,0,0
Haddock,Hvolsvöllur,2015,19,3538
Haddock,Hvolsvöllur,2016,0,0
Haddock,Hvolsvöllur,2017,0,0
Haddock,Hvolsvöllur,2018,0,0
Haddock,Hvolsvöllur,2019,0,0
Haddock,Hvolsvöllur,2020,0,0
Haddock,Hvolsvöllur,2021,0,0
Haddock,Hvolsvöllur,2022,0,0
Haddock,Hvolsvöllur,2023,0,0
Haddock,Hvolsvöllur,2024,0,0
Haddock,Hólmavík,1982,1,4
Haddock,Hólmavík,1983,0,0
Haddock,Hólmavík,1984,31,339
Haddock,Hólmavík,1985,50,806
Haddock,Hólmavík,1986,102,2229
Haddock,Hólmavík,1987,27,1268
Haddock,Hólmavík,1988,233,12589
Haddock,Hólmavík,1989,381,27463
Haddock,Hólmavík,1990,605,71700
Haddock,Hólmavík,1991,122,12080
Haddock,Hólmavík,1992,98,8982
Haddock,Hólmavík,1993,68,5635
Haddock,Hólmavík,1994,212,23395
Haddock,Hólmavík,1995,280,26438
Haddock,Hólmavík,1996,249,23658
Haddock,Hólmavík,1997,53,4896
Haddock,Hólmavík,1998,0,0
Haddock,Hólmavík,1999,0,5
Haddock,Hólmavík,2000,214,29147
Haddock,Hólmavík,2001,97,18784
Haddock,Hólmavík,2002,139,24410
Haddock,Hólmavík,2003,218,22820
Haddock,Hólmavík,2004,220,20784
Haddock,Hólmavík,2005,292,27519
Haddock,Hólmavík,2006,406,54149
Haddock,Hólmavík,2007,460,77842
Haddock,Hólmavík,2008,469,80904
Haddock,Hólmavík,2009,402,89614
Haddock,Hólmavík,2010,504,137178
Haddock,Hólmavík,2011,483,146287
Haddock,Hólmavík,2012,322,108325
Haddock,Hólmavík,2013,369,128028
Haddock,Hólmavík,2014,210,71699
Haddock,Hólmavík,2015,373,113516
Haddock,Hólmavík,2016,352,100075
Haddock,Hólmavík,2017,257,72877
Haddock,Hólmavík,2018,254,62748
Haddock,Hólmavík,2019,183,51209
Haddock,Hólmavík,2020,316,92325
Haddock,Hólmavík,2021,176,58986
Haddock,Hólmavík,2022,218,91123
Haddock,Hólmavík,2023,211,60403
Haddock,Hólmavík,2024,496,101904
Haddock,Húsavík,1982,758,3036
Haddock,Húsavík,1983,514,4125
Haddock,Húsavík,1984,439,4780
Haddock,Húsavík,1985,230,3916
Haddock,Húsavík,1986,416,9188
Haddock,Húsavík,1987,204,4854
Haddock,Húsavík,1988,371,11631
Haddock,Húsavík,1989,454,17551
Haddock,Húsavík,1990,921,61541
Haddock,Húsavík,1991,277,19470
Haddock,Húsavík,1992,174,11598
Haddock,Húsavík,1993,235,15637
Haddock,Húsavík,1994,361,22913
Haddock,Húsavík,1995,278,16733
Haddock,Húsavík,1996,205,11806
Haddock,Húsavík,1997,323,18594
Haddock,Húsavík,1998,281,20680
Haddock,Húsavík,1999,152,14347
Haddock,Húsavík,2000,129,12289
Haddock,Húsavík,2001,166,19208
Haddock,Húsavík,2002,329,39351
Haddock,Húsavík,2003,788,67728
Haddock,Húsavík,2004,954,64983
Haddock,Húsavík,2005,1647,124826
Haddock,Húsavík,2006,1785,182655
Haddock,Húsavík,2007,1485,178862
Haddock,Húsavík,2008,1132,172045
Haddock,Húsavík,2009,1137,242742
Haddock,Húsavík,2010,1144,241597
Haddock,Húsavík,2011,1071,235040
Haddock,Húsavík,2012,856,203289
Haddock,Húsavík,2013,626,165944
Haddock,Húsavík,2014,221,70921
Haddock,Húsavík,2015,252,68362
Haddock,Húsavík,2016,311,81680
Haddock,Húsavík,2017,256,62792
Haddock,Húsavík,2018,381,93950
Haddock,Húsavík,2019,311,77010
Haddock,Húsavík,2020,491,132340
Haddock,Húsavík,2021,224,71321
Haddock,Húsavík,2022,196,75783
Haddock,Húsavík,2023,437,109402
Haddock,Húsavík,2024,427,100567
Haddock,Keflavík,1982,3085,11848
Haddock,Keflavík,1983,2387,16855
Haddock,Keflavík,1984,1969,21021
Haddock,Keflavík,1985,1646,26793
Haddock,Keflavík,1986,1456,31106
Haddock,Keflavík,1987,1044,32909
Haddock,Keflavík,1988,964,43746
Haddock,Keflavík,1989,897,50466
Haddock,Keflavík,1990,1555,156335
Haddock,Keflavík,1991,1248,108144
Haddock,Keflavík,1992,1099,102204
Haddock,Keflavík,1993,1579,153769
Haddock,Keflavík,1994,1557,153811
Haddock,Keflavík,1995,1351,107028
Haddock,Keflavík,1996,1248,89703
Haddock,Keflavík,1997,1047,87873
Haddock,Keflavík,1998,1165,124090
Haddock,Keflavík,1999,1299,158770
Haddock,Keflavík,2000,157,21452
Haddock,Keflavík,2001,43,4902
Haddock,Keflavík,2002,3,239
Haddock,Keflavík,2003,169,17622
Haddock,Keflavík,2004,353,28710
Haddock,Keflavík,2005,300,27158
Haddock,Keflavík,2006,391,45970
Haddock,Keflavík,2007,691,82843
Haddock,Keflavík,2008,583,79479
Haddock,Keflavík,2009,246,40395
Haddock,Keflavík,2010,295,47487
Haddock,Keflavík,2011,222,33619
Haddock,Keflavík,2012,198,29615
Haddock,Keflavík,2013,67,11892
Haddock,Keflavík,2014,89,15591
Haddock,Keflavík,2015,132,29196
Haddock,Keflavík,2016,156,29594
Haddock,Keflavík,2017,51,7718
Haddock,Keflavík,2018,158,25861
Haddock,Keflavík,2019,230,36429
Haddock,Keflavík,2020,139,23294
Haddock,Keflavík,2021,164,41286
Haddock,Keflavík,2022,130,36280
Haddock,Keflavík,2023,133,32016
Haddock,Keflavík,2024,17,3244
Haddock,Kópasker,1982,1,7
Haddock,Kópasker,1983,0,0
Haddock,Kópasker,1984,0,0
Haddock,Kópasker,1985,0,0
Haddock,Kópasker,1986,1,19
Haddock,Kópasker,1987,3,69
Haddock,Kópasker,1988,13,403
Haddock,Kópasker,1989,15,526
Haddock,Kópasker,1990,27,1567
Haddock,Kópasker,1991,1,47
Haddock,Kópasker,1992,0,0
Haddock,Kópasker,1993,0,0
Haddock,Kópasker,1994,0,0
Haddock,Kópasker,1995,0,0
Haddock,Kópasker,1996,0,0
Haddock,Kópasker,1997,0,0
Haddock,Kópasker,1998,0,0
Haddock,Kópasker,1999,0,0
Haddock,Kópasker,2000,3,330
Haddock,Kópasker,2001,13,1436
Haddock,Kópasker,2002,7,852
Haddock,Kópasker,2003,37,2993
Haddock,Kópasker,2004,23,1710
Haddock,Kópasker,2005,113,10702
Haddock,Kópasker,2006,412,54537
Haddock,Kópasker,2007,420,60949
Haddock,Kópasker,2008,246,38362
Haddock,Kópasker,2009,43,10022
Haddock,Kópasker,2010,34,7072
Haddock,Kópasker,2011,1,459
Haddock,Kópasker,2012,13,4128
Haddock,Kópasker,2013,4,1264
Haddock,Kópasker,2014,26,8458
Haddock,Kópasker,2015,2,692
Haddock,Kópasker,2016,19,6678
Haddock,Kópasker,2017,12,3087
Haddock,Kópasker,2018,5,1306
Haddock,Kópasker,2019,29,8888
Haddock,Kópasker,2020,63,17694
Haddock,Kópasker,2021,31,10631
Haddock,Kópasker,2022,26,11341
Haddock,Kópasker,2023,8,2696
Haddock,Kópasker,2024,4,1257
Haddock,"Miðsandur, Hvalfirði",1982,0,0
Haddock,"Miðsandur, Hvalfirði",1983,0,0
Haddock,"Miðsandur, Hvalfirði",1984,0,0
Haddock,"Miðsandur, Hvalfirði",1985,0,0
Haddock,"Miðsandur, Hvalfirði",1986,0,0
Haddock,"Miðsandur, Hvalfirði",1987,0,0
Haddock,"Miðsandur, Hvalfirði",1988,0,0
Haddock,"Miðsandur, Hvalfirði",1989,0,0
Haddock,"Miðsandur, Hvalfirði",1990,0,0
Haddock,"Miðsandur, Hvalfirði",1991,0,0
Haddock,"Miðsandur, Hvalfirði",1992,0,0
Haddock,"Miðsandur, Hvalfirði",1993,0,0
Haddock,"Miðsandur, Hvalfirði",1994,0,0
Haddock,"Miðsandur, Hvalfirði",1995,0,0
Haddock,"Miðsandur, Hvalfirði",1996,0,0
Haddock,"Miðsandur, Hvalfirði",1997,0,0
Haddock,"Miðsandur, Hvalfirði",1998,0,0
Haddock,"Miðsandur, Hvalfirði",1999,0,0
Haddock,"Miðsandur, Hvalfirði",2000,0,0
Haddock,"Miðsandur, Hvalfirði",2001,0,0
Haddock,"Miðsandur, Hvalfirði",2002,0,0
Haddock,"Miðsandur, Hvalfirði",2003,0,0
Haddock,"Miðsandur, Hvalfirði",2004,0,0
Haddock,"Miðsandur, Hvalfirði",2005,0,0
Haddock,"Miðsandur, Hvalfirði",2006,0,0
Haddock,"Miðsandur, Hvalfirði",2007,0,0
Haddock,"Miðsandur, Hvalfirði",2008,0,0
Haddock,"Miðsandur, Hvalfirði",2009,0,0
Haddock,"Miðsandur, Hvalfirði",2010,0,0
Haddock,"Miðsandur, Hvalfirði",2011,5,1651
Haddock,"Miðsandur, Hvalfirði",2012,0,0
Haddock,"Miðsandur, Hvalfirði",2013,0,0
Haddock,"Miðsandur, Hvalfirði",2014,0,0
Haddock,"Miðsandur, Hvalfirði",2015,0,0
Haddock,"Miðsandur, Hvalfirði",2016,0,0
Haddock,"Miðsandur, Hvalfirði",2017,0,0
Haddock,"Miðsandur, Hvalfirði",2018,0,0
Haddock,"Miðsandur, Hvalfirði",2019,0,0
Haddock,"Miðsandur, Hvalfirði",2020,0,0
Haddock,"Miðsandur, Hvalfirði",2021,0,0
Haddock,"Miðsandur, Hvalfirði",2022,0,0
Haddock,"Miðsandur, Hvalfirði",2023,0,0
Haddock,"Miðsandur, Hvalfirði",2024,0,0
Haddock,Mjóifjörður,1982,0,0
Haddock,Mjóifjörður,1983,0,0
Haddock,Mjóifjörður,1984,0,0
Haddock,Mjóifjörður,1985,0,0
Haddock,Mjóifjörður,1986,0,0
Haddock,Mjóifjörður,1987,0,0
Haddock,Mjóifjörður,1988,0,0
Haddock,Mjóifjörður,1989,0,0
Haddock,Mjóifjörður,1990,0,0
Haddock,Mjóifjörður,1991,0,0
Haddock,Mjóifjörður,1992,0,0
Haddock,Mjóifjörður,1993,0,0
Haddock,Mjóifjörður,1994,0,0
Haddock,Mjóifjörður,1995,3,121
Haddock,Mjóifjörður,1996,1,102
Haddock,Mjóifjörður,1997,0,0
Haddock,Mjóifjörður,1998,0,16
Haddock,Mjóifjörður,1999,0,0
Haddock,Mjóifjörður,2000,0,0
Haddock,Mjóifjörður,2001,0,0
Haddock,Mjóifjörður,2002,0,5
Haddock,Mjóifjörður,2003,0,9
Haddock,Mjóifjörður,2004,1,56
Haddock,Mjóifjörður,2005,0,4
Haddock,Mjóifjörður,2006,0,0
Haddock,Mjóifjörður,2007,0,0
Haddock,Mjóifjörður,2008,0,0
Haddock,Mjóifjörður,2009,0,46
Haddock,Mjóifjörður,2010,0,28
Haddock,Mjóifjörður,2011,15,2920
Haddock,Mjóifjörður,2012,10,2772
Haddock,Mjóifjörður,2013,0,65
Haddock,Mjóifjörður,2014,0,42
Haddock,Mjóifjörður,2015,0,50
Haddock,Mjóifjörður,2016,0,276
Haddock,Mjóifjörður,2017,2,260
Haddock,Mjóifjörður,2018,1,171
Haddock,Mjóifjörður,2019,0,0
Haddock,Mjóifjörður,2020,1,247
Haddock,Mjóifjörður,2021,0,69
Haddock,Mjóifjörður,2022,1,249
Haddock,Mjóifjörður,2023,0,31
Haddock,Mjóifjörður,2024,4,775
Haddock,Neskaupstaður,1982,1789,7269
Haddock,Neskaupstaður,1983,2045,16606
Haddock,Neskaupstaður,1984,832,8757
Haddock,Neskaupstaður,1985,1132,18640
Haddock,Neskaupstaður,1986,1323,28801
Haddock,Neskaupstaður,1987,1031,28545
Haddock,Neskaupstaður,1988,1075,33664
Haddock,Neskaupstaður,1989,1210,47430
Haddock,Neskaupstaður,1990,2151,144442
Haddock,Neskaupstaður,1991,822,48452
Haddock,Neskaupstaður,1992,710,44154
Haddock,Neskaupstaður,1993,1119,68617
Haddock,Neskaupstaður,1994,751,48608
Haddock,Neskaupstaður,1995,1112,67352
Haddock,Neskaupstaður,1996,1297,78544
Haddock,Neskaupstaður,1997,1279,100083
Haddock,Neskaupstaður,1998,789,75202
Haddock,Neskaupstaður,1999,845,94832
Haddock,Neskaupstaður,2000,750,94680
Haddock,Neskaupstaður,2001,668,105125
Haddock,Neskaupstaður,2002,793,114514
Haddock,Neskaupstaður,2003,1422,114911
Haddock,Neskaupstaður,2004,1202,117707
Haddock,Neskaupstaður,2005,1870,178309
Haddock,Neskaupstaður,2006,1337,176578
Haddock,Neskaupstaður,2007,1757,255463
Haddock,Neskaupstaður,2008,1876,267031
Haddock,Neskaupstaður,2009,1335,209047
Haddock,Neskaupstaður,2010,1018,231753
Haddock,Neskaupstaður,2011,702,166343
Haddock,Neskaupstaður,2012,685,171607
Haddock,Neskaupstaður,2013,378,97417
Haddock,Neskaupstaður,2014,299,88520
Haddock,Neskaupstaður,2015,998,311979
Haddock,Neskaupstaður,2016,754,188481
Haddock,Neskaupstaður,2017,1031,229218
Haddock,Neskaupstaður,2018,1221,262511
Haddock,Neskaupstaður,2019,2110,565650
Haddock,Neskaupstaður,2020,1816,426429
Haddock,Neskaupstaður,2021,1924,518754
Haddock,Neskaupstaður,2022,1611,597490
Haddock,Neskaupstaður,2023,3229,821917
Haddock,Neskaupstaður,2024,4680,1323838
Haddock,Njarðvík,1982,439,1922
Haddock,Njarðvík,1983,272,2055
Haddock,Njarðvík,1984,663,7172
Haddock,Njarðvík,1985,562,9613
Haddock,Njarðvík,1986,510,11003
Haddock,Njarðvík,1987,421,13252
Haddock,Njarðvík,1988,668,24562
Haddock,Njarðvík,1989,796,39983
Haddock,Njarðvík,1990,1351,113030
Haddock,Njarðvík,1991,543,39882
Haddock,Njarðvík,1992,647,52199
Haddock,Njarðvík,1993,378,20154
Haddock,Njarðvík,1994,562,36276
Haddock,Njarðvík,1995,642,28863
Haddock,Njarðvík,1996,550,22529
Haddock,Njarðvík,1997,175,7985
Haddock,Njarðvík,1998,29,2186
Haddock,Njarðvík,1999,90,11163
Haddock,Njarðvík,2000,473,63368
Haddock,Njarðvík,2001,252,38539
Haddock,Njarðvík,2002,230,40422
Haddock,Njarðvík,2003,43,4730
Haddock,Njarðvík,2004,2,319
Haddock,Njarðvík,2005,0,0
Haddock,Njarðvík,2006,8,1099
Haddock,Njarðvík,2007,146,14049
Haddock,Njarðvík,2008,379,47474
Haddock,Njarðvík,2009,219,41223
Haddock,Njarðvík,2010,60,13892
Haddock,Njarðvík,2011,28,7455
Haddock,Njarðvík,2012,7,1673
Haddock,Njarðvík,2013,0,0
Haddock,Njarðvík,2014,0,0
Haddock,Njarðvík,2015,0,0
Haddock,Njarðvík,2016,0,0
Haddock,Njarðvík,2017,0,0
Haddock,Njarðvík,2018,0,0
Haddock,Njarðvík,2019,0,0
Haddock,Njarðvík,2020,0,0
Haddock,Njarðvík,2021,0,0
Haddock,Njarðvík,2022,0,0
Haddock,Njarðvík,2023,0,0
Haddock,Njarðvík,2024,0,0
Haddock,Norðurfjörður,1982,0,0
Haddock,Norðurfjörður,1983,0,0
Haddock,Norðurfjörður,1984,0,0
Haddock,Norðurfjörður,1985,0,0
Haddock,Norðurfjörður,1986,0,0
Haddock,Norðurfjörður,1987,0,0
Haddock,Norðurfjörður,1988,0,0
Haddock,Norðurfjörður,1989,0,0
Haddock,Norðurfjörður,1990,0,0
Haddock,Norðurfjörður,1991,0,0
Haddock,Norðurfjörður,1992,0,0
Haddock,Norðurfjörður,1993,0,10
Haddock,Norðurfjörður,1994,0,0
Haddock,Norðurfjörður,1995,0,0
Haddock,Norðurfjörður,1996,0,0
Haddock,Norðurfjörður,1997,0,0
Haddock,Norðurfjörður,1998,0,0
Haddock,Norðurfjörður,1999,0,0
Haddock,Norðurfjörður,2000,0,2
Haddock,Norðurfjörður,2001,0,10
Haddock,Norðurfjörður,2002,0,0
Haddock,Norðurfjörður,2003,0,2
Haddock,Norðurfjörður,2004,32,2817
Haddock,Norðurfjörður,2005,4,423
Haddock,Norðurfjörður,2006,3,364
Haddock,Norðurfjörður,2007,0,4
Haddock,Norðurfjörður,2008,0,0
Haddock,Norðurfjörður,2009,0,0
Haddock,Norðurfjörður,2010,0,8
Haddock,Norðurfjörður,2011,0,28
Haddock,Norðurfjörður,2012,2,748
Haddock,Norðurfjörður,2013,4,1384
Haddock,Norðurfjörður,2014,2,740
Haddock,Norðurfjörður,2015,0,10
Haddock,Norðurfjörður,2016,0,28
Haddock,Norðurfjörður,2017,0,231
Haddock,Norðurfjörður,2018,0,20
Haddock,Norðurfjörður,2019,0,36
Haddock,Norðurfjörður,2020,1,337
Haddock,Norðurfjörður,2021,0,25
Haddock,Norðurfjörður,2022,1,310
Haddock,Norðurfjörður,2023,0,15
Haddock,Norðurfjörður,2024,0,13
Haddock,Patreksfjörður,1982,730,3082
Haddock,Patreksfjörður,1983,359,2911
Haddock,Patreksfjörður,1984,339,4084
Haddock,Patreksfjörður,1985,436,8111
Haddock,Patreksfjörður,1986,471,10610
Haddock,Patreksfjörður,1987,346,9921
Haddock,Patreksfjörður,1988,442,14052
Haddock,Patreksfjörður,1989,203,9103
Haddock,Patreksfjörður,1990,334,25967
Haddock,Patreksfjörður,1991,376,23383
Haddock,Patreksfjörður,1992,180,11044
Haddock,Patreksfjörður,1993,109,7580
Haddock,Patreksfjörður,1994,240,18636
Haddock,Patreksfjörður,1995,281,20035
Haddock,Patreksfjörður,1996,86,5515
Haddock,Patreksfjörður,1997,132,11264
Haddock,Patreksfjörður,1998,228,17472
Haddock,Patreksfjörður,1999,106,8353
Haddock,Patreksfjörður,2000,493,55332
Haddock,Patreksfjörður,2001,131,19830
Haddock,Patreksfjörður,2002,278,33579
Haddock,Patreksfjörður,2003,657,55863
Haddock,Patreksfjörður,2004,957,71220
Haddock,Patreksfjörður,2005,887,64698
Haddock,Patreksfjörður,2006,1182,99471
Haddock,Patreksfjörður,2007,1897,183946
Haddock,Patreksfjörður,2008,1557,162013
Haddock,Patreksfjörður,2009,1228,151165
Haddock,Patreksfjörður,2010,537,107001
Haddock,Patreksfjörður,2011,655,138026
Haddock,Patreksfjörður,2012,537,117659
Haddock,Patreksfjörður,2013,509,116520
Haddock,Patreksfjörður,2014,482,127411
Haddock,Patreksfjörður,2015,548,135457
Haddock,Patreksfjörður,2016,458,95457
Haddock,Patreksfjörður,2017,524,93640
Haddock,Patreksfjörður,2018,531,92975
Haddock,Patreksfjörður,2019,620,113876
Haddock,Patreksfjörður,2020,633,122823
Haddock,Patreksfjörður,2021,724,174542
Haddock,Patreksfjörður,2022,561,162278
Haddock,Patreksfjörður,2023,677,141544
Haddock,Patreksfjörður,2024,840,178687
Haddock,Raufarhöfn,1982,222,827
Haddock,Raufarhöfn,1983,215,1721
Haddock,Raufarhöfn,1984,79,779
Haddock,Raufarhöfn,1985,102,1717
Haddock,Raufarhöfn,1986,84,1796
Haddock,Raufarhöfn,1987,144,3473
Haddock,Raufarhöfn,1988,241,7314
Haddock,Raufarhöfn,1989,221,7821
Haddock,Raufarhöfn,1990,380,23745
Haddock,Raufarhöfn,1991,161,9643
Haddock,Raufarhöfn,1992,128,7479
Haddock,Raufarhöfn,1993,112,6483
Haddock,Raufarhöfn,1994,290,17851
Haddock,Raufarhöfn,1995,201,12852
Haddock,Raufarhöfn,1996,123,6856
Haddock,Raufarhöfn,1997,5,240
Haddock,Raufarhöfn,1998,0,7
Haddock,Raufarhöfn,1999,0,0
Haddock,Raufarhöfn,2000,12,1362
Haddock,Raufarhöfn,2001,4,565
Haddock,Raufarhöfn,2002,6,832
Haddock,Raufarhöfn,2003,24,1703
Haddock,Raufarhöfn,2004,151,11301
Haddock,Raufarhöfn,2005,109,9141
Haddock,Raufarhöfn,2006,404,47727
Haddock,Raufarhöfn,2007,512,73000
Haddock,Raufarhöfn,2008,179,24389
Haddock,Raufarhöfn,2009,197,34859
Haddock,Raufarhöfn,2010,226,46404
Haddock,Raufarhöfn,2011,160,42324
Haddock,Raufarhöfn,2012,172,51650
Haddock,Raufarhöfn,2013,259,73164
Haddock,Raufarhöfn,2014,243,73289
Haddock,Raufarhöfn,2015,246,60679
Haddock,Raufarhöfn,2016,225,53254
Haddock,Raufarhöfn,2017,116,26548
Haddock,Raufarhöfn,2018,347,81753
Haddock,Raufarhöfn,2019,298,76469
Haddock,Raufarhöfn,2020,196,49494
Haddock,Raufarhöfn,2021,127,39642
Haddock,Raufarhöfn,2022,41,13905
Haddock,Raufarhöfn,2023,302,80623
Haddock,Raufarhöfn,2024,289,59751
Haddock,Reykhólar,1982,0,0
Haddock,Reykhólar,1983,0,0
Haddock,Reykhólar,1984,0,0
Haddock,Reykhólar,1985,0,0
Haddock,Reykhólar,1986,0,0
Haddock,Reykhólar,1987,0,0
Haddock,Reykhólar,1988,0,0
Haddock,Reykhólar,1989,0,0
Haddock,Reykhólar,1990,0,0
Haddock,Reykhólar,1991,0,0
Haddock,Reykhólar,1992,0,0
Haddock,Reykhólar,1993,0,0
Haddock,Reykhólar,1994,0,0
Haddock,Reykhólar,1995,0,0
Haddock,Reykhólar,1996,0,0
Haddock,Reykhólar,1997,0,0
Haddock,Reykhólar,1998,0,0
Haddock,Reykhólar,1999,0,0
Haddock,Reykhólar,2000,0,0
Haddock,Reykhólar,2001,0,0
Haddock,Reykhólar,2002,0,0
Haddock,Reykhólar,2003,0,0
Haddock,Reykhólar,2004,0,0
Haddock,Reykhólar,2005,0,0
Haddock,Reykhólar,2006,0,0
Haddock,Reykhólar,2007,0,0
Haddock,Reykhólar,2008,0,0
Haddock,Reykhólar,2009,0,0
Haddock,Reykhólar,2010,0,0
Haddock,Reykhólar,2011,0,0
Haddock,Reykhólar,2012,0,0
Haddock,Reykhólar,2013,0,0
Haddock,Reykhólar,2014,0,0
Haddock,Reykhólar,2015,0,0
Haddock,Reykhólar,2016,0,0
Haddock,Reykhólar,2017,0,0
Haddock,Reykhólar,2018,0,0
Haddock,Reykhólar,2019,0,0
Haddock,Reykhólar,2020,0,0
Haddock,Reykhólar,2021,0,0
Haddock,Reykhólar,2022,0,0
Haddock,Reykhólar,2023,0,0
Haddock,Reykhólar,2024,0,0
Haddock,Reykjavík,1982,3227,13097
Haddock,Reykjavík,1983,3491,26425
Haddock,Reykjavík,1984,3239,35918
Haddock,Reykjavík,1985,2582,41499
Haddock,Reykjavík,1986,2206,48432
Haddock,Reykjavík,1987,2785,104254
Haddock,Reykjavík,1988,2885,130359
Haddock,Reykjavík,1989,3505,223047
Haddock,Reykjavík,1990,5858,648360
Haddock,Reykjavík,1991,5232,456447
Haddock,Reykjavík,1992,6001,545844
Haddock,Reykjavík,1993,7689,678492
Haddock,Reykjavík,1994,7823,695885
Haddock,Reykjavík,1995,7511,595712
Haddock,Reykjavík,1996,7087,539444
Haddock,Reykjavík,1997,6662,574028
Haddock,Reykjavík,1998,6326,712096
Haddock,Reykjavík,1999,8619,1103212
Haddock,Reykjavík,2000,3232,448696
Haddock,Reykjavík,2001,2626,415229
Haddock,Reykjavík,2002,4752,699971
Haddock,Reykjavík,2003,4855,447647
Haddock,Reykjavík,2004,7333,686324
Haddock,Reykjavík,2005,5785,565625
Haddock,Reykjavík,2006,5518,676775
Haddock,Reykjavík,2007,10523,1613647
Haddock,Reykjavík,2008,8386,1373530
Haddock,Reykjavík,2009,6619,1326153
Haddock,Reykjavík,2010,5514,1371740
Haddock,Reykjavík,2011,5358,1259888
Haddock,Reykjavík,2012,4465,1236146
Haddock,Reykjavík,2013,4734,1199709
Haddock,Reykjavík,2014,3841,1185654
Haddock,Reykjavík,2015,4199,1321950
Haddock,Reykjavík,2016,2911,722878
Haddock,Reykjavík,2017,2560,569408
Haddock,Reykjavík,2018,3903,1103814
Haddock,Reykjavík,2019,6605,2116463
Haddock,Reykjavík,2020,4471,1360782
Haddock,Reykjavík,2021,5342,1891034
Haddock,Reykjavík,2022,6250,2921389
Haddock,Reykjavík,2023,6534,1860410
Haddock,Reykjavík,2024,8684,2560143
Haddock,Reyðarfjörður,1982,658,2414
Haddock,Reyðarfjörður,1983,381,3070
Haddock,Reyðarfjörður,1984,242,2532
Haddock,Reyðarfjörður,1985,287,4443
Haddock,Reyðarfjörður,1986,339,7142
Haddock,Reyðarfjörður,1987,195,4703
Haddock,Reyðarfjörður,1988,332,9084
Haddock,Reyðarfjörður,1989,377,20648
Haddock,Reyðarfjörður,1990,682,64286
Haddock,Reyðarfjörður,1991,325,27201
Haddock,Reyðarfjörður,1992,453,35639
Haddock,Reyðarfjörður,1993,464,35399
Haddock,Reyðarfjörður,1994,642,51567
Haddock,Reyðarfjörður,1995,878,67230
Haddock,Reyðarfjörður,1996,934,74873
Haddock,Reyðarfjörður,1997,1029,89977
Haddock,Reyðarfjörður,1998,522,51195
Haddock,Reyðarfjörður,1999,350,33093
Haddock,Reyðarfjörður,2000,16,1547
Haddock,Reyðarfjörður,2001,65,6272
Haddock,Reyðarfjörður,2002,81,8607
Haddock,Reyðarfjörður,2003,171,11703
Haddock,Reyðarfjörður,2004,405,28677
Haddock,Reyðarfjörður,2005,270,31600
Haddock,Reyðarfjörður,2006,182,32983
Haddock,Reyðarfjörður,2007,1014,144127
Haddock,Reyðarfjörður,2008,45,9100
Haddock,Reyðarfjörður,2009,21,3905
Haddock,Reyðarfjörður,2010,8,1250
Haddock,Reyðarfjörður,2011,0,52
Haddock,Reyðarfjörður,2012,0,0
Haddock,Reyðarfjörður,2013,0,0
Haddock,Reyðarfjörður,2014,0,0
Haddock,Reyðarfjörður,2015,1,248
Haddock,Reyðarfjörður,2016,0,0
Haddock,Reyðarfjörður,2017,0,0
Haddock,Reyðarfjörður,2018,0,0
Haddock,Reyðarfjörður,2019,0,0
Haddock,Reyðarfjörður,2020,0,0
Haddock,Reyðarfjörður,2021,0,0
Haddock,Reyðarfjörður,2022,0,0
Haddock,Reyðarfjörður,2023,0,0
Haddock,Reyðarfjörður,2024,0,0
Haddock,Rif,1982,39,191
Haddock,Rif,1983,15,105
Haddock,Rif,1984,60,811
Haddock,Rif,1985,78,1432
Haddock,Rif,1986,131,2964
Haddock,Rif,1987,217,5970
Haddock,Rif,1988,165,6607
Haddock,Rif,1989,277,17249
Haddock,Rif,1990,466,52329
Haddock,Rif,1991,554,41424
Haddock,Rif,1992,223,18337
Haddock,Rif,1993,284,25037
Haddock,Rif,1994,91,7752
Haddock,Rif,1995,102,6397
Haddock,Rif,1996,36,2175
Haddock,Rif,1997,35,2715
Haddock,Rif,1998,116,11908
Haddock,Rif,1999,396,45152
Haddock,Rif,2000,847,128415
Haddock,Rif,2001,907,151945
Haddock,Rif,2002,1147,173883
Haddock,Rif,2003,1496,163015
Haddock,Rif,2004,1993,185852
Haddock,Rif,2005,2377,218716
Haddock,Rif,2006,3213,344842
Haddock,Rif,2007,3223,437362
Haddock,Rif,2008,3558,491274
Haddock,Rif,2009,3420,591381
Haddock,Rif,2010,2443,591144
Haddock,Rif,2011,2158,532997
Haddock,Rif,2012,1914,501474
Haddock,Rif,2013,2080,610063
Haddock,Rif,2014,1888,549253
Haddock,Rif,2015,1688,459254
Haddock,Rif,2016,1326,334340
Haddock,Rif,2017,1265,301788
Haddock,Rif,2018,1427,331557
Haddock,Rif,2019,1992,482612
Haddock,Rif,2020,1611,431152
Haddock,Rif,2021,2606,778897
Haddock,Rif,2022,2493,888590
Haddock,Rif,2023,2569,779736
Haddock,Rif,2024,2784,708485
Haddock,Sandgerði,1982,1628,6665
Haddock,Sandgerði,1983,2100,16442
Haddock,Sandgerði,1984,2617,28275
Haddock,Sandgerði,1985,1883,31153
Haddock,Sandgerði,1986,1934,41437
Haddock,Sandgerði,1987,1437,45276
Haddock,Sandgerði,1988,1501,57317
Haddock,Sandgerði,1989,1764,77462
Haddock,Sandgerði,1990,2998,233596
Haddock,Sandgerði,1991,871,72172
Haddock,Sandgerði,1992,1048,87231
Haddock,Sandgerði,1993,1408,113260
Haddock,Sandgerði,1994,1266,114136
Haddock,Sandgerði,1995,1206,92943
Haddock,Sandgerði,1996,1178,92302
Haddock,Sandgerði,1997,1362,128284
Haddock,Sandgerði,1998,928,108782
Haddock,Sandgerði,1999,1045,135733
Haddock,Sandgerði,2000,2950,389138
Haddock,Sandgerði,2001,2938,470902
Haddock,Sandgerði,2002,2545,351355
Haddock,Sandgerði,2003,2226,197765
Haddock,Sandgerði,2004,4395,382803
Haddock,Sandgerði,2005,5575,545624
Haddock,Sandgerði,2006,7207,843382
Haddock,Sandgerði,2007,6194,771490
Haddock,Sandgerði,2008,5264,730194
Haddock,Sandgerði,2009,4356,787357
Haddock,Sandgerði,2010,3113,638917
Haddock,Sandgerði,2011,2394,471823
Haddock,Sandgerði,2012,2094,442831
Haddock,Sandgerði,2013,1444,350693
Haddock,Sandgerði,2014,1110,305431
Haddock,Sandgerði,2015,939,237596
Haddock,Sandgerði,2016,1081,227162
Haddock,Sandgerði,2017,862,170025
Haddock,Sandgerði,2018,1127,210627
Haddock,Sandgerði,2019,1245,212911
Haddock,Sandgerði,2020,1187,224034
Haddock,Sandgerði,2021,1498,296288
Haddock,Sandgerði,2022,1558,402153
Haddock,Sandgerði,2023,1348,317398
Haddock,Sandgerði,2024,1583,314855
Haddock,Sauðárkrókur,1982,555,2327
Haddock,Sauðárkrókur,1983,271,2184
Haddock,Sauðárkrókur,1984,244,2744
Haddock,Sauðárkrókur,1985,76,1260
Haddock,Sauðárkrókur,1986,129,2826
Haddock,Sauðárkrókur,1987,183,4704
Haddock,Sauðárkrókur,1988,209,6246
Haddock,Sauðárkrókur,1989,256,9274
Haddock,Sauðárkrókur,1990,407,25626
Haddock,Sauðárkrókur,1991,274,16712
Haddock,Sauðárkrókur,1992,748,40143
Haddock,Sauðárkrókur,1993,143,8021
Haddock,Sauðárkrókur,1994,575,34594
Haddock,Sauðárkrókur,1995,644,36645
Haddock,Sauðárkrókur,1996,637,56006
Haddock,Sauðárkrókur,1997,59,6430
Haddock,Sauðárkrókur,1998,127,15154
Haddock,Sauðárkrókur,1999,411,58171
Haddock,Sauðárkrókur,2000,513,75350
Haddock,Sauðárkrókur,2001,651,103963
Haddock,Sauðárkrókur,2002,939,144019
Haddock,Sauðárkrókur,2003,1599,155397
Haddock,Sauðárkrókur,2004,2486,246294
Haddock,Sauðárkrókur,2005,2212,240192
Haddock,Sauðárkrókur,2006,2828,397121
Haddock,Sauðárkrókur,2007,2640,386549
Haddock,Sauðárkrókur,2008,1736,297118
Haddock,Sauðárkrókur,2009,916,206246
Haddock,Sauðárkrókur,2010,1381,363872
Haddock,Sauðárkrókur,2011,1084,256910
Haddock,Sauðárkrókur,2012,1064,283400
Haddock,Sauðárkrókur,2013,854,226386
Haddock,Sauðárkrókur,2014,351,116018
Haddock,Sauðárkrókur,2015,180,43371
Haddock,Sauðárkrókur,2016,1143,260570
Haddock,Sauðárkrókur,2017,1608,299203
Haddock,Sauðárkrókur,2018,2114,413754
Haddock,Sauðárkrókur,2019,3325,935088
Haddock,Sauðárkrókur,2020,2825,678719
Haddock,Sauðárkrókur,2021,2197,642074
Haddock,Sauðárkrókur,2022,2724,1118187
Haddock,Sauðárkrókur,2023,3661,1016524
Haddock,Sauðárkrókur,2024,4677,1249330
Haddock,Selfoss,1982,62,290
Haddock,Selfoss,1983,0,0
Haddock,Selfoss,1984,15,170
Haddock,Selfoss,1985,0,0
Haddock,Selfoss,1986,35,695
Haddock,Selfoss,1987,9,316
Haddock,Selfoss,1988,8,239
Haddock,Selfoss,1989,12,540
Haddock,Selfoss,1990,19,1372
Haddock,Selfoss,1991,122,9485
Haddock,Selfoss,1992,127,11921
Haddock,Selfoss,1993,161,15095
Haddock,Selfoss,1994,133,11205
Haddock,Selfoss,1995,142,11537
Haddock,Selfoss,1996,133,8303
Haddock,Selfoss,1997,135,9458
Haddock,Selfoss,1998,126,11461
Haddock,Selfoss,1999,181,20428
Haddock,Selfoss,2000,0,0
Haddock,Selfoss,2001,0,0
Haddock,Selfoss,2002,0,0
Haddock,Selfoss,2003,0,0
Haddock,Selfoss,2004,0,0
Haddock,Selfoss,2005,0,0
Haddock,Selfoss,2006,0,0
Haddock,Selfoss,2007,0,0
Haddock,Selfoss,2008,0,0
Haddock,Selfoss,2009,0,0
Haddock,Selfoss,2010,0,0
Haddock,Selfoss,2011,0,0
Haddock,Selfoss,2012,0,0
Haddock,Selfoss,2013,0,0
Haddock,Selfoss,2014,0,0
Haddock,Selfoss,2015,0,0
Haddock,Selfoss,2016,0,0
Haddock,Selfoss,2017,0,0
Haddock,Selfoss,2018,0,0
Haddock,Selfoss,2019,0,0
Haddock,Selfoss,2020,0,0
Haddock,Selfoss,2021,0,0
Haddock,Selfoss,2022,0,0
Haddock,Selfoss,2023,0,0
Haddock,Selfoss,2024,0,0
Haddock,Seyðisfjörður,1982,1564,5671
Haddock,Seyðisfjörður,1983,1112,8253
Haddock,Seyðisfjörður,1984,545,5681
Haddock,Seyðisfjörður,1985,462,7424
Haddock,Seyðisfjörður,1986,468,10169
Haddock,Seyðisfjörður,1987,557,13388
Haddock,Seyðisfjörður,1988,347,10602
Haddock,Seyðisfjörður,1989,283,9965
Haddock,Seyðisfjörður,1990,529,33401
Haddock,Seyðisfjörður,1991,244,14882
Haddock,Seyðisfjörður,1992,257,15708
Haddock,Seyðisfjörður,1993,340,20407
Haddock,Seyðisfjörður,1994,422,22164
Haddock,Seyðisfjörður,1995,672,39047
Haddock,Seyðisfjörður,1996,973,57234
Haddock,Seyðisfjörður,1997,446,25496
Haddock,Seyðisfjörður,1998,635,35173
Haddock,Seyðisfjörður,1999,368,24081
Haddock,Seyðisfjörður,2000,545,54974
Haddock,Seyðisfjörður,2001,432,43272
Haddock,Seyðisfjörður,2002,659,65243
Haddock,Seyðisfjörður,2003,979,89317
Haddock,Seyðisfjörður,2004,1506,105246
Haddock,Seyðisfjörður,2005,1374,101102
Haddock,Seyðisfjörður,2006,935,81807
Haddock,Seyðisfjörður,2007,1104,114062
Haddock,Seyðisfjörður,2008,907,115079
Haddock,Seyðisfjörður,2009,1049,198763
Haddock,Seyðisfjörður,2010,1050,237842
Haddock,Seyðisfjörður,2011,739,163987
Haddock,Seyðisfjörður,2012,601,140162
Haddock,Seyðisfjörður,2013,360,106487
Haddock,Seyðisfjörður,2014,180,46216
Haddock,Seyðisfjörður,2015,386,104762
Haddock,Seyðisfjörður,2016,432,110927
Haddock,Seyðisfjörður,2017,734,153110
Haddock,Seyðisfjörður,2018,1274,260451
Haddock,Seyðisfjörður,2019,1155,241843
Haddock,Seyðisfjörður,2020,870,174708
Haddock,Seyðisfjörður,2021,1189,274726
Haddock,Seyðisfjörður,2022,724,195435
Haddock,Seyðisfjörður,2023,1337,306675
Haddock,Seyðisfjörður,2024,1496,345613
Haddock,Siglufjörður,1982,624,2682
Haddock,Siglufjörður,1983,393,3166
Haddock,Siglufjörður,1984,231,2538
Haddock,Siglufjörður,1985,268,4465
Haddock,Siglufjörður,1986,348,7771
Haddock,Siglufjörður,1987,354,11209
Haddock,Siglufjörður,1988,561,23801
Haddock,Siglufjörður,1989,592,33197
Haddock,Siglufjörður,1990,1019,99368
Haddock,Siglufjörður,1991,541,41802
Haddock,Siglufjörður,1992,520,38833
Haddock,Siglufjörður,1993,507,27535
Haddock,Siglufjörður,1994,275,23298
Haddock,Siglufjörður,1995,286,24735
Haddock,Siglufjörður,1996,28,1830
Haddock,Siglufjörður,1997,404,45617
Haddock,Siglufjörður,1998,789,100284
Haddock,Siglufjörður,1999,1062,158358
Haddock,Siglufjörður,2000,7,961
Haddock,Siglufjörður,2001,9,1200
Haddock,Siglufjörður,2002,23,3393
Haddock,Siglufjörður,2003,465,39749
Haddock,Siglufjörður,2004,680,66390
Haddock,Siglufjörður,2005,1630,153370
Haddock,Siglufjörður,2006,1234,167231
Haddock,Siglufjörður,2007,1350,199219
Haddock,Siglufjörður,2008,2115,326379
Haddock,Siglufjörður,2009,2177,427636
Haddock,Siglufjörður,2010,1503,351661
Haddock,Siglufjörður,2011,2271,538197
Haddock,Siglufjörður,2012,2261,641040
Haddock,Siglufjörður,2013,2828,821536
Haddock,Siglufjörður,2014,2103,638169
Haddock,Siglufjörður,2015,2439,761803
Haddock,Siglufjörður,2016,2467,617804
Haddock,Siglufjörður,2017,1150,264548
Haddock,Siglufjörður,2018,1614,383114
Haddock,Siglufjörður,2019,2953,825243
Haddock,Siglufjörður,2020,2586,671826
Haddock,Siglufjörður,2021,2200,740236
Haddock,Siglufjörður,2022,1573,699415
Haddock,Siglufjörður,2023,3568,1185312
Haddock,Siglufjörður,2024,3964,1331957
Haddock,Skagaströnd,1982,752,3421
Haddock,Skagaströnd,1983,545,4699
Haddock,Skagaströnd,1984,501,5516
Haddock,Skagaströnd,1985,346,6114
Haddock,Skagaströnd,1986,657,17182
Haddock,Skagaströnd,1987,431,18985
Haddock,Skagaströnd,1988,745,38197
Haddock,Skagaströnd,1989,813,54221
Haddock,Skagaströnd,1990,1202,139292
Haddock,Skagaströnd,1991,580,55227
Haddock,Skagaströnd,1992,576,54707
Haddock,Skagaströnd,1993,701,61626
Haddock,Skagaströnd,1994,1095,110537
Haddock,Skagaströnd,1995,1372,132808
Haddock,Skagaströnd,1996,1021,93445
Haddock,Skagaströnd,1997,438,52350
Haddock,Skagaströnd,1998,221,28518
Haddock,Skagaströnd,1999,317,49041
Haddock,Skagaströnd,2000,192,30581
Haddock,Skagaströnd,2001,394,72460
Haddock,Skagaströnd,2002,940,151052
Haddock,Skagaströnd,2003,1004,106806
Haddock,Skagaströnd,2004,2561,241937
Haddock,Skagaströnd,2005,3304,364018
Haddock,Skagaströnd,2006,3738,538677
Haddock,Skagaströnd,2007,4153,652352
Haddock,Skagaströnd,2008,3923,638789
Haddock,Skagaströnd,2009,3267,679529
Haddock,Skagaströnd,2010,2979,678580
Haddock,Skagaströnd,2011,2642,627577
Haddock,Skagaströnd,2012,2289,605105
Haddock,Skagaströnd,2013,2922,837199
Haddock,Skagaströnd,2014,1582,512176
Haddock,Skagaströnd,2015,2695,831648
Haddock,Skagaströnd,2016,2239,572822
Haddock,Skagaströnd,2017,1731,437012
Haddock,Skagaströnd,2018,1781,394943
Haddock,Skagaströnd,2019,1163,304279
Haddock,Skagaströnd,2020,1542,426872
Haddock,Skagaströnd,2021,1844,473497
Haddock,Skagaströnd,2022,1814,569841
Haddock,Skagaströnd,2023,2589,685259
Haddock,Skagaströnd,2024,2785,806243
Haddock,Skarðsstöð,1982,0,0
Haddock,Skarðsstöð,1983,0,0
Haddock,Skarðsstöð,1984,0,0
Haddock,Skarðsstöð,1985,0,0
Haddock,Skarðsstöð,1986,0,0
Haddock,Skarðsstöð,1987,0,0
Haddock,Skarðsstöð,1988,0,0
Haddock,Skarðsstöð,1989,0,0
Haddock,Skarðsstöð,1990,0,0
Haddock,Skarðsstöð,1991,0,0
Haddock,Skarðsstöð,1992,0,0
Haddock,Skarðsstöð,1993,0,0
Haddock,Skarðsstöð,1994,0,0
Haddock,Skarðsstöð,1995,0,0
Haddock,Skarðsstöð,1996,0,0
Haddock,Skarðsstöð,1997,0,0
Haddock,Skarðsstöð,1998,0,0
Haddock,Skarðsstöð,1999,0,0
Haddock,Skarðsstöð,2000,0,0
Haddock,Skarðsstöð,2001,0,0
Haddock,Skarðsstöð,2002,0,0
Haddock,Skarðsstöð,2003,0,0
Haddock,Skarðsstöð,2004,0,0
Haddock,Skarðsstöð,2005,0,0
Haddock,Skarðsstöð,2006,0,0
Haddock,Skarðsstöð,2007,0,0
Haddock,Skarðsstöð,2008,0,0
Haddock,Skarðsstöð,2009,0,0
Haddock,Skarðsstöð,2010,0,0
Haddock,Skarðsstöð,2011,0,0
Haddock,Skarðsstöð,2012,0,0
Haddock,Skarðsstöð,2013,0,0
Haddock,Skarðsstöð,2014,0,0
Haddock,Skarðsstöð,2015,0,0
Haddock,Skarðsstöð,2016,0,0
Haddock,Skarðsstöð,2017,0,0
Haddock,Skarðsstöð,2018,0,0
Haddock,Skarðsstöð,2019,0,0
Haddock,Skarðsstöð,2020,0,0
Haddock,Skarðsstöð,2021,0,0
Haddock,Skarðsstöð,2022,0,0
Haddock,Skarðsstöð,2023,0,0
Haddock,Skarðsstöð,2024,0,0
Haddock,Stokkseyri,1982,1872,7208
Haddock,Stokkseyri,1983,1835,13000
Haddock,Stokkseyri,1984,1564,16243
Haddock,Stokkseyri,1985,1129,17393
Haddock,Stokkseyri,1986,755,15850
Haddock,Stokkseyri,1987,370,9610
Haddock,Stokkseyri,1988,244,8306
Haddock,Stokkseyri,1989,411,16252
Haddock,Stokkseyri,1990,705,48144
Haddock,Stokkseyri,1991,524,27602
Haddock,Stokkseyri,1992,1,112
Haddock,Stokkseyri,1993,3,133
Haddock,Stokkseyri,1994,75,5271
Haddock,Stokkseyri,1995,51,3444
Haddock,Stokkseyri,1996,66,3946
Haddock,Stokkseyri,1997,51,3660
Haddock,Stokkseyri,1998,21,1726
Haddock,Stokkseyri,1999,33,3063
Haddock,Stokkseyri,2000,0,0
Haddock,Stokkseyri,2001,0,0
Haddock,Stokkseyri,2002,0,0
Haddock,Stokkseyri,2003,0,0
Haddock,Stokkseyri,2004,5,822
Haddock,Stokkseyri,2005,0,0
Haddock,Stokkseyri,2006,0,0
Haddock,Stokkseyri,2007,0,0
Haddock,Stokkseyri,2008,0,0
Haddock,Stokkseyri,2009,0,0
Haddock,Stokkseyri,2010,0,0
Haddock,Stokkseyri,2011,0,0
Haddock,Stokkseyri,2012,0,0
Haddock,Stokkseyri,2013,0,0
Haddock,Stokkseyri,2014,0,0
Haddock,Stokkseyri,2015,0,0
Haddock,Stokkseyri,2016,0,0
Haddock,Stokkseyri,2017,0,0
Haddock,Stokkseyri,2018,0,0
Haddock,Stokkseyri,2019,0,0
Haddock,Stokkseyri,2020,0,0
Haddock,Stokkseyri,2021,0,0
Haddock,Stokkseyri,2022,0,0
Haddock,Stokkseyri,2023,0,0
Haddock,Stokkseyri,2024,0,0
Haddock,Stykkishólmur,1982,332,1350
Haddock,Stykkishólmur,1983,224,1536
Haddock,Stykkishólmur,1984,145,1543
Haddock,Stykkishólmur,1985,178,3127
Haddock,Stykkishólmur,1986,131,2925
Haddock,Stykkishólmur,1987,109,3210
Haddock,Stykkishólmur,1988,151,5320
Haddock,Stykkishólmur,1989,172,7521
Haddock,Stykkishólmur,1990,346,28962
Haddock,Stykkishólmur,1991,27,2114
Haddock,Stykkishólmur,1992,13,1084
Haddock,Stykkishólmur,1993,10,854
Haddock,Stykkishólmur,1994,21,1545
Haddock,Stykkishólmur,1995,39,2671
Haddock,Stykkishólmur,1996,28,2296
Haddock,Stykkishólmur,1997,0,21
Haddock,Stykkishólmur,1998,0,62
Haddock,Stykkishólmur,1999,1,80
Haddock,Stykkishólmur,2000,56,6404
Haddock,Stykkishólmur,2001,31,4387
Haddock,Stykkishólmur,2002,39,5021
Haddock,Stykkishólmur,2003,332,23958
Haddock,Stykkishólmur,2004,412,30317
Haddock,Stykkishólmur,2005,306,25794
Haddock,Stykkishólmur,2006,659,64299
Haddock,Stykkishólmur,2007,458,62133
Haddock,Stykkishólmur,2008,460,62354
Haddock,Stykkishólmur,2009,539,97582
Haddock,Stykkishólmur,2010,561,146040
Haddock,Stykkishólmur,2011,315,84106
Haddock,Stykkishólmur,2012,243,63192
Haddock,Stykkishólmur,2013,221,63489
Haddock,Stykkishólmur,2014,217,65467
Haddock,Stykkishólmur,2015,223,62509
Haddock,Stykkishólmur,2016,74,20841
Haddock,Stykkishólmur,2017,32,7802
Haddock,Stykkishólmur,2018,17,3964
Haddock,Stykkishólmur,2019,30,7193
Haddock,Stykkishólmur,2020,20,4951
Haddock,Stykkishólmur,2021,24,7437
Haddock,Stykkishólmur,2022,30,11095
Haddock,Stykkishólmur,2023,29,7440
Haddock,Stykkishólmur,2024,7,1181
Haddock,Stöðvarfjörður,1982,1029,4047
Haddock,Stöðvarfjörður,1983,823,6811
Haddock,Stöðvarfjörður,1984,944,10126
Haddock,Stöðvarfjörður,1985,604,9865
Haddock,Stöðvarfjörður,1986,998,21688
Haddock,Stöðvarfjörður,1987,530,11686
Haddock,Stöðvarfjörður,1988,579,15176
Haddock,Stöðvarfjörður,1989,530,18806
Haddock,Stöðvarfjörður,1990,923,56906
Haddock,Stöðvarfjörður,1991,570,33343
Haddock,Stöðvarfjörður,1992,916,55895
Haddock,Stöðvarfjörður,1993,872,50991
Haddock,Stöðvarfjörður,1994,1264,76135
Haddock,Stöðvarfjörður,1995,1112,65226
Haddock,Stöðvarfjörður,1996,535,29040
Haddock,Stöðvarfjörður,1997,460,27972
Haddock,Stöðvarfjörður,1998,36,2475
Haddock,Stöðvarfjörður,1999,190,16561
Haddock,Stöðvarfjörður,2000,308,34406
Haddock,Stöðvarfjörður,2001,401,53133
Haddock,Stöðvarfjörður,2002,784,72624
Haddock,Stöðvarfjörður,2003,456,35949
Haddock,Stöðvarfjörður,2004,619,34264
Haddock,Stöðvarfjörður,2005,397,27022
Haddock,Stöðvarfjörður,2006,529,66112
Haddock,Stöðvarfjörður,2007,363,47143
Haddock,Stöðvarfjörður,2008,527,79376
Haddock,Stöðvarfjörður,2009,481,92886
Haddock,Stöðvarfjörður,2010,377,82310
Haddock,Stöðvarfjörður,2011,316,67665
Haddock,Stöðvarfjörður,2012,287,65038
Haddock,Stöðvarfjörður,2013,446,94547
Haddock,Stöðvarfjörður,2014,619,143590
Haddock,Stöðvarfjörður,2015,398,102607
Haddock,Stöðvarfjörður,2016,478,108624
Haddock,Stöðvarfjörður,2017,822,191569
Haddock,Stöðvarfjörður,2018,623,131867
Haddock,Stöðvarfjörður,2019,436,100301
Haddock,Stöðvarfjörður,2020,550,129465
Haddock,Stöðvarfjörður,2021,275,73605
Haddock,Stöðvarfjörður,2022,490,179595
Haddock,Stöðvarfjörður,2023,913,233566
Haddock,Stöðvarfjörður,2024,968,191141
Haddock,Súðavík,1982,209,881
Haddock,Súðavík,1983,191,1626
Haddock,Súðavík,1984,46,475
Haddock,Súðavík,1985,56,968
Haddock,Súðavík,1986,38,857
Haddock,Súðavík,1987,44,1284
Haddock,Súðavík,1988,95,2836
Haddock,Súðavík,1989,156,5616
Haddock,Súðavík,1990,220,13276
Haddock,Súðavík,1991,202,11232
Haddock,Súðavík,1992,211,11065
Haddock,Súðavík,1993,109,5495
Haddock,Súðavík,1994,47,2148
Haddock,Súðavík,1995,0,0
Haddock,Súðavík,1996,0,0
Haddock,Súðavík,1997,0,0
Haddock,Súðavík,1998,0,0
Haddock,Súðavík,1999,0,0
Haddock,Súðavík,2000,0,0
Haddock,Súðavík,2001,0,0
Haddock,Súðavík,2002,2,152
Haddock,Súðavík,2003,2,75
Haddock,Súðavík,2004,13,945
Haddock,Súðavík,2005,68,7176
Haddock,Súðavík,2006,116,10474
Haddock,Súðavík,2007,364,34667
Haddock,Súðavík,2008,395,44866
Haddock,Súðavík,2009,170,24931
Haddock,Súðavík,2010,100,16403
Haddock,Súðavík,2011,36,5723
Haddock,Súðavík,2012,78,15464
Haddock,Súðavík,2013,2,369
Haddock,Súðavík,2014,1,290
Haddock,Súðavík,2015,8,2669
Haddock,Súðavík,2016,0,221
Haddock,Súðavík,2017,5,1032
Haddock,Súðavík,2018,1,187
Haddock,Súðavík,2019,0,234
Haddock,Súðavík,2020,1,254
Haddock,Súðavík,2021,9,1585
Haddock,Súðavík,2022,1,328
Haddock,Súðavík,2023,2,815
Haddock,Súðavík,2024,1,330
Haddock,Tálknafjörður,1982,563,2566
Haddock,Tálknafjörður,1983,398,3398
Haddock,Tálknafjörður,1984,183,2299
Haddock,Tálknafjörður,1985,154,2797
Haddock,Tálknafjörður,1986,189,4383
Haddock,Tálknafjörður,1987,162,4582
Haddock,Tálknafjörður,1988,305,10118
Haddock,Tálknafjörður,1989,235,8506
Haddock,Tálknafjörður,1990,342,21438
Haddock,Tálknafjörður,1991,246,14290
Haddock,Tálknafjörður,1992,232,14000
Haddock,Tálknafjörður,1993,241,13263
Haddock,Tálknafjörður,1994,86,4561
Haddock,Tálknafjörður,1995,188,11873
Haddock,Tálknafjörður,1996,165,10148
Haddock,Tálknafjörður,1997,91,5901
Haddock,Tálknafjörður,1998,162,11527
Haddock,Tálknafjörður,1999,129,10174
Haddock,Tálknafjörður,2000,365,36049
Haddock,Tálknafjörður,2001,349,40172
Haddock,Tálknafjörður,2002,495,48821
Haddock,Tálknafjörður,2003,552,41625
Haddock,Tálknafjörður,2004,732,51049
Haddock,Tálknafjörður,2005,515,35196
Haddock,Tálknafjörður,2006,540,43421
Haddock,Tálknafjörður,2007,904,91674
Haddock,Tálknafjörður,2008,706,77490
Haddock,Tálknafjörður,2009,622,72110
Haddock,Tálknafjörður,2010,293,51879
Haddock,Tálknafjörður,2011,306,54352
Haddock,Tálknafjörður,2012,180,39965
Haddock,Tálknafjörður,2013,322,73924
Haddock,Tálknafjörður,2014,265,66273
Haddock,Tálknafjörður,2015,199,51474
Haddock,Tálknafjörður,2016,121,34565
Haddock,Tálknafjörður,2017,86,20177
Haddock,Tálknafjörður,2018,136,33028
Haddock,Tálknafjörður,2019,94,22387
Haddock,Tálknafjörður,2020,168,44378
Haddock,Tálknafjörður,2021,184,58095
Haddock,Tálknafjörður,2022,158,63733
Haddock,Tálknafjörður,2023,327,85320
Haddock,Tálknafjörður,2024,357,75573
Haddock,Vestmannaeyjar,1982,9258,34825
Haddock,Vestmannaeyjar,1983,11743,87279
Haddock,Vestmannaeyjar,1984,8825,92129
Haddock,Vestmannaeyjar,1985,6749,105869
Haddock,Vestmannaeyjar,1986,4277,91342
Haddock,Vestmannaeyjar,1987,2689,71703
Haddock,Vestmannaeyjar,1988,3152,97975
Haddock,Vestmannaeyjar,1989,3888,152021
Haddock,Vestmannaeyjar,1990,6670,466596
Haddock,Vestmannaeyjar,1991,2262,138435
Haddock,Vestmannaeyjar,1992,2986,207259
Haddock,Vestmannaeyjar,1993,3723,244238
Haddock,Vestmannaeyjar,1994,3391,265061
Haddock,Vestmannaeyjar,1995,4874,334275
Haddock,Vestmannaeyjar,1996,3313,248761
Haddock,Vestmannaeyjar,1997,3150,248647
Haddock,Vestmannaeyjar,1998,3223,320764
Haddock,Vestmannaeyjar,1999,2495,276135
Haddock,Vestmannaeyjar,2000,5422,759232
Haddock,Vestmannaeyjar,2001,5045,846678
Haddock,Vestmannaeyjar,2002,6127,882192
Haddock,Vestmannaeyjar,2003,8771,966791
Haddock,Vestmannaeyjar,2004,9650,1135380
Haddock,Vestmannaeyjar,2005,9029,1056012
Haddock,Vestmannaeyjar,2006,10375,1479163
Haddock,Vestmannaeyjar,2007,11537,1712704
Haddock,Vestmannaeyjar,2008,14237,2413181
Haddock,Vestmannaeyjar,2009,10946,2387127
Haddock,Vestmannaeyjar,2010,8495,2151031
Haddock,Vestmannaeyjar,2011,5138,1283148
Haddock,Vestmannaeyjar,2012,6026,1585239
Haddock,Vestmannaeyjar,2013,4356,1210933
Haddock,Vestmannaeyjar,2014,3662,1045881
Haddock,Vestmannaeyjar,2015,4616,1313650
Haddock,Vestmannaeyjar,2016,4369,1114284
Haddock,Vestmannaeyjar,2017,4643,1019689
Haddock,Vestmannaeyjar,2018,6747,1482557
Haddock,Vestmannaeyjar,2019,7607,1765656
Haddock,Vestmannaeyjar,2020,6374,1539942
Haddock,Vestmannaeyjar,2021,7673,2159003
Haddock,Vestmannaeyjar,2022,6922,2309451
Haddock,Vestmannaeyjar,2023,7710,2109416
Haddock,Vestmannaeyjar,2024,9016,1856322
Haddock,Vogar,1982,356,1706
Haddock,Vogar,1983,713,5521
Haddock,Vogar,1984,487,5524
Haddock,Vogar,1985,432,7449
Haddock,Vogar,1986,165,3698
Haddock,Vogar,1987,442,14479
Haddock,Vogar,1988,447,19308
Haddock,Vogar,1989,714,52094
Haddock,Vogar,1990,1259,158707
Haddock,Vogar,1991,831,64217
Haddock,Vogar,1992,105,5948
Haddock,Vogar,1993,13,815
Haddock,Vogar,1994,70,4312
Haddock,Vogar,1995,137,8065
Haddock,Vogar,1996,4,219
Haddock,Vogar,1997,1,81
Haddock,Vogar,1998,2,170
Haddock,Vogar,1999,3,299
Haddock,Vogar,2000,0,62
Haddock,Vogar,2001,0,0
Haddock,Vogar,2002,0,0
Haddock,Vogar,2003,1,84
Haddock,Vogar,2004,0,0
Haddock,Vogar,2005,0,0
Haddock,Vogar,2006,0,0
Haddock,Vogar,2007,0,0
Haddock,Vogar,2008,0,0
Haddock,Vogar,2009,0,0
Haddock,Vogar,2010,0,0
Haddock,Vogar,2011,0,0
Haddock,Vogar,2012,0,0
Haddock,Vogar,2013,0,0
Haddock,Vogar,2014,0,0
Haddock,Vogar,2015,0,0
Haddock,Vogar,2016,0,0
Haddock,Vogar,2017,0,0
Haddock,Vogar,2018,0,0
Haddock,Vogar,2019,0,0
Haddock,Vogar,2020,0,0
Haddock,Vogar,2021,0,0
Haddock,Vogar,2022,0,0
Haddock,Vogar,2023,0,0
Haddock,Vogar,2024,0,0
Haddock,Vopnafjörður,1982,539,2174
Haddock,Vopnafjörður,1983,470,3988
Haddock,Vopnafjörður,1984,382,4203
Haddock,Vopnafjörður,1985,305,5080
Haddock,Vopnafjörður,1986,391,8986
Haddock,Vopnafjörður,1987,273,6859
Haddock,Vopnafjörður,1988,401,11244
Haddock,Vopnafjörður,1989,787,26561
Haddock,Vopnafjörður,1990,1490,87137
Haddock,Vopnafjörður,1991,291,16544
Haddock,Vopnafjörður,1992,475,26004
Haddock,Vopnafjörður,1993,379,18901
Haddock,Vopnafjörður,1994,622,29753
Haddock,Vopnafjörður,1995,426,21290
Haddock,Vopnafjörður,1996,166,7371
Haddock,Vopnafjörður,1997,212,12060
Haddock,Vopnafjörður,1998,53,4466
Haddock,Vopnafjörður,1999,0,0
Haddock,Vopnafjörður,2000,13,1908
Haddock,Vopnafjörður,2001,7,1076
Haddock,Vopnafjörður,2002,19,2400
Haddock,Vopnafjörður,2003,145,9592
Haddock,Vopnafjörður,2004,264,14067
Haddock,Vopnafjörður,2005,451,31247
Haddock,Vopnafjörður,2006,372,41551
Haddock,Vopnafjörður,2007,407,48455
Haddock,Vopnafjörður,2008,670,126350
Haddock,Vopnafjörður,2009,500,129891
Haddock,Vopnafjörður,2010,487,129521
Haddock,Vopnafjörður,2011,263,75235
Haddock,Vopnafjörður,2012,100,27441
Haddock,Vopnafjörður,2013,104,31344
Haddock,Vopnafjörður,2014,86,27001
Haddock,Vopnafjörður,2015,126,35983
Haddock,Vopnafjörður,2016,139,39767
Haddock,Vopnafjörður,2017,135,40617
Haddock,Vopnafjörður,2018,119,30349
Haddock,Vopnafjörður,2019,83,23378
Haddock,Vopnafjörður,2020,118,29236
Haddock,Vopnafjörður,2021,115,39304
Haddock,Vopnafjörður,2022,129,57902
Haddock,Vopnafjörður,2023,123,39983
Haddock,Vopnafjörður,2024,476,139863
Haddock,Vík í Mýrdal,1982,0,0
Haddock,Vík í Mýrdal,1983,0,0
Haddock,Vík í Mýrdal,1984,0,0
Haddock,Vík í Mýrdal,1985,0,0
Haddock,Vík í Mýrdal,1986,0,0
Haddock,Vík í Mýrdal,1987,0,0
Haddock,Vík í Mýrdal,1988,1,29
Haddock,Vík í Mýrdal,1989,0,0
Haddock,Vík í Mýrdal,1990,0,0
Haddock,Vík í Mýrdal,1991,0,27
Haddock,Vík í Mýrdal,1992,0,0
Haddock,Vík í Mýrdal,1993,0,0
Haddock,Vík í Mýrdal,1994,0,0
Haddock,Vík í Mýrdal,1995,0,0
Haddock,Vík í Mýrdal,1996,0,0
Haddock,Vík í Mýrdal,1997,0,0
Haddock,Vík í Mýrdal,1998,0,0
Haddock,Vík í Mýrdal,1999,0,0
Haddock,Vík í Mýrdal,2000,0,0
Haddock,Vík í Mýrdal,2001,0,0
Haddock,Vík í Mýrdal,2002,0,0
Haddock,Vík í Mýrdal,2003,0,0
Haddock,Vík í Mýrdal,2004,0,0
Haddock,Vík í Mýrdal,2005,0,0
Haddock,Vík í Mýrdal,2006,0,0
Haddock,Vík í Mýrdal,2007,0,0
Haddock,Vík í Mýrdal,2008,0,0
Haddock,Vík í Mýrdal,2009,0,0
Haddock,Vík í Mýrdal,2010,1,48
Haddock,Vík í Mýrdal,2011,0,0
Haddock,Vík í Mýrdal,2012,0,0
Haddock,Vík í Mýrdal,2013,0,0
Haddock,Vík í Mýrdal,2014,0,0
Haddock,Vík í Mýrdal,2015,5,1560
Haddock,Vík í Mýrdal,2016,0,0
Haddock,Vík í Mýrdal,2017,0,0
Haddock,Vík í Mýrdal,2018,0,0
Haddock,Vík í Mýrdal,2019,0,0
Haddock,Vík í Mýrdal,2020,0,0
Haddock,Vík í Mýrdal,2021,0,0
Haddock,Vík í Mýrdal,2022,0,0
Haddock,Vík í Mýrdal,2023,0,0
Haddock,Vík í Mýrdal,2024,0,0
Haddock,Árskógssandur,1982,6,36
Haddock,Árskógssandur,1983,3,27
Haddock,Árskógssandur,1984,13,159
Haddock,Árskógssandur,1985,13,215
Haddock,Árskógssandur,1986,35,726
Haddock,Árskógssandur,1987,42,1351
Haddock,Árskógssandur,1988,36,1443
Haddock,Árskógssandur,1989,35,1691
Haddock,Árskógssandur,1990,59,4984
Haddock,Árskógssandur,1991,52,3552
Haddock,Árskógssandur,1992,142,11191
Haddock,Árskógssandur,1993,52,3734
Haddock,Árskógssandur,1994,165,9872
Haddock,Árskógssandur,1995,30,1784
Haddock,Árskógssandur,1996,13,914
Haddock,Árskógssandur,1997,95,8813
Haddock,Árskógssandur,1998,5,441
Haddock,Árskógssandur,1999,10,912
Haddock,Árskógssandur,2000,20,2257
Haddock,Árskógssandur,2001,10,1507
Haddock,Árskógssandur,2002,36,4401
Haddock,Árskógssandur,2003,36,3298
Haddock,Árskógssandur,2004,115,9449
Haddock,Árskógssandur,2005,361,30320
Haddock,Árskógssandur,2006,583,55733
Haddock,Árskógssandur,2007,500,52787
Haddock,Árskógssandur,2008,403,45131
Haddock,Árskógssandur,2009,433,57631
Haddock,Árskógssandur,2010,308,48936
Haddock,Árskógssandur,2011,331,52296
Haddock,Árskógssandur,2012,282,47128
Haddock,Árskógssandur,2013,270,47956
Haddock,Árskógssandur,2014,177,41777
Haddock,Árskógssandur,2015,101,25959
Haddock,Árskógssandur,2016,136,35258
Haddock,Árskógssandur,2017,213,52234
Haddock,Árskógssandur,2018,274,68806
Haddock,Árskógssandur,2019,195,55908
Haddock,Árskógssandur,2020,110,32373
Haddock,Árskógssandur,2021,168,60617
Haddock,Árskógssandur,2022,72,27882
Haddock,Árskógssandur,2023,100,28985
Haddock,Árskógssandur,2024,151,44315
Haddock,Ísafjörður,1982,1187,5424
Haddock,Ísafjörður,1983,933,7762
Haddock,Ísafjörður,1984,737,9115
Haddock,Ísafjörður,1985,466,8623
Haddock,Ísafjörður,1986,618,13822
Haddock,Ísafjörður,1987,309,9186
Haddock,Ísafjörður,1988,517,16556
Haddock,Ísafjörður,1989,600,25341
Haddock,Ísafjörður,1990,911,64454
Haddock,Ísafjörður,1991,636,48294
Haddock,Ísafjörður,1992,838,55976
Haddock,Ísafjörður,1993,1020,60338
Haddock,Ísafjörður,1994,1804,113414
Haddock,Ísafjörður,1995,1856,119704
Haddock,Ísafjörður,1996,2025,139920
Haddock,Ísafjörður,1997,948,75237
Haddock,Ísafjörður,1998,1449,129922
Haddock,Ísafjörður,1999,1962,202546
Haddock,Ísafjörður,2000,1335,137780
Haddock,Ísafjörður,2001,1314,153122
Haddock,Ísafjörður,2002,1735,218021
Haddock,Ísafjörður,2003,1831,159663
Haddock,Ísafjörður,2004,3141,207353
Haddock,Ísafjörður,2005,3037,198761
Haddock,Ísafjörður,2006,1857,163359
Haddock,Ísafjörður,2007,2514,314583
Haddock,Ísafjörður,2008,3073,402961
Haddock,Ísafjörður,2009,2954,505454
Haddock,Ísafjörður,2010,1992,431465
Haddock,Ísafjörður,2011,1354,271202
Haddock,Ísafjörður,2012,719,191373
Haddock,Ísafjörður,2013,1132,309487
Haddock,Ísafjörður,2014,758,217853
Haddock,Ísafjörður,2015,1277,341168
Haddock,Ísafjörður,2016,1037,230749
Haddock,Ísafjörður,2017,1048,208110
Haddock,Ísafjörður,2018,1743,371820
Haddock,Ísafjörður,2019,2411,632877
Haddock,Ísafjörður,2020,1606,429193
Haddock,Ísafjörður,2021,2596,779259
Haddock,Ísafjörður,2022,2436,982612
Haddock,Ísafjörður,2023,2066,713408
Haddock,Ísafjörður,2024,2792,893983
Haddock,Ólafsfjörður,1982,730,3142
Haddock,Ólafsfjörður,1983,370,3083
Haddock,Ólafsfjörður,1984,291,3725
Haddock,Ólafsfjörður,1985,267,4542
Haddock,Ólafsfjörður,1986,332,8053
Haddock,Ólafsfjörður,1987,229,7963
Haddock,Ólafsfjörður,1988,296,14449
Haddock,Ólafsfjörður,1989,951,64611
Haddock,Ólafsfjörður,1990,1628,194606
Haddock,Ólafsfjörður,1991,459,44321
Haddock,Ólafsfjörður,1992,705,54898
Haddock,Ólafsfjörður,1993,1051,91416
Haddock,Ólafsfjörður,1994,1773,170227
Haddock,Ólafsfjörður,1995,2041,172673
Haddock,Ólafsfjörður,1996,1174,119481
Haddock,Ólafsfjörður,1997,166,18142
Haddock,Ólafsfjörður,1998,0,65
Haddock,Ólafsfjörður,1999,22,2176
Haddock,Ólafsfjörður,2000,790,140255
Haddock,Ólafsfjörður,2001,960,211229
Haddock,Ólafsfjörður,2002,2012,381958
Haddock,Ólafsfjörður,2003,1777,233113
Haddock,Ólafsfjörður,2004,2921,344682
Haddock,Ólafsfjörður,2005,4001,536669
Haddock,Ólafsfjörður,2006,3027,503121
Haddock,Ólafsfjörður,2007,3494,627320
Haddock,Ólafsfjörður,2008,2313,401873
Haddock,Ólafsfjörður,2009,1973,468517
Haddock,Ólafsfjörður,2010,1326,338355
Haddock,Ólafsfjörður,2011,831,228329
Haddock,Ólafsfjörður,2012,135,39486
Haddock,Ólafsfjörður,2013,80,25084
Haddock,Ólafsfjörður,2014,2,805
Haddock,Ólafsfjörður,2015,8,1857
Haddock,Ólafsfjörður,2016,74,18806
Haddock,Ólafsfjörður,2017,115,31068
Haddock,Ólafsfjörður,2018,42,11093
Haddock,Ólafsfjörður,2019,33,8756
Haddock,Ólafsfjörður,2020,67,18556
Haddock,Ólafsfjörður,2021,0,7
Haddock,Ólafsfjörður,2022,84,29958
Haddock,Ólafsfjörður,2023,0,289
Haddock,Ólafsfjörður,2024,0,43
Haddock,Ólafsvík,1982,1495,6314
Haddock,Ólafsvík,1983,1436,11101
Haddock,Ólafsvík,1984,866,9464
Haddock,Ólafsvík,1985,797,13447
Haddock,Ólafsvík,1986,674,14555
Haddock,Ólafsvík,1987,841,22800
Haddock,Ólafsvík,1988,567,19330
Haddock,Ólafsvík,1989,635,30982
Haddock,Ólafsvík,1990,1147,103411
Haddock,Ólafsvík,1991,663,47155
Haddock,Ólafsvík,1992,169,14509
Haddock,Ólafsvík,1993,119,6638
Haddock,Ólafsvík,1994,64,4040
Haddock,Ólafsvík,1995,68,5493
Haddock,Ólafsvík,1996,12,786
Haddock,Ólafsvík,1997,4,338
Haddock,Ólafsvík,1998,5,652
Haddock,Ólafsvík,1999,4,455
Haddock,Ólafsvík,2000,948,146753
Haddock,Ólafsvík,2001,1387,230473
Haddock,Ólafsvík,2002,1418,215963
Haddock,Ólafsvík,2003,1757,207247
Haddock,Ólafsvík,2004,2811,271834
Haddock,Ólafsvík,2005,3534,314849
Haddock,Ólafsvík,2006,3345,375579
Haddock,Ólafsvík,2007,3165,446373
Haddock,Ólafsvík,2008,3861,547199
Haddock,Ólafsvík,2009,4205,752067
Haddock,Ólafsvík,2010,3048,849316
Haddock,Ólafsvík,2011,2365,653850
Haddock,Ólafsvík,2012,2053,617193
Haddock,Ólafsvík,2013,1704,557865
Haddock,Ólafsvík,2014,1294,397689
Haddock,Ólafsvík,2015,1388,428281
Haddock,Ólafsvík,2016,1422,431993
Haddock,Ólafsvík,2017,1515,386140
Haddock,Ólafsvík,2018,1825,459646
Haddock,Ólafsvík,2019,2519,627379
Haddock,Ólafsvík,2020,2279,640296
Haddock,Ólafsvík,2021,1835,574005
Haddock,Ólafsvík,2022,1850,734729
Haddock,Ólafsvík,2023,1778,583307
Haddock,Ólafsvík,2024,2404,625556
Haddock,Þingeyri,1982,351,1571
Haddock,Þingeyri,1983,312,2629
Haddock,Þingeyri,1984,180,2015
Haddock,Þingeyri,1985,110,1963
Haddock,Þingeyri,1986,106,2328
Haddock,Þingeyri,1987,101,2855
Haddock,Þingeyri,1988,238,7454
Haddock,Þingeyri,1989,219,8419
Haddock,Þingeyri,1990,334,22410
Haddock,Þingeyri,1991,124,6721
Haddock,Þingeyri,1992,188,10819
Haddock,Þingeyri,1993,193,11859
Haddock,Þingeyri,1994,393,37928
Haddock,Þingeyri,1995,358,30342
Haddock,Þingeyri,1996,493,41323
Haddock,Þingeyri,1997,58,5145
Haddock,Þingeyri,1998,288,31900
Haddock,Þingeyri,1999,165,20234
Haddock,Þingeyri,2000,401,52364
Haddock,Þingeyri,2001,422,66243
Haddock,Þingeyri,2002,487,73365
Haddock,Þingeyri,2003,592,52261
Haddock,Þingeyri,2004,574,36055
Haddock,Þingeyri,2005,371,24588
Haddock,Þingeyri,2006,257,15658
Haddock,Þingeyri,2007,56,6170
Haddock,Þingeyri,2008,310,35876
Haddock,Þingeyri,2009,184,28738
Haddock,Þingeyri,2010,254,50137
Haddock,Þingeyri,2011,525,112811
Haddock,Þingeyri,2012,391,75666
Haddock,Þingeyri,2013,518,104948
Haddock,Þingeyri,2014,135,34451
Haddock,Þingeyri,2015,71,23029
Haddock,Þingeyri,2016,147,38074
Haddock,Þingeyri,2017,92,19342
Haddock,Þingeyri,2018,351,74418
Haddock,Þingeyri,2019,217,51264
Haddock,Þingeyri,2020,141,33569
Haddock,Þingeyri,2021,201,60426
Haddock,Þingeyri,2022,104,38041
Haddock,Þingeyri,2023,255,61666
Haddock,Þingeyri,2024,215,46960
Haddock,Þorlákshöfn,1982,2126,8292
Haddock,Þorlákshöfn,1983,3712,26447
Haddock,Þorlákshöfn,1984,2988,30324
Haddock,Þorlákshöfn,1985,4000,61820
Haddock,Þorlákshöfn,1986,2986,59481
Haddock,Þorlákshöfn,1987,979,25735
Haddock,Þorlákshöfn,1988,1178,39247
Haddock,Þorlákshöfn,1989,871,35469
Haddock,Þorlákshöfn,1990,1659,116706
Haddock,Þorlákshöfn,1991,707,48554
Haddock,Þorlákshöfn,1992,825,52846
Haddock,Þorlákshöfn,1993,616,34889
Haddock,Þorlákshöfn,1994,724,40205
Haddock,Þorlákshöfn,1995,1261,70235
Haddock,Þorlákshöfn,1996,665,31920
Haddock,Þorlákshöfn,1997,426,21955
Haddock,Þorlákshöfn,1998,351,20990
Haddock,Þorlákshöfn,1999,330,35752
Haddock,Þorlákshöfn,2000,1778,205307
Haddock,Þorlákshöfn,2001,1678,233161
Haddock,Þorlákshöfn,2002,2204,291892
Haddock,Þorlákshöfn,2003,1927,179752
Haddock,Þorlákshöfn,2004,2195,184068
Haddock,Þorlákshöfn,2005,3592,279419
Haddock,Þorlákshöfn,2006,2802,340102
Haddock,Þorlákshöfn,2007,3629,479607
Haddock,Þorlákshöfn,2008,4798,598573
Haddock,Þorlákshöfn,2009,3105,525934
Haddock,Þorlákshöfn,2010,2667,654214
Haddock,Þorlákshöfn,2011,1793,422275
Haddock,Þorlákshöfn,2012,1705,456756
Haddock,Þorlákshöfn,2013,1211,322825
Haddock,Þorlákshöfn,2014,1254,377976
Haddock,Þorlákshöfn,2015,1235,321000
Haddock,Þorlákshöfn,2016,982,250031
Haddock,Þorlákshöfn,2017,1450,333372
Haddock,Þorlákshöfn,2018,1878,380047
Haddock,Þorlákshöfn,2019,1768,365744
Haddock,Þorlákshöfn,2020,2228,458595
Haddock,Þorlákshöfn,2021,2568,610685
Haddock,Þorlákshöfn,2022,2922,932669
Haddock,Þorlákshöfn,2023,3229,859180
Haddock,Þorlákshöfn,2024,3793,826437
Haddock,Þórshöfn,1982,108,478
Haddock,Þórshöfn,1983,229,1937
Haddock,Þórshöfn,1984,149,1843
Haddock,Þórshöfn,1985,130,2246
Haddock,Þórshöfn,1986,83,1779
Haddock,Þórshöfn,1987,81,2109
Haddock,Þórshöfn,1988,269,11543
Haddock,Þórshöfn,1989,285,13582
Haddock,Þórshöfn,1990,513,42025
Haddock,Þórshöfn,1991,239,19147
Haddock,Þórshöfn,1992,190,16258
Haddock,Þórshöfn,1993,98,6600
Haddock,Þórshöfn,1994,203,17742
Haddock,Þórshöfn,1995,64,4466
Haddock,Þórshöfn,1996,101,9315
Haddock,Þórshöfn,1997,87,7508
Haddock,Þórshöfn,1998,0,64
Haddock,Þórshöfn,1999,13,933
Haddock,Þórshöfn,2000,20,2702
Haddock,Þórshöfn,2001,50,8893
Haddock,Þórshöfn,2002,44,5184
Haddock,Þórshöfn,2003,74,7825
Haddock,Þórshöfn,2004,171,19440
Haddock,Þórshöfn,2005,199,20198
Haddock,Þórshöfn,2006,366,43206
Haddock,Þórshöfn,2007,461,64302
Haddock,Þórshöfn,2008,580,96365
Haddock,Þórshöfn,2009,229,41591
Haddock,Þórshöfn,2010,205,49234
Haddock,Þórshöfn,2011,195,46389
Haddock,Þórshöfn,2012,128,32220
Haddock,Þórshöfn,2013,318,88430
Haddock,Þórshöfn,2014,226,68746
Haddock,Þórshöfn,2015,198,47794
Haddock,Þórshöfn,2016,273,63874
Haddock,Þórshöfn,2017,167,42857
Haddock,Þórshöfn,2018,381,98004
Haddock,Þórshöfn,2019,341,92394
Haddock,Þórshöfn,2020,138,41590
Haddock,Þórshöfn,2021,206,70198
Haddock,Þórshöfn,2022,134,57490
Haddock,Þórshöfn,2023,149,38837
Haddock,Þórshöfn,2024,440,106937
Herring,Akranes,1982,1536,4757
Herring,Akranes,1983,2463,11485
Herring,Akranes,1984,2186,10875
Herring,Akranes,1985,1124,9052
Herring,Akranes,1986,1644,9405
Herring,Akranes,1987,1596,10383
Herring,Akranes,1988,2007,15773
Herring,Akranes,1989,2463,21164
Herring,Akranes,1990,2168,18904
Herring,Akranes,1991,2426,13997
Herring,Akranes,1992,7338,37381
Herring,Akranes,1993,2836,16450
Herring,Akranes,1994,3962,23211
Herring,Akranes,1995,4142,31044
Herring,Akranes,1996,1606,14108
Herring,Akranes,1997,1166,34291
Herring,Akranes,1998,10138,133781
Herring,Akranes,1999,6471,51577
Herring,Akranes,2000,6300,52257
Herring,Akranes,2001,3737,54560
Herring,Akranes,2002,4764,56539
Herring,Akranes,2003,3270,29814
Herring,Akranes,2004,0,0
Herring,Akranes,2005,49,2373
Herring,Akranes,2006,1916,58975
Herring,Akranes,2007,9,89
Herring,Akranes,2008,9407,261931
Herring,Akranes,2009,4508,142444
Herring,Akranes,2010,21,808
Herring,Akranes,2011,16,576
Herring,Akranes,2012,36,1662
Herring,Akranes,2013,183,7923
Herring,Akranes,2014,0,0
Herring,Akranes,2015,4,179
Herring,Akranes,2016,0,0
Herring,Akranes,2017,0,0
Herring,Akranes,2018,0,0
Herring,Akranes,2019,0,0
Herring,Akranes,2020,0,0
Herring,Akranes,2021,0,0
Herring,Akranes,2022,187,9534
Herring,Akranes,2023,0,0
Herring,Akranes,2024,0,0
Herring,Akureyri,1982,0,2
Herring,Akureyri,1983,0,0
Herring,Akureyri,1984,0,1
Herring,Akureyri,1985,0,0
Herring,Akureyri,1986,0,0
Herring,Akureyri,1987,0,0
Herring,Akureyri,1988,1886,10845
Herring,Akureyri,1989,0,0
Herring,Akureyri,1990,0,0
Herring,Akureyri,1991,0,0
Herring,Akureyri,1992,1788,9862
Herring,Akureyri,1993,0,0
Herring,Akureyri,1994,0,0
Herring,Akureyri,1995,0,0
Herring,Akureyri,1996,1440,14406
Herring,Akureyri,1997,0,3
Herring,Akureyri,1998,0,0
Herring,Akureyri,1999,0,0
Herring,Akureyri,2000,0,0
Herring,Akureyri,2001,395,18771
Herring,Akureyri,2002,102,1072
Herring,Akureyri,2003,1067,25342
Herring,Akureyri,2004,2559,81030
Herring,Akureyri,2005,3717,126959
Herring,Akureyri,2006,0,0
Herring,Akureyri,2007,0,0
Herring,Akureyri,2008,987,29920
Herring,Akureyri,2009,0,0
Herring,Akureyri,2010,0,0
Herring,Akureyri,2011,0,0
Herring,Akureyri,2012,4,455
Herring,Akureyri,2013,363,42637
Herring,Akureyri,2014,3578,302973
Herring,Akureyri,2015,0,0
Herring,Akureyri,2016,0,0
Herring,Akureyri,2017,0,0
Herring,Akureyri,2018,0,0
Herring,Akureyri,2019,0,0
Herring,Akureyri,2020,0,0
Herring,Akureyri,2021,0,0
Herring,Akureyri,2022,0,0
Herring,Akureyri,2023,0,0
Herring,Akureyri,2024,0,7
Herring,Arnarstapi,1982,0,0
Herring,Arnarstapi,1983,0,0
Herring,Arnarstapi,1984,0,0
Herring,Arnarstapi,1985,0,0
Herring,Arnarstapi,1986,0,0
Herring,Arnarstapi,1987,0,0
Herring,Arnarstapi,1988,0,0
Herring,Arnarstapi,1989,0,0
Herring,Arnarstapi,1990,0,0
Herring,Arnarstapi,1991,0,0
Herring,Arnarstapi,1992,0,0
Herring,Arnarstapi,1993,0,0
Herring,Arnarstapi,1994,0,0
Herring,Arnarstapi,1995,0,0
Herring,Arnarstapi,1996,0,0
Herring,Arnarstapi,1997,0,0
Herring,Arnarstapi,1998,0,0
Herring,Arnarstapi,1999,0,0
Herring,Arnarstapi,2000,0,0
Herring,Arnarstapi,2001,0,0
Herring,Arnarstapi,2002,0,0
Herring,Arnarstapi,2003,0,0
Herring,Arnarstapi,2004,0,0
Herring,Arnarstapi,2005,0,0
Herring,Arnarstapi,2006,0,0
Herring,Arnarstapi,2007,0,0
Herring,Arnarstapi,2008,0,0
Herring,Arnarstapi,2009,0,0
Herring,Arnarstapi,2010,0,0
Herring,Arnarstapi,2011,0,0
Herring,Arnarstapi,2012,0,0
Herring,Arnarstapi,2013,0,0
Herring,Arnarstapi,2014,0,0
Herring,Arnarstapi,2015,0,0
Herring,Arnarstapi,2016,0,0
Herring,Arnarstapi,2017,0,0
Herring,Arnarstapi,2018,0,0
Herring,Arnarstapi,2019,0,0
Herring,Arnarstapi,2020,0,0
Herring,Arnarstapi,2021,0,0
Herring,Arnarstapi,2022,0,0
Herring,Arnarstapi,2023,0,0
Herring,Arnarstapi,2024,0,0
Herring,Bakkafjörður,1982,0,0
Herring,Bakkafjörður,1983,0,0
Herring,Bakkafjörður,1984,0,0
Herring,Bakkafjörður,1985,0,0
Herring,Bakkafjörður,1986,0,0
Herring,Bakkafjörður,1987,0,0
Herring,Bakkafjörður,1988,0,0
Herring,Bakkafjörður,1989,0,0
Herring,Bakkafjörður,1990,0,0
Herring,Bakkafjörður,1991,0,0
Herring,Bakkafjörður,1992,0,0
Herring,Bakkafjörður,1993,0,0
Herring,Bakkafjörður,1994,0,0
Herring,Bakkafjörður,1995,0,0
Herring,Bakkafjörður,1996,0,0
Herring,Bakkafjörður,1997,0,0
Herring,Bakkafjörður,1998,0,0
Herring,Bakkafjörður,1999,0,0
Herring,Bakkafjörður,2000,0,0
Herring,Bakkafjörður,2001,0,0
Herring,Bakkafjörður,2002,0,0
Herring,Bakkafjörður,2003,0,0
Herring,Bakkafjörður,2004,0,0
Herring,Bakkafjörður,2005,0,0
Herring,Bakkafjörður,2006,0,0
Herring,Bakkafjörður,2007,0,0
Herring,Bakkafjörður,2008,0,0
Herring,Bakkafjörður,2009,0,0
Herring,Bakkafjörður,2010,0,0
Herring,Bakkafjörður,2011,0,0
Herring,Bakkafjörður,2012,0,0
Herring,Bakkafjörður,2013,0,0
Herring,Bakkafjörður,2014,0,0
Herring,Bakkafjörður,2015,0,0
Herring,Bakkafjörður,2016,0,0
Herring,Bakkafjörður,2017,0,0
Herring,Bakkafjörður,2018,0,0
Herring,Bakkafjörður,2019,0,0
Herring,Bakkafjörður,2020,0,0
Herring,Bakkafjörður,2021,0,0
Herring,Bakkafjörður,2022,0,0
Herring,Bakkafjörður,2023,0,0
Herring,Bakkafjörður,2024,0,0
Herring,Blönduós,1982,0,0
Herring,Blönduós,1983,0,0
Herring,Blönduós,1984,0,0
Herring,Blönduós,1985,0,0
Herring,Blönduós,1986,0,0
Herring,Blönduós,1987,0,0
Herring,Blönduós,1988,0,0
Herring,Blönduós,1989,0,0
Herring,Blönduós,1990,0,0
Herring,Blönduós,1991,0,0
Herring,Blönduós,1992,0,0
Herring,Blönduós,1993,0,0
Herring,Blönduós,1994,0,0
Herring,Blönduós,1995,0,0
Herring,Blönduós,1996,0,0
Herring,Blönduós,1997,0,0
Herring,Blönduós,1998,0,0
Herring,Blönduós,1999,0,0
Herring,Blönduós,2000,0,0
Herring,Blönduós,2001,0,0
Herring,Blönduós,2002,0,0
Herring,Blönduós,2003,0,0
Herring,Blönduós,2004,0,0
Herring,Blönduós,2005,0,0
Herring,Blönduós,2006,0,0
Herring,Blönduós,2007,0,0
Herring,Blönduós,2008,0,0
Herring,Blönduós,2009,0,0
Herring,Blönduós,2010,0,0
Herring,Blönduós,2011,0,0
Herring,Blönduós,2012,0,0
Herring,Blönduós,2013,0,0
Herring,Blönduós,2014,0,0
Herring,Blönduós,2015,0,0
Herring,Blönduós,2016,0,0
Herring,Blönduós,2017,0,0
Herring,Blönduós,2018,0,0
Herring,Blönduós,2019,0,0
Herring,Blönduós,2020,0,0
Herring,Blönduós,2021,0,0
Herring,Blönduós,2022,0,0
Herring,Blönduós,2023,0,0
Herring,Blönduós,2024,0,0
Herring,Bolungarvík,1982,30,101
Herring,Bolungarvík,1983,86,357
Herring,Bolungarvík,1984,3,15
Herring,Bolungarvík,1985,70,652
Herring,Bolungarvík,1986,29,372
Herring,Bolungarvík,1987,0,0
Herring,Bolungarvík,1988,0,0
Herring,Bolungarvík,1989,0,0
Herring,Bolungarvík,1990,0,0
Herring,Bolungarvík,1991,1,10
Herring,Bolungarvík,1992,0,0
Herring,Bolungarvík,1993,1,6
Herring,Bolungarvík,1994,14,101
Herring,Bolungarvík,1995,0,0
Herring,Bolungarvík,1996,12,93
Herring,Bolungarvík,1997,0,0
Herring,Bolungarvík,1998,0,0
Herring,Bolungarvík,1999,113,707
Herring,Bolungarvík,2000,0,0
Herring,Bolungarvík,2001,0,0
Herring,Bolungarvík,2002,41,440
Herring,Bolungarvík,2003,136,1154
Herring,Bolungarvík,2004,0,0
Herring,Bolungarvík,2005,0,0
Herring,Bolungarvík,2006,0,0
Herring,Bolungarvík,2007,1287,14148
Herring,Bolungarvík,2008,533,4737
Herring,Bolungarvík,2009,0,0
Herring,Bolungarvík,2010,0,0
Herring,Bolungarvík,2011,0,0
Herring,Bolungarvík,2012,3,173
Herring,Bolungarvík,2013,0,0
Herring,Bolungarvík,2014,0,0
Herring,Bolungarvík,2015,0,0
Herring,Bolungarvík,2016,0,0
Herring,Bolungarvík,2017,0,0
Herring,Bolungarvík,2018,0,0
Herring,Bolungarvík,2019,0,0
Herring,Bolungarvík,2020,0,0
Herring,Bolungarvík,2021,0,0
Herring,Bolungarvík,2022,0,0
Herring,Bolungarvík,2023,0,0
Herring,Bolungarvík,2024,0,0
Herring,Borgarfjörður Eystri,1982,365,1244
Herring,Borgarfjörður Eystri,1983,125,631
Herring,Borgarfjörður Eystri,1984,188,1063
Herring,Borgarfjörður Eystri,1985,204,1619
Herring,Borgarfjörður Eystri,1986,332,1962
Herring,Borgarfjörður Eystri,1987,288,1879
Herring,Borgarfjörður Eystri,1988,188,1549
Herring,Borgarfjörður Eystri,1989,125,1115
Herring,Borgarfjörður Eystri,1990,90,787
Herring,Borgarfjörður Eystri,1991,52,568
Herring,Borgarfjörður Eystri,1992,0,0
Herring,Borgarfjörður Eystri,1993,0,0
Herring,Borgarfjörður Eystri,1994,0,0
Herring,Borgarfjörður Eystri,1995,0,0
Herring,Borgarfjörður Eystri,1996,0,0
Herring,Borgarfjörður Eystri,1997,0,0
Herring,Borgarfjörður Eystri,1998,0,0
Herring,Borgarfjörður Eystri,1999,0,0
Herring,Borgarfjörður Eystri,2000,0,0
Herring,Borgarfjörður Eystri,2001,0,0
Herring,Borgarfjörður Eystri,2002,0,0
Herring,Borgarfjörður Eystri,2003,0,0
Herring,Borgarfjörður Eystri,2004,0,0
Herring,Borgarfjörður Eystri,2005,0,0
Herring,Borgarfjörður Eystri,2006,0,0
Herring,Borgarfjörður Eystri,2007,0,0
Herring,Borgarfjörður Eystri,2008,0,0
Herring,Borgarfjörður Eystri,2009,0,0
Herring,Borgarfjörður Eystri,2010,0,0
Herring,Borgarfjörður Eystri,2011,0,0
Herring,Borgarfjörður Eystri,2012,0,0
Herring,Borgarfjörður Eystri,2013,0,0
Herring,Borgarfjörður Eystri,2014,0,0
Herring,Borgarfjörður Eystri,2015,0,0
Herring,Borgarfjörður Eystri,2016,0,0
Herring,Borgarfjörður Eystri,2017,0,0
Herring,Borgarfjörður Eystri,2018,0,0
Herring,Borgarfjörður Eystri,2019,0,0
Herring,Borgarfjörður Eystri,2020,0,0
Herring,Borgarfjörður Eystri,2021,0,0
Herring,Borgarfjörður Eystri,2022,0,0
Herring,Borgarfjörður Eystri,2023,0,0
Herring,Borgarfjörður Eystri,2024,0,0
Herring,Borgarnes,1982,0,0
Herring,Borgarnes,1983,0,0
Herring,Borgarnes,1984,0,0
Herring,Borgarnes,1985,0,0
Herring,Borgarnes,1986,0,0
Herring,Borgarnes,1987,0,0
Herring,Borgarnes,1988,0,0
Herring,Borgarnes,1989,0,0
Herring,Borgarnes,1990,0,0
Herring,Borgarnes,1991,0,0
Herring,Borgarnes,1992,0,0
Herring,Borgarnes,1993,0,0
Herring,Borgarnes,1994,0,0
Herring,Borgarnes,1995,0,0
Herring,Borgarnes,1996,0,0
Herring,Borgarnes,1997,0,0
Herring,Borgarnes,1998,0,0
Herring,Borgarnes,1999,0,0
Herring,Borgarnes,2000,0,0
Herring,Borgarnes,2001,0,0
Herring,Borgarnes,2002,0,0
Herring,Borgarnes,2003,0,0
Herring,Borgarnes,2004,0,0
Herring,Borgarnes,2005,0,0
Herring,Borgarnes,2006,0,0
Herring,Borgarnes,2007,0,0
Herring,Borgarnes,2008,0,0
Herring,Borgarnes,2009,0,0
Herring,Borgarnes,2010,0,0
Herring,Borgarnes,2011,0,0
Herring,Borgarnes,2012,0,0
Herring,Borgarnes,2013,0,0
Herring,Borgarnes,2014,0,0
Herring,Borgarnes,2015,0,0
Herring,Borgarnes,2016,0,0
Herring,Borgarnes,2017,0,0
Herring,Borgarnes,2018,0,0
Herring,Borgarnes,2019,0,0
Herring,Borgarnes,2020,0,0
Herring,Borgarnes,2021,0,0
Herring,Borgarnes,2022,0,0
Herring,Borgarnes,2023,0,0
Herring,Borgarnes,2024,0,0
Herring,Breiðdalsvík,1982,1054,3244
Herring,Breiðdalsvík,1983,1017,5252
Herring,Breiðdalsvík,1984,562,2898
Herring,Breiðdalsvík,1985,1443,10565
Herring,Breiðdalsvík,1986,1257,7126
Herring,Breiðdalsvík,1987,1392,9037
Herring,Breiðdalsvík,1988,769,6283
Herring,Breiðdalsvík,1989,1227,11012
Herring,Breiðdalsvík,1990,1170,10503
Herring,Breiðdalsvík,1991,55,636
Herring,Breiðdalsvík,1992,0,0
Herring,Breiðdalsvík,1993,0,0
Herring,Breiðdalsvík,1994,0,0
Herring,Breiðdalsvík,1995,0,0
Herring,Breiðdalsvík,1996,0,0
Herring,Breiðdalsvík,1997,0,0
Herring,Breiðdalsvík,1998,0,0
Herring,Breiðdalsvík,1999,0,0
Herring,Breiðdalsvík,2000,0,0
Herring,Breiðdalsvík,2001,0,0
Herring,Breiðdalsvík,2002,0,0
Herring,Breiðdalsvík,2003,0,0
Herring,Breiðdalsvík,2004,0,0
Herring,Breiðdalsvík,2005,0,0
Herring,Breiðdalsvík,2006,0,0
Herring,Breiðdalsvík,2007,0,0
Herring,Breiðdalsvík,2008,0,0
Herring,Breiðdalsvík,2009,0,0
Herring,Breiðdalsvík,2010,0,0
Herring,Breiðdalsvík,2011,0,0
Herring,Breiðdalsvík,2012,0,0
Herring,Breiðdalsvík,2013,0,0
Herring,Breiðdalsvík,2014,0,0
Herring,Breiðdalsvík,2015,0,0
Herring,Breiðdalsvík,2016,0,0
Herring,Breiðdalsvík,2017,0,0
Herring,Breiðdalsvík,2018,0,0
Herring,Breiðdalsvík,2019,0,0
Herring,Breiðdalsvík,2020,0,0
Herring,Breiðdalsvík,2021,0,0
Herring,Breiðdalsvík,2022,0,0
Herring,Breiðdalsvík,2023,0,0
Herring,Breiðdalsvík,2024,0,0
Herring,Brjánslækur,1982,0,0
Herring,Brjánslækur,1983,0,0
Herring,Brjánslækur,1984,0,0
Herring,Brjánslækur,1985,0,0
Herring,Brjánslækur,1986,0,0
Herring,Brjánslækur,1987,0,0
Herring,Brjánslækur,1988,0,0
Herring,Brjánslækur,1989,0,0
Herring,Brjánslækur,1990,0,0
Herring,Brjánslækur,1991,0,0
Herring,Brjánslækur,1992,0,0
Herring,Brjánslækur,1993,0,0
Herring,Brjánslækur,1994,0,0
Herring,Brjánslækur,1995,0,0
Herring,Brjánslækur,1996,0,0
Herring,Brjánslækur,1997,0,0
Herring,Brjánslækur,1998,0,0
Herring,Brjánslækur,1999,0,0
Herring,Brjánslækur,2000,0,0
Herring,Brjánslækur,2001,0,0
Herring,Brjánslækur,2002,0,0
Herring,Brjánslækur,2003,0,0
Herring,Brjánslækur,2004,0,0
Herring,Brjánslækur,2005,0,0
Herring,Brjánslækur,2006,0,0
Herring,Brjánslækur,2007,0,0
Herring,Brjánslækur,2008,0,0
Herring,Brjánslækur,2009,0,0
Herring,Brjánslækur,2010,0,0
Herring,Brjánslækur,2011,0,0
Herring,Brjánslækur,2012,0,0
Herring,Brjánslækur,2013,0,0
Herring,Brjánslækur,2014,0,0
Herring,Brjánslækur,2015,0,0
Herring,Brjánslækur,2016,0,0
Herring,Brjánslækur,2017,0,0
Herring,Brjánslækur,2018,0,0
Herring,Brjánslækur,2019,0,0
Herring,Brjánslækur,2020,0,0
Herring,Brjánslækur,2021,0,0
Herring,Brjánslækur,2022,0,0
Herring,Brjánslækur,2023,0,0
Herring,Brjánslækur,2024,0,0
Herring,Bíldudalur,1982,0,0
Herring,Bíldudalur,1983,0,0
Herring,Bíldudalur,1984,0,0
Herring,Bíldudalur,1985,0,0
Herring,Bíldudalur,1986,0,0
Herring,Bíldudalur,1987,0,0
Herring,Bíldudalur,1988,0,0
Herring,Bíldudalur,1989,0,0
Herring,Bíldudalur,1990,0,0
Herring,Bíldudalur,1991,0,0
Herring,Bíldudalur,1992,0,0
Herring,Bíldudalur,1993,0,0
Herring,Bíldudalur,1994,0,0
Herring,Bíldudalur,1995,0,0
Herring,Bíldudalur,1996,0,0
Herring,Bíldudalur,1997,0,0
Herring,Bíldudalur,1998,0,0
Herring,Bíldudalur,1999,0,0
Herring,Bíldudalur,2000,0,0
Herring,Bíldudalur,2001,0,0
Herring,Bíldudalur,2002,0,0
Herring,Bíldudalur,2003,0,0
Herring,Bíldudalur,2004,0,0
Herring,Bíldudalur,2005,0,0
Herring,Bíldudalur,2006,0,0
Herring,Bíldudalur,2007,0,0
Herring,Bíldudalur,2008,0,0
Herring,Bíldudalur,2009,0,0
Herring,Bíldudalur,2010,0,0
Herring,Bíldudalur,2011,0,0
Herring,Bíldudalur,2012,0,0
Herring,Bíldudalur,2013,0,0
Herring,Bíldudalur,2014,0,0
Herring,Bíldudalur,2015,0,0
Herring,Bíldudalur,2016,0,0
Herring,Bíldudalur,2017,0,0
Herring,Bíldudalur,2018,0,0
Herring,Bíldudalur,2019,0,0
Herring,Bíldudalur,2020,0,0
Herring,Bíldudalur,2021,0,0
Herring,Bíldudalur,2022,0,0
Herring,Bíldudalur,2023,0,0
Herring,Bíldudalur,2024,0,0
Herring,Búðardalur,1982,0,0
Herring,Búðardalur,1983,0,0
Herring,Búðardalur,1984,0,0
Herring,Búðardalur,1985,0,0
Herring,Búðardalur,1986,0,0
Herring,Búðardalur,1987,0,0
Herring,Búðardalur,1988,0,0
Herring,Búðardalur,1989,0,0
Herring,Búðardalur,1990,0,0
Herring,Búðardalur,1991,0,0
Herring,Búðardalur,1992,0,0
Herring,Búðardalur,1993,0,0
Herring,Búðardalur,1994,0,0
Herring,Búðardalur,1995,0,0
Herring,Búðardalur,1996,0,0
Herring,Búðardalur,1997,0,0
Herring,Búðardalur,1998,0,0
Herring,Búðardalur,1999,0,0
Herring,Búðardalur,2000,0,0
Herring,Búðardalur,2001,0,0
Herring,Búðardalur,2002,0,0
Herring,Búðardalur,2003,0,0
Herring,Búðardalur,2004,0,0
Herring,Búðardalur,2005,0,0
Herring,Búðardalur,2006,0,0
Herring,Búðardalur,2007,0,0
Herring,Búðardalur,2008,0,0
Herring,Búðardalur,2009,0,0
Herring,Búðardalur,2010,0,0
Herring,Búðardalur,2011,0,0
Herring,Búðardalur,2012,0,0
Herring,Búðardalur,2013,0,0
Herring,Búðardalur,2014,0,0
Herring,Búðardalur,2015,0,0
Herring,Búðardalur,2016,0,0
Herring,Búðardalur,2017,0,0
Herring,Búðardalur,2018,0,0
Herring,Búðardalur,2019,0,0
Herring,Búðardalur,2020,0,0
Herring,Búðardalur,2021,0,0
Herring,Búðardalur,2022,0,0
Herring,Búðardalur,2023,0,0
Herring,Búðardalur,2024,0,0
Herring,Dalvík,1982,293,1056
Herring,Dalvík,1983,0,0
Herring,Dalvík,1984,0,0
Herring,Dalvík,1985,0,0
Herring,Dalvík,1986,0,0
Herring,Dalvík,1987,0,0
Herring,Dalvík,1988,0,0
Herring,Dalvík,1989,3,31
Herring,Dalvík,1990,3,31
Herring,Dalvík,1991,0,0
Herring,Dalvík,1992,0,0
Herring,Dalvík,1993,35,414
Herring,Dalvík,1994,0,0
Herring,Dalvík,1995,0,0
Herring,Dalvík,1996,0,0
Herring,Dalvík,1997,0,0
Herring,Dalvík,1998,0,0
Herring,Dalvík,1999,0,0
Herring,Dalvík,2000,0,0
Herring,Dalvík,2001,372,20338
Herring,Dalvík,2002,0,0
Herring,Dalvík,2003,0,0
Herring,Dalvík,2004,0,0
Herring,Dalvík,2005,0,0
Herring,Dalvík,2006,0,0
Herring,Dalvík,2007,0,0
Herring,Dalvík,2008,0,0
Herring,Dalvík,2009,0,1
Herring,Dalvík,2010,0,0
Herring,Dalvík,2011,0,0
Herring,Dalvík,2012,0,0
Herring,Dalvík,2013,0,0
Herring,Dalvík,2014,0,0
Herring,Dalvík,2015,0,0
Herring,Dalvík,2016,0,0
Herring,Dalvík,2017,0,0
Herring,Dalvík,2018,0,0
Herring,Dalvík,2019,0,0
Herring,Dalvík,2020,0,0
Herring,Dalvík,2021,0,0
Herring,Dalvík,2022,0,0
Herring,Dalvík,2023,0,0
Herring,Dalvík,2024,0,0
Herring,Djúpivogur,1982,848,2823
Herring,Djúpivogur,1983,2433,10946
Herring,Djúpivogur,1984,2030,10129
Herring,Djúpivogur,1985,2789,19670
Herring,Djúpivogur,1986,1826,10004
Herring,Djúpivogur,1987,1672,10802
Herring,Djúpivogur,1988,2605,20490
Herring,Djúpivogur,1989,2162,21745
Herring,Djúpivogur,1990,2018,20812
Herring,Djúpivogur,1991,1473,12884
Herring,Djúpivogur,1992,1348,10074
Herring,Djúpivogur,1993,2954,22845
Herring,Djúpivogur,1994,6155,48439
Herring,Djúpivogur,1995,5136,39431
Herring,Djúpivogur,1996,7506,64876
Herring,Djúpivogur,1997,4813,47528
Herring,Djúpivogur,1998,4342,53157
Herring,Djúpivogur,1999,7342,63227
Herring,Djúpivogur,2000,4809,43041
Herring,Djúpivogur,2001,11171,172584
Herring,Djúpivogur,2002,7894,99618
Herring,Djúpivogur,2003,11447,111497
Herring,Djúpivogur,2004,9655,106403
Herring,Djúpivogur,2005,0,0
Herring,Djúpivogur,2006,0,0
Herring,Djúpivogur,2007,0,0
Herring,Djúpivogur,2008,0,0
Herring,Djúpivogur,2009,0,0
Herring,Djúpivogur,2010,0,0
Herring,Djúpivogur,2011,0,20
Herring,Djúpivogur,2012,0,0
Herring,Djúpivogur,2013,0,0
Herring,Djúpivogur,2014,0,0
Herring,Djúpivogur,2015,0,0
Herring,Djúpivogur,2016,0,0
Herring,Djúpivogur,2017,0,0
Herring,Djúpivogur,2018,0,0
Herring,Djúpivogur,2019,0,0
Herring,Djúpivogur,2020,0,0
Herring,Djúpivogur,2021,0,0
Herring,Djúpivogur,2022,0,0
Herring,Djúpivogur,2023,0,0
Herring,Djúpivogur,2024,0,0
Herring,Domeniska lýðveldið,1982,0,0
Herring,Domeniska lýðveldið,1983,0,0
Herring,Domeniska lýðveldið,1984,0,0
Herring,Domeniska lýðveldið,1985,0,0
Herring,Domeniska lýðveldið,1986,0,0
Herring,Domeniska lýðveldið,1987,0,0
Herring,Domeniska lýðveldið,1988,0,0
Herring,Domeniska lýðveldið,1989,0,0
Herring,Domeniska lýðveldið,1990,0,0
Herring,Domeniska lýðveldið,1991,0,0
Herring,Domeniska lýðveldið,1992,0,0
Herring,Domeniska lýðveldið,1993,0,0
Herring,Domeniska lýðveldið,1994,0,0
Herring,Domeniska lýðveldið,1995,0,0
Herring,Domeniska lýðveldið,1996,0,0
Herring,Domeniska lýðveldið,1997,0,0
Herring,Domeniska lýðveldið,1998,0,0
Herring,Domeniska lýðveldið,1999,0,0
Herring,Domeniska lýðveldið,2000,0,0
Herring,Domeniska lýðveldið,2001,0,0
Herring,Domeniska lýðveldið,2002,0,0
Herring,Domeniska lýðveldið,2003,0,0
Herring,Domeniska lýðveldið,2004,0,0
Herring,Domeniska lýðveldið,2005,0,0
Herring,Domeniska lýðveldið,2006,0,0
Herring,Domeniska lýðveldið,2007,0,0
Herring,Domeniska lýðveldið,2008,0,0
Herring,Domeniska lýðveldið,2009,0,0
Herring,Domeniska lýðveldið,2010,0,0
Herring,Domeniska lýðveldið,2011,0,0
Herring,Domeniska lýðveldið,2012,0,0
Herring,Domeniska lýðveldið,2013,0,0
Herring,Domeniska lýðveldið,2014,0,0
Herring,Domeniska lýðveldið,2015,0,0
Herring,Domeniska lýðveldið,2016,0,0
Herring,Domeniska lýðveldið,2017,0,0
Herring,Domeniska lýðveldið,2018,0,0
Herring,Domeniska lýðveldið,2019,0,0
Herring,Domeniska lýðveldið,2020,0,0
Herring,Domeniska lýðveldið,2021,0,0
Herring,Domeniska lýðveldið,2022,0,0
Herring,Domeniska lýðveldið,2023,0,0
Herring,Domeniska lýðveldið,2024,0,0
Herring,Drangsnes,1982,0,0
Herring,Drangsnes,1983,0,0
Herring,Drangsnes,1984,0,0
Herring,Drangsnes,1985,0,0
Herring,Drangsnes,1986,0,0
Herring,Drangsnes,1987,0,0
Herring,Drangsnes,1988,0,0
Herring,Drangsnes,1989,0,0
Herring,Drangsnes,1990,0,0
Herring,Drangsnes,1991,0,0
Herring,Drangsnes,1992,0,0
Herring,Drangsnes,1993,0,0
Herring,Drangsnes,1994,0,0
Herring,Drangsnes,1995,0,0
Herring,Drangsnes,1996,0,0
Herring,Drangsnes,1997,0,0
Herring,Drangsnes,1998,0,0
Herring,Drangsnes,1999,0,0
Herring,Drangsnes,2000,0,0
Herring,Drangsnes,2001,0,0
Herring,Drangsnes,2002,0,0
Herring,Drangsnes,2003,2,15
Herring,Drangsnes,2004,0,0
Herring,Drangsnes,2005,0,0
Herring,Drangsnes,2006,0,0
Herring,Drangsnes,2007,0,0
Herring,Drangsnes,2008,0,0
Herring,Drangsnes,2009,0,0
Herring,Drangsnes,2010,0,0
Herring,Drangsnes,2011,0,0
Herring,Drangsnes,2012,0,0
Herring,Drangsnes,2013,0,0
Herring,Drangsnes,2014,0,0
Herring,Drangsnes,2015,0,0
Herring,Drangsnes,2016,0,0
Herring,Drangsnes,2017,0,0
Herring,Drangsnes,2018,0,0
Herring,Drangsnes,2019,0,0
Herring,Drangsnes,2020,0,0
Herring,Drangsnes,2021,0,0
Herring,Drangsnes,2022,0,0
Herring,Drangsnes,2023,0,0
Herring,Drangsnes,2024,0,0
Herring,Egilsstaðir,1982,0,0
Herring,Egilsstaðir,1983,0,0
Herring,Egilsstaðir,1984,0,0
Herring,Egilsstaðir,1985,0,0
Herring,Egilsstaðir,1986,0,0
Herring,Egilsstaðir,1987,0,0
Herring,Egilsstaðir,1988,0,0
Herring,Egilsstaðir,1989,0,0
Herring,Egilsstaðir,1990,0,0
Herring,Egilsstaðir,1991,0,0
Herring,Egilsstaðir,1992,0,0
Herring,Egilsstaðir,1993,0,0
Herring,Egilsstaðir,1994,0,0
Herring,Egilsstaðir,1995,0,0
Herring,Egilsstaðir,1996,0,0
Herring,Egilsstaðir,1997,0,0
Herring,Egilsstaðir,1998,0,0
Herring,Egilsstaðir,1999,0,0
Herring,Egilsstaðir,2000,0,0
Herring,Egilsstaðir,2001,0,0
Herring,Egilsstaðir,2002,0,0
Herring,Egilsstaðir,2003,0,0
Herring,Egilsstaðir,2004,0,0
Herring,Egilsstaðir,2005,0,0
Herring,Egilsstaðir,2006,0,0
Herring,Egilsstaðir,2007,0,0
Herring,Egilsstaðir,2008,0,0
Herring,Egilsstaðir,2009,0,0
Herring,Egilsstaðir,2010,0,0
Herring,Egilsstaðir,2011,0,0
Herring,Egilsstaðir,2012,0,0
Herring,Egilsstaðir,2013,0,0
Herring,Egilsstaðir,2014,0,0
Herring,Egilsstaðir,2015,0,0
Herring,Egilsstaðir,2016,0,0
Herring,Egilsstaðir,2017,0,0
Herring,Egilsstaðir,2018,0,0
Herring,Egilsstaðir,2019,0,0
Herring,Egilsstaðir,2020,0,0
Herring,Egilsstaðir,2021,0,0
Herring,Egilsstaðir,2022,0,0
Herring,Egilsstaðir,2023,0,0
Herring,Egilsstaðir,2024,0,0
Herring,Eskifjörður,1982,5432,17990
Herring,Eskifjörður,1983,4048,21416
Herring,Eskifjörður,1984,4302,22590
Herring,Eskifjörður,1985,4976,39105
Herring,Eskifjörður,1986,8009,41202
Herring,Eskifjörður,1987,12823,64226
Herring,Eskifjörður,1988,14289,96788
Herring,Eskifjörður,1989,10347,79671
Herring,Eskifjörður,1990,9764,78280
Herring,Eskifjörður,1991,5525,48330
Herring,Eskifjörður,1992,14854,89688
Herring,Eskifjörður,1993,11307,76744
Herring,Eskifjörður,1994,10242,73930
Herring,Eskifjörður,1995,7704,71283
Herring,Eskifjörður,1996,8755,96309
Herring,Eskifjörður,1997,2242,25531
Herring,Eskifjörður,1998,819,10230
Herring,Eskifjörður,1999,0,0
Herring,Eskifjörður,2000,0,0
Herring,Eskifjörður,2001,0,0
Herring,Eskifjörður,2002,20,211
Herring,Eskifjörður,2003,0,0
Herring,Eskifjörður,2004,0,0
Herring,Eskifjörður,2005,920,30972
Herring,Eskifjörður,2006,1210,28218
Herring,Eskifjörður,2007,0,0
Herring,Eskifjörður,2008,905,19468
Herring,Eskifjörður,2009,4904,243906
Herring,Eskifjörður,2010,2223,175952
Herring,Eskifjörður,2011,1221,164773
Herring,Eskifjörður,2012,27,1450
Herring,Eskifjörður,2013,65,3029
Herring,Eskifjörður,2014,185,9399
Herring,Eskifjörður,2015,76,7325
Herring,Eskifjörður,2016,168,20599
Herring,Eskifjörður,2017,1663,64837
Herring,Eskifjörður,2018,789,21427
Herring,Eskifjörður,2019,1016,35495
Herring,Eskifjörður,2020,741,33935
Herring,Eskifjörður,2021,4387,211040
Herring,Eskifjörður,2022,1408,110251
Herring,Eskifjörður,2023,1033,61734
Herring,Eskifjörður,2024,3318,242300
Herring,Eyrarbakki,1982,141,410
Herring,Eyrarbakki,1983,283,1107
Herring,Eyrarbakki,1984,33,147
Herring,Eyrarbakki,1985,0,0
Herring,Eyrarbakki,1986,0,0
Herring,Eyrarbakki,1987,45,289
Herring,Eyrarbakki,1988,358,2853
Herring,Eyrarbakki,1989,96,784
Herring,Eyrarbakki,1990,101,850
Herring,Eyrarbakki,1991,0,0
Herring,Eyrarbakki,1992,0,0
Herring,Eyrarbakki,1993,0,0
Herring,Eyrarbakki,1994,0,0
Herring,Eyrarbakki,1995,0,0
Herring,Eyrarbakki,1996,0,0
Herring,Eyrarbakki,1997,0,0
Herring,Eyrarbakki,1998,0,0
Herring,Eyrarbakki,1999,0,0
Herring,Eyrarbakki,2000,0,0
Herring,Eyrarbakki,2001,0,0
Herring,Eyrarbakki,2002,0,0
Herring,Eyrarbakki,2003,0,0
Herring,Eyrarbakki,2004,0,0
Herring,Eyrarbakki,2005,0,0
Herring,Eyrarbakki,2006,0,0
Herring,Eyrarbakki,2007,0,0
Herring,Eyrarbakki,2008,0,0
Herring,Eyrarbakki,2009,0,0
Herring,Eyrarbakki,2010,0,0
Herring,Eyrarbakki,2011,0,0
Herring,Eyrarbakki,2012,0,0
Herring,Eyrarbakki,2013,0,0
Herring,Eyrarbakki,2014,0,0
Herring,Eyrarbakki,2015,0,0
Herring,Eyrarbakki,2016,0,0
Herring,Eyrarbakki,2017,0,0
Herring,Eyrarbakki,2018,0,0
Herring,Eyrarbakki,2019,0,0
Herring,Eyrarbakki,2020,0,0
Herring,Eyrarbakki,2021,0,0
Herring,Eyrarbakki,2022,0,0
Herring,Eyrarbakki,2023,0,0
Herring,Eyrarbakki,2024,0,0
Herring,Flatey á Breiðafirði,1982,0,0
Herring,Flatey á Breiðafirði,1983,0,0
Herring,Flatey á Breiðafirði,1984,0,0
Herring,Flatey á Breiðafirði,1985,0,0
Herring,Flatey á Breiðafirði,1986,0,0
Herring,Flatey á Breiðafirði,1987,0,0
Herring,Flatey á Breiðafirði,1988,0,0
Herring,Flatey á Breiðafirði,1989,0,0
Herring,Flatey á Breiðafirði,1990,0,0
Herring,Flatey á Breiðafirði,1991,0,0
Herring,Flatey á Breiðafirði,1992,0,0
Herring,Flatey á Breiðafirði,1993,0,0
Herring,Flatey á Breiðafirði,1994,0,0
Herring,Flatey á Breiðafirði,1995,0,0
Herring,Flatey á Breiðafirði,1996,0,0
Herring,Flatey á Breiðafirði,1997,0,0
Herring,Flatey á Breiðafirði,1998,0,0
Herring,Flatey á Breiðafirði,1999,0,0
Herring,Flatey á Breiðafirði,2000,0,0
Herring,Flatey á Breiðafirði,2001,0,0
Herring,Flatey á Breiðafirði,2002,0,0
Herring,Flatey á Breiðafirði,2003,0,0
Herring,Flatey á Breiðafirði,2004,0,0
Herring,Flatey á Breiðafirði,2005,0,0
Herring,Flatey á Breiðafirði,2006,0,0
Herring,Flatey á Breiðafirði,2007,0,0
Herring,Flatey á Breiðafirði,2008,0,0
Herring,Flatey á Breiðafirði,2009,0,0
Herring,Flatey á Breiðafirði,2010,0,0
Herring,Flatey á Breiðafirði,2011,0,0
Herring,Flatey á Breiðafirði,2012,0,0
Herring,Flatey á Breiðafirði,2013,0,0
Herring,Flatey á Breiðafirði,2014,0,0
Herring,Flatey á Breiðafirði,2015,0,0
Herring,Flatey á Breiðafirði,2016,0,0
Herring,Flatey á Breiðafirði,2017,0,0
Herring,Flatey á Breiðafirði,2018,0,0
Herring,Flatey á Breiðafirði,2019,0,0
Herring,Flatey á Breiðafirði,2020,0,0
Herring,Flatey á Breiðafirði,2021,0,0
Herring,Flatey á Breiðafirði,2022,0,0
Herring,Flatey á Breiðafirði,2023,0,0
Herring,Flatey á Breiðafirði,2024,0,0
Herring,Flateyri,1982,0,0
Herring,Flateyri,1983,21,87
Herring,Flateyri,1984,0,0
Herring,Flateyri,1985,0,0
Herring,Flateyri,1986,20,260
Herring,Flateyri,1987,0,0
Herring,Flateyri,1988,0,0
Herring,Flateyri,1989,0,0
Herring,Flateyri,1990,0,0
Herring,Flateyri,1991,0,0
Herring,Flateyri,1992,0,0
Herring,Flateyri,1993,0,0
Herring,Flateyri,1994,0,0
Herring,Flateyri,1995,0,0
Herring,Flateyri,1996,0,0
Herring,Flateyri,1997,0,0
Herring,Flateyri,1998,0,0
Herring,Flateyri,1999,0,0
Herring,Flateyri,2000,0,0
Herring,Flateyri,2001,0,0
Herring,Flateyri,2002,0,0
Herring,Flateyri,2003,0,0
Herring,Flateyri,2004,0,0
Herring,Flateyri,2005,0,0
Herring,Flateyri,2006,0,0
Herring,Flateyri,2007,0,0
Herring,Flateyri,2008,0,0
Herring,Flateyri,2009,0,0
Herring,Flateyri,2010,0,0
Herring,Flateyri,2011,40,1580
Herring,Flateyri,2012,4,225
Herring,Flateyri,2013,1,33
Herring,Flateyri,2014,35,1760
Herring,Flateyri,2015,23,1136
Herring,Flateyri,2016,0,0
Herring,Flateyri,2017,0,0
Herring,Flateyri,2018,0,0
Herring,Flateyri,2019,0,0
Herring,Flateyri,2020,0,0
Herring,Flateyri,2021,0,0
Herring,Flateyri,2022,0,0
Herring,Flateyri,2023,0,0
Herring,Flateyri,2024,0,0
Herring,Fáskrúðsfjörður,1982,2830,8526
Herring,Fáskrúðsfjörður,1983,2519,12505
Herring,Fáskrúðsfjörður,1984,2580,13270
Herring,Fáskrúðsfjörður,1985,3036,22652
Herring,Fáskrúðsfjörður,1986,3445,18732
Herring,Fáskrúðsfjörður,1987,3317,21424
Herring,Fáskrúðsfjörður,1988,4181,33543
Herring,Fáskrúðsfjörður,1989,4352,41771
Herring,Fáskrúðsfjörður,1990,4288,41356
Herring,Fáskrúðsfjörður,1991,2590,22104
Herring,Fáskrúðsfjörður,1992,1906,14705
Herring,Fáskrúðsfjörður,1993,829,5962
Herring,Fáskrúðsfjörður,1994,2095,17033
Herring,Fáskrúðsfjörður,1995,0,0
Herring,Fáskrúðsfjörður,1996,1290,10526
Herring,Fáskrúðsfjörður,1997,3370,35336
Herring,Fáskrúðsfjörður,1998,3856,55254
Herring,Fáskrúðsfjörður,1999,7133,59416
Herring,Fáskrúðsfjörður,2000,8339,71731
Herring,Fáskrúðsfjörður,2001,3836,77380
Herring,Fáskrúðsfjörður,2002,3239,46386
Herring,Fáskrúðsfjörður,2003,10093,102860
Herring,Fáskrúðsfjörður,2004,6124,70863
Herring,Fáskrúðsfjörður,2005,3833,51733
Herring,Fáskrúðsfjörður,2006,4316,74695
Herring,Fáskrúðsfjörður,2007,6056,89596
Herring,Fáskrúðsfjörður,2008,6998,168450
Herring,Fáskrúðsfjörður,2009,1803,59204
Herring,Fáskrúðsfjörður,2010,2147,76560
Herring,Fáskrúðsfjörður,2011,1583,64853
Herring,Fáskrúðsfjörður,2012,2124,110825
Herring,Fáskrúðsfjörður,2013,554,27120
Herring,Fáskrúðsfjörður,2014,6828,314847
Herring,Fáskrúðsfjörður,2015,2755,122327
Herring,Fáskrúðsfjörður,2016,4035,193588
Herring,Fáskrúðsfjörður,2017,2011,68007
Herring,Fáskrúðsfjörður,2018,2844,104158
Herring,Fáskrúðsfjörður,2019,4345,175049
Herring,Fáskrúðsfjörður,2020,1699,81784
Herring,Fáskrúðsfjörður,2021,3394,182280
Herring,Fáskrúðsfjörður,2022,3463,237000
Herring,Fáskrúðsfjörður,2023,5451,423927
Herring,Fáskrúðsfjörður,2024,2516,187711
Herring,Garðabær,1982,0,0
Herring,Garðabær,1983,0,0
Herring,Garðabær,1984,0,0
Herring,Garðabær,1985,0,0
Herring,Garðabær,1986,0,0
Herring,Garðabær,1987,0,0
Herring,Garðabær,1988,0,0
Herring,Garðabær,1989,0,0
Herring,Garðabær,1990,0,0
Herring,Garðabær,1991,0,0
Herring,Garðabær,1992,0,0
Herring,Garðabær,1993,0,0
Herring,Garðabær,1994,0,0
Herring,Garðabær,1995,0,0
Herring,Garðabær,1996,0,0
Herring,Garðabær,1997,0,0
Herring,Garðabær,1998,0,0
Herring,Garðabær,1999,0,0
Herring,Garðabær,2000,0,0
Herring,Garðabær,2001,0,0
Herring,Garðabær,2002,0,0
Herring,Garðabær,2003,0,0
Herring,Garðabær,2004,0,0
Herring,Garðabær,2005,0,0
Herring,Garðabær,2006,0,0
Herring,Garðabær,2007,0,0
Herring,Garðabær,2008,0,0
Herring,Garðabær,2009,0,0
Herring,Garðabær,2010,0,0
Herring,Garðabær,2011,0,0
Herring,Garðabær,2012,0,0
Herring,Garðabær,2013,0,0
Herring,Garðabær,2014,0,0
Herring,Garðabær,2015,0,0
Herring,Garðabær,2016,0,0
Herring,Garðabær,2017,0,0
Herring,Garðabær,2018,0,0
Herring,Garðabær,2019,0,0
Herring,Garðabær,2020,0,0
Herring,Garðabær,2021,0,0
Herring,Garðabær,2022,0,0
Herring,Garðabær,2023,0,0
Herring,Garðabær,2024,0,0
Herring,Garður,1982,1324,3764
Herring,Garður,1983,967,3679
Herring,Garður,1984,532,2335
Herring,Garður,1985,127,842
Herring,Garður,1986,276,1315
Herring,Garður,1987,92,532
Herring,Garður,1988,762,5989
Herring,Garður,1989,512,4699
Herring,Garður,1990,565,5110
Herring,Garður,1991,1183,9594
Herring,Garður,1992,1664,13473
Herring,Garður,1993,472,3817
Herring,Garður,1994,17,172
Herring,Garður,1995,0,0
Herring,Garður,1996,10,137
Herring,Garður,1997,0,0
Herring,Garður,1998,0,0
Herring,Garður,1999,0,0
Herring,Garður,2000,0,0
Herring,Garður,2001,0,0
Herring,Garður,2002,0,0
Herring,Garður,2003,0,0
Herring,Garður,2004,0,0
Herring,Garður,2005,0,0
Herring,Garður,2006,0,0
Herring,Garður,2007,0,0
Herring,Garður,2008,0,0
Herring,Garður,2009,0,0
Herring,Garður,2010,0,0
Herring,Garður,2011,0,0
Herring,Garður,2012,0,0
Herring,Garður,2013,0,0
Herring,Garður,2014,0,0
Herring,Garður,2015,0,0
Herring,Garður,2016,0,0
Herring,Garður,2017,0,0
Herring,Garður,2018,0,0
Herring,Garður,2019,0,0
Herring,Garður,2020,0,0
Herring,Garður,2021,0,0
Herring,Garður,2022,0,0
Herring,Garður,2023,0,0
Herring,Garður,2024,0,0
Herring,Grindavík,1982,5028,15179
Herring,Grindavík,1983,6204,26294
Herring,Grindavík,1984,6461,33091
Herring,Grindavík,1985,4478,34089
Herring,Grindavík,1986,5180,29315
Herring,Grindavík,1987,4626,29485
Herring,Grindavík,1988,6121,45770
Herring,Grindavík,1989,13740,97857
Herring,Grindavík,1990,11816,90790
Herring,Grindavík,1991,17381,100755
Herring,Grindavík,1992,19733,112334
Herring,Grindavík,1993,12068,69286
Herring,Grindavík,1994,9921,57610
Herring,Grindavík,1995,8646,68167
Herring,Grindavík,1996,1842,16442
Herring,Grindavík,1997,738,7525
Herring,Grindavík,1998,7245,92529
Herring,Grindavík,1999,12521,87569
Herring,Grindavík,2000,13086,85824
Herring,Grindavík,2001,7543,82082
Herring,Grindavík,2002,8758,243602
Herring,Grindavík,2003,12825,271649
Herring,Grindavík,2004,1010,34914
Herring,Grindavík,2005,1057,37309
Herring,Grindavík,2006,351,14632
Herring,Grindavík,2007,0,0
Herring,Grindavík,2008,0,0
Herring,Grindavík,2009,0,1
Herring,Grindavík,2010,36,1436
Herring,Grindavík,2011,126,8784
Herring,Grindavík,2012,157,17501
Herring,Grindavík,2013,175,19005
Herring,Grindavík,2014,149,18644
Herring,Grindavík,2015,334,38671
Herring,Grindavík,2016,228,29864
Herring,Grindavík,2017,251,30193
Herring,Grindavík,2018,294,40789
Herring,Grindavík,2019,307,49558
Herring,Grindavík,2020,292,43590
Herring,Grindavík,2021,0,0
Herring,Grindavík,2022,0,0
Herring,Grindavík,2023,0,0
Herring,Grindavík,2024,0,0
Herring,Grundarfjörður,1982,18,61
Herring,Grundarfjörður,1983,0,0
Herring,Grundarfjörður,1984,0,0
Herring,Grundarfjörður,1985,0,0
Herring,Grundarfjörður,1986,0,0
Herring,Grundarfjörður,1987,25,177
Herring,Grundarfjörður,1988,0,0
Herring,Grundarfjörður,1989,0,0
Herring,Grundarfjörður,1990,0,0
Herring,Grundarfjörður,1991,0,0
Herring,Grundarfjörður,1992,0,0
Herring,Grundarfjörður,1993,0,0
Herring,Grundarfjörður,1994,0,0
Herring,Grundarfjörður,1995,0,0
Herring,Grundarfjörður,1996,0,0
Herring,Grundarfjörður,1997,0,0
Herring,Grundarfjörður,1998,0,0
Herring,Grundarfjörður,1999,0,0
Herring,Grundarfjörður,2000,0,1
Herring,Grundarfjörður,2001,0,0
Herring,Grundarfjörður,2002,0,0
Herring,Grundarfjörður,2003,0,0
Herring,Grundarfjörður,2004,0,0
Herring,Grundarfjörður,2005,290,14066
Herring,Grundarfjörður,2006,0,0
Herring,Grundarfjörður,2007,6038,165791
Herring,Grundarfjörður,2008,7144,268387
Herring,Grundarfjörður,2009,0,0
Herring,Grundarfjörður,2010,51,264
Herring,Grundarfjörður,2011,95,7338
Herring,Grundarfjörður,2012,3625,437317
Herring,Grundarfjörður,2013,2287,206600
Herring,Grundarfjörður,2014,132,7006
Herring,Grundarfjörður,2015,26,1355
Herring,Grundarfjörður,2016,0,0
Herring,Grundarfjörður,2017,0,0
Herring,Grundarfjörður,2018,0,0
Herring,Grundarfjörður,2019,0,0
Herring,Grundarfjörður,2020,0,0
Herring,Grundarfjörður,2021,0,0
Herring,Grundarfjörður,2022,0,0
Herring,Grundarfjörður,2023,0,0
Herring,Grundarfjörður,2024,0,0
Herring,Grímsey,1982,0,0
Herring,Grímsey,1983,0,0
Herring,Grímsey,1984,0,0
Herring,Grímsey,1985,0,0
Herring,Grímsey,1986,0,0
Herring,Grímsey,1987,0,0
Herring,Grímsey,1988,0,0
Herring,Grímsey,1989,0,0
Herring,Grímsey,1990,0,0
Herring,Grímsey,1991,0,0
Herring,Grímsey,1992,0,0
Herring,Grímsey,1993,0,0
Herring,Grímsey,1994,0,0
Herring,Grímsey,1995,0,0
Herring,Grímsey,1996,0,0
Herring,Grímsey,1997,0,0
Herring,Grímsey,1998,0,0
Herring,Grímsey,1999,0,0
Herring,Grímsey,2000,0,0
Herring,Grímsey,2001,0,0
Herring,Grímsey,2002,0,0
Herring,Grímsey,2003,0,0
Herring,Grímsey,2004,0,0
Herring,Grímsey,2005,0,0
Herring,Grímsey,2006,0,0
Herring,Grímsey,2007,0,0
Herring,Grímsey,2008,0,0
Herring,Grímsey,2009,0,0
Herring,Grímsey,2010,0,0
Herring,Grímsey,2011,0,0
Herring,Grímsey,2012,0,0
Herring,Grímsey,2013,0,0
Herring,Grímsey,2014,0,0
Herring,Grímsey,2015,0,0
Herring,Grímsey,2016,0,0
Herring,Grímsey,2017,0,0
Herring,Grímsey,2018,0,0
Herring,Grímsey,2019,0,0
Herring,Grímsey,2020,0,0
Herring,Grímsey,2021,0,0
Herring,Grímsey,2022,0,0
Herring,Grímsey,2023,0,0
Herring,Grímsey,2024,0,0
Herring,Hafnarfjörður,1982,1244,3310
Herring,Hafnarfjörður,1983,1091,4414
Herring,Hafnarfjörður,1984,989,4604
Herring,Hafnarfjörður,1985,1288,8602
Herring,Hafnarfjörður,1986,1488,8248
Herring,Hafnarfjörður,1987,1177,6453
Herring,Hafnarfjörður,1988,2017,13830
Herring,Hafnarfjörður,1989,1727,12890
Herring,Hafnarfjörður,1990,1264,11591
Herring,Hafnarfjörður,1991,805,6533
Herring,Hafnarfjörður,1992,329,2734
Herring,Hafnarfjörður,1993,997,62288
Herring,Hafnarfjörður,1994,0,4
Herring,Hafnarfjörður,1995,8,135
Herring,Hafnarfjörður,1996,603,18884
Herring,Hafnarfjörður,1997,2171,89286
Herring,Hafnarfjörður,1998,484,18368
Herring,Hafnarfjörður,1999,468,18636
Herring,Hafnarfjörður,2000,0,0
Herring,Hafnarfjörður,2001,0,0
Herring,Hafnarfjörður,2002,0,0
Herring,Hafnarfjörður,2003,0,0
Herring,Hafnarfjörður,2004,3841,151293
Herring,Hafnarfjörður,2005,1874,66444
Herring,Hafnarfjörður,2006,1361,43879
Herring,Hafnarfjörður,2007,2698,78993
Herring,Hafnarfjörður,2008,0,0
Herring,Hafnarfjörður,2009,0,0
Herring,Hafnarfjörður,2010,0,0
Herring,Hafnarfjörður,2011,3027,342715
Herring,Hafnarfjörður,2012,2262,279295
Herring,Hafnarfjörður,2013,1127,104184
Herring,Hafnarfjörður,2014,6591,595290
Herring,Hafnarfjörður,2015,9538,756118
Herring,Hafnarfjörður,2016,4666,396306
Herring,Hafnarfjörður,2017,142,8319
Herring,Hafnarfjörður,2018,20,2826
Herring,Hafnarfjörður,2019,0,0
Herring,Hafnarfjörður,2020,99,13032
Herring,Hafnarfjörður,2021,0,0
Herring,Hafnarfjörður,2022,0,0
Herring,Hafnarfjörður,2023,0,0
Herring,Hafnarfjörður,2024,0,0
Herring,Hafnir,1982,0,0
Herring,Hafnir,1983,0,0
Herring,Hafnir,1984,0,0
Herring,Hafnir,1985,0,0
Herring,Hafnir,1986,0,0
Herring,Hafnir,1987,0,0
Herring,Hafnir,1988,0,0
Herring,Hafnir,1989,0,0
Herring,Hafnir,1990,0,0
Herring,Hafnir,1991,0,0
Herring,Hafnir,1992,0,0
Herring,Hafnir,1993,0,0
Herring,Hafnir,1994,0,0
Herring,Hafnir,1995,0,0
Herring,Hafnir,1996,0,0
Herring,Hafnir,1997,0,0
Herring,Hafnir,1998,0,0
Herring,Hafnir,1999,0,0
Herring,Hafnir,2000,0,0
Herring,Hafnir,2001,0,0
Herring,Hafnir,2002,0,0
Herring,Hafnir,2003,0,0
Herring,Hafnir,2004,0,0
Herring,Hafnir,2005,0,0
Herring,Hafnir,2006,0,0
Herring,Hafnir,2007,0,0
Herring,Hafnir,2008,0,0
Herring,Hafnir,2009,0,0
Herring,Hafnir,2010,0,0
Herring,Hafnir,2011,0,0
Herring,Hafnir,2012,0,0
Herring,Hafnir,2013,0,0
Herring,Hafnir,2014,0,0
Herring,Hafnir,2015,0,0
Herring,Hafnir,2016,0,0
Herring,Hafnir,2017,0,0
Herring,Hafnir,2018,0,0
Herring,Hafnir,2019,0,0
Herring,Hafnir,2020,0,0
Herring,Hafnir,2021,0,0
Herring,Hafnir,2022,0,0
Herring,Hafnir,2023,0,0
Herring,Hafnir,2024,0,0
Herring,Haganesvík,1982,0,0
Herring,Haganesvík,1983,0,0
Herring,Haganesvík,1984,0,0
Herring,Haganesvík,1985,0,0
Herring,Haganesvík,1986,0,0
Herring,Haganesvík,1987,0,0
Herring,Haganesvík,1988,0,0
Herring,Haganesvík,1989,0,0
Herring,Haganesvík,1990,0,0
Herring,Haganesvík,1991,0,0
Herring,Haganesvík,1992,0,0
Herring,Haganesvík,1993,0,0
Herring,Haganesvík,1994,0,0
Herring,Haganesvík,1995,0,0
Herring,Haganesvík,1996,0,0
Herring,Haganesvík,1997,0,0
Herring,Haganesvík,1998,0,0
Herring,Haganesvík,1999,0,0
Herring,Haganesvík,2000,0,0
Herring,Haganesvík,2001,0,0
Herring,Haganesvík,2002,0,0
Herring,Haganesvík,2003,0,0
Herring,Haganesvík,2004,0,0
Herring,Haganesvík,2005,0,0
Herring,Haganesvík,2006,0,0
Herring,Haganesvík,2007,0,0
Herring,Haganesvík,2008,0,0
Herring,Haganesvík,2009,0,0
Herring,Haganesvík,2010,0,0
Herring,Haganesvík,2011,0,0
Herring,Haganesvík,2012,0,0
Herring,Haganesvík,2013,0,0
Herring,Haganesvík,2014,0,0
Herring,Haganesvík,2015,0,0
Herring,Haganesvík,2016,0,0
Herring,Haganesvík,2017,0,0
Herring,Haganesvík,2018,0,0
Herring,Haganesvík,2019,0,0
Herring,Haganesvík,2020,0,0
Herring,Haganesvík,2021,0,0
Herring,Haganesvík,2022,0,0
Herring,Haganesvík,2023,0,0
Herring,Haganesvík,2024,0,0
Herring,Hauganes,1982,0,0
Herring,Hauganes,1983,0,0
Herring,Hauganes,1984,0,0
Herring,Hauganes,1985,0,0
Herring,Hauganes,1986,0,0
Herring,Hauganes,1987,0,0
Herring,Hauganes,1988,0,0
Herring,Hauganes,1989,0,0
Herring,Hauganes,1990,0,0
Herring,Hauganes,1991,0,0
Herring,Hauganes,1992,0,0
Herring,Hauganes,1993,0,0
Herring,Hauganes,1994,0,0
Herring,Hauganes,1995,0,0
Herring,Hauganes,1996,0,0
Herring,Hauganes,1997,0,0
Herring,Hauganes,1998,0,0
Herring,Hauganes,1999,0,0
Herring,Hauganes,2000,0,0
Herring,Hauganes,2001,0,0
Herring,Hauganes,2002,0,0
Herring,Hauganes,2003,0,0
Herring,Hauganes,2004,0,0
Herring,Hauganes,2005,0,0
Herring,Hauganes,2006,0,0
Herring,Hauganes,2007,0,0
Herring,Hauganes,2008,0,0
Herring,Hauganes,2009,0,0
Herring,Hauganes,2010,0,0
Herring,Hauganes,2011,0,0
Herring,Hauganes,2012,0,0
Herring,Hauganes,2013,0,0
Herring,Hauganes,2014,0,0
Herring,Hauganes,2015,0,0
Herring,Hauganes,2016,0,0
Herring,Hauganes,2017,0,0
Herring,Hauganes,2018,0,0
Herring,Hauganes,2019,0,0
Herring,Hauganes,2020,0,0
Herring,Hauganes,2021,0,0
Herring,Hauganes,2022,0,0
Herring,Hauganes,2023,0,0
Herring,Hauganes,2024,0,0
Herring,Haukabergsvaðall,1982,0,0
Herring,Haukabergsvaðall,1983,0,0
Herring,Haukabergsvaðall,1984,0,0
Herring,Haukabergsvaðall,1985,0,0
Herring,Haukabergsvaðall,1986,0,0
Herring,Haukabergsvaðall,1987,0,0
Herring,Haukabergsvaðall,1988,0,0
Herring,Haukabergsvaðall,1989,0,0
Herring,Haukabergsvaðall,1990,0,0
Herring,Haukabergsvaðall,1991,0,0
Herring,Haukabergsvaðall,1992,0,0
Herring,Haukabergsvaðall,1993,0,0
Herring,Haukabergsvaðall,1994,0,0
Herring,Haukabergsvaðall,1995,0,0
Herring,Haukabergsvaðall,1996,0,0
Herring,Haukabergsvaðall,1997,0,0
Herring,Haukabergsvaðall,1998,0,0
Herring,Haukabergsvaðall,1999,0,0
Herring,Haukabergsvaðall,2000,0,0
Herring,Haukabergsvaðall,2001,0,0
Herring,Haukabergsvaðall,2002,0,0
Herring,Haukabergsvaðall,2003,0,0
Herring,Haukabergsvaðall,2004,0,0
Herring,Haukabergsvaðall,2005,0,0
Herring,Haukabergsvaðall,2006,0,0
Herring,Haukabergsvaðall,2007,0,0
Herring,Haukabergsvaðall,2008,0,0
Herring,Haukabergsvaðall,2009,0,0
Herring,Haukabergsvaðall,2010,0,0
Herring,Haukabergsvaðall,2011,0,0
Herring,Haukabergsvaðall,2012,0,0
Herring,Haukabergsvaðall,2013,0,0
Herring,Haukabergsvaðall,2014,0,0
Herring,Haukabergsvaðall,2015,0,0
Herring,Haukabergsvaðall,2016,0,0
Herring,Haukabergsvaðall,2017,0,0
Herring,Haukabergsvaðall,2018,0,0
Herring,Haukabergsvaðall,2019,0,0
Herring,Haukabergsvaðall,2020,0,0
Herring,Haukabergsvaðall,2021,0,0
Herring,Haukabergsvaðall,2022,0,0
Herring,Haukabergsvaðall,2023,0,0
Herring,Haukabergsvaðall,2024,0,0
Herring,Hellissandur,1982,138,361
Herring,Hellissandur,1983,0,0
Herring,Hellissandur,1984,31,148
Herring,Hellissandur,1985,91,510
Herring,Hellissandur,1986,102,526
Herring,Hellissandur,1987,82,574
Herring,Hellissandur,1988,88,736
Herring,Hellissandur,1989,83,872
Herring,Hellissandur,1990,75,780
Herring,Hellissandur,1991,20,198
Herring,Hellissandur,1992,0,0
Herring,Hellissandur,1993,2,16
Herring,Hellissandur,1994,0,0
Herring,Hellissandur,1995,0,0
Herring,Hellissandur,1996,0,0
Herring,Hellissandur,1997,0,0
Herring,Hellissandur,1998,0,0
Herring,Hellissandur,1999,0,0
Herring,Hellissandur,2000,0,0
Herring,Hellissandur,2001,0,0
Herring,Hellissandur,2002,0,0
Herring,Hellissandur,2003,0,0
Herring,Hellissandur,2004,0,0
Herring,Hellissandur,2005,0,0
Herring,Hellissandur,2006,0,0
Herring,Hellissandur,2007,0,0
Herring,Hellissandur,2008,0,0
Herring,Hellissandur,2009,0,0
Herring,Hellissandur,2010,0,0
Herring,Hellissandur,2011,0,0
Herring,Hellissandur,2012,0,0
Herring,Hellissandur,2013,0,0
Herring,Hellissandur,2014,0,0
Herring,Hellissandur,2015,0,0
Herring,Hellissandur,2016,0,0
Herring,Hellissandur,2017,0,0
Herring,Hellissandur,2018,0,0
Herring,Hellissandur,2019,0,0
Herring,Hellissandur,2020,0,0
Herring,Hellissandur,2021,0,0
Herring,Hellissandur,2022,0,0
Herring,Hellissandur,2023,0,0
Herring,Hellissandur,2024,0,0
Herring,Hellnar,1982,0,0
Herring,Hellnar,1983,0,0
Herring,Hellnar,1984,0,0
Herring,Hellnar,1985,0,0
Herring,Hellnar,1986,0,0
Herring,Hellnar,1987,0,0
Herring,Hellnar,1988,0,0
Herring,Hellnar,1989,0,0
Herring,Hellnar,1990,0,0
Herring,Hellnar,1991,0,0
Herring,Hellnar,1992,0,0
Herring,Hellnar,1993,0,0
Herring,Hellnar,1994,0,0
Herring,Hellnar,1995,0,0
Herring,Hellnar,1996,0,0
Herring,Hellnar,1997,0,0
Herring,Hellnar,1998,0,0
Herring,Hellnar,1999,0,0
Herring,Hellnar,2000,0,0
Herring,Hellnar,2001,0,0
Herring,Hellnar,2002,0,0
Herring,Hellnar,2003,0,0
Herring,Hellnar,2004,0,0
Herring,Hellnar,2005,0,0
Herring,Hellnar,2006,0,0
Herring,Hellnar,2007,0,0
Herring,Hellnar,2008,0,0
Herring,Hellnar,2009,0,0
Herring,Hellnar,2010,0,0
Herring,Hellnar,2011,0,0
Herring,Hellnar,2012,0,0
Herring,Hellnar,2013,0,0
Herring,Hellnar,2014,0,0
Herring,Hellnar,2015,0,0
Herring,Hellnar,2016,0,0
Herring,Hellnar,2017,0,0
Herring,Hellnar,2018,0,0
Herring,Hellnar,2019,0,0
Herring,Hellnar,2020,0,0
Herring,Hellnar,2021,0,0
Herring,Hellnar,2022,0,0
Herring,Hellnar,2023,0,0
Herring,Hellnar,2024,0,0
Herring,Hjalteyri,1982,0,0
Herring,Hjalteyri,1983,0,0
Herring,Hjalteyri,1984,0,0
Herring,Hjalteyri,1985,0,0
Herring,Hjalteyri,1986,0,0
Herring,Hjalteyri,1987,0,0
Herring,Hjalteyri,1988,0,0
Herring,Hjalteyri,1989,0,0
Herring,Hjalteyri,1990,0,0
Herring,Hjalteyri,1991,0,0
Herring,Hjalteyri,1992,0,0
Herring,Hjalteyri,1993,0,0
Herring,Hjalteyri,1994,0,0
Herring,Hjalteyri,1995,0,0
Herring,Hjalteyri,1996,0,0
Herring,Hjalteyri,1997,0,0
Herring,Hjalteyri,1998,0,0
Herring,Hjalteyri,1999,0,0
Herring,Hjalteyri,2000,0,0
Herring,Hjalteyri,2001,0,0
Herring,Hjalteyri,2002,0,0
Herring,Hjalteyri,2003,0,0
Herring,Hjalteyri,2004,0,0
Herring,Hjalteyri,2005,0,0
Herring,Hjalteyri,2006,0,0
Herring,Hjalteyri,2007,0,0
Herring,Hjalteyri,2008,0,0
Herring,Hjalteyri,2009,0,0
Herring,Hjalteyri,2010,0,0
Herring,Hjalteyri,2011,0,0
Herring,Hjalteyri,2012,0,0
Herring,Hjalteyri,2013,0,0
Herring,Hjalteyri,2014,0,0
Herring,Hjalteyri,2015,0,0
Herring,Hjalteyri,2016,0,0
Herring,Hjalteyri,2017,0,0
Herring,Hjalteyri,2018,0,0
Herring,Hjalteyri,2019,0,0
Herring,Hjalteyri,2020,0,0
Herring,Hjalteyri,2021,0,0
Herring,Hjalteyri,2022,0,0
Herring,Hjalteyri,2023,0,0
Herring,Hjalteyri,2024,0,0
Herring,Hnífsdalur,1982,0,0
Herring,Hnífsdalur,1983,0,0
Herring,Hnífsdalur,1984,0,0
Herring,Hnífsdalur,1985,0,0
Herring,Hnífsdalur,1986,0,0
Herring,Hnífsdalur,1987,0,0
Herring,Hnífsdalur,1988,0,0
Herring,Hnífsdalur,1989,0,0
Herring,Hnífsdalur,1990,0,0
Herring,Hnífsdalur,1991,0,0
Herring,Hnífsdalur,1992,0,0
Herring,Hnífsdalur,1993,0,0
Herring,Hnífsdalur,1994,0,0
Herring,Hnífsdalur,1995,0,0
Herring,Hnífsdalur,1996,0,0
Herring,Hnífsdalur,1997,0,0
Herring,Hnífsdalur,1998,0,0
Herring,Hnífsdalur,1999,0,0
Herring,Hnífsdalur,2000,0,0
Herring,Hnífsdalur,2001,0,0
Herring,Hnífsdalur,2002,0,0
Herring,Hnífsdalur,2003,0,0
Herring,Hnífsdalur,2004,0,0
Herring,Hnífsdalur,2005,0,0
Herring,Hnífsdalur,2006,0,0
Herring,Hnífsdalur,2007,0,0
Herring,Hnífsdalur,2008,0,0
Herring,Hnífsdalur,2009,0,0
Herring,Hnífsdalur,2010,0,0
Herring,Hnífsdalur,2011,0,0
Herring,Hnífsdalur,2012,0,0
Herring,Hnífsdalur,2013,0,0
Herring,Hnífsdalur,2014,0,0
Herring,Hnífsdalur,2015,0,0
Herring,Hnífsdalur,2016,0,0
Herring,Hnífsdalur,2017,0,0
Herring,Hnífsdalur,2018,0,0
Herring,Hnífsdalur,2019,0,0
Herring,Hnífsdalur,2020,0,0
Herring,Hnífsdalur,2021,0,0
Herring,Hnífsdalur,2022,0,0
Herring,Hnífsdalur,2023,0,0
Herring,Hnífsdalur,2024,0,0
Herring,Hofsós,1982,0,0
Herring,Hofsós,1983,0,0
Herring,Hofsós,1984,0,0
Herring,Hofsós,1985,0,0
Herring,Hofsós,1986,0,0
Herring,Hofsós,1987,0,0
Herring,Hofsós,1988,0,0
Herring,Hofsós,1989,0,0
Herring,Hofsós,1990,0,0
Herring,Hofsós,1991,0,0
Herring,Hofsós,1992,0,0
Herring,Hofsós,1993,0,0
Herring,Hofsós,1994,0,0
Herring,Hofsós,1995,0,0
Herring,Hofsós,1996,0,0
Herring,Hofsós,1997,0,0
Herring,Hofsós,1998,0,0
Herring,Hofsós,1999,0,0
Herring,Hofsós,2000,0,0
Herring,Hofsós,2001,0,0
Herring,Hofsós,2002,0,0
Herring,Hofsós,2003,0,0
Herring,Hofsós,2004,0,0
Herring,Hofsós,2005,0,0
Herring,Hofsós,2006,0,0
Herring,Hofsós,2007,0,0
Herring,Hofsós,2008,0,0
Herring,Hofsós,2009,0,0
Herring,Hofsós,2010,0,0
Herring,Hofsós,2011,0,0
Herring,Hofsós,2012,0,0
Herring,Hofsós,2013,0,0
Herring,Hofsós,2014,0,0
Herring,Hofsós,2015,0,0
Herring,Hofsós,2016,0,0
Herring,Hofsós,2017,0,0
Herring,Hofsós,2018,0,0
Herring,Hofsós,2019,0,0
Herring,Hofsós,2020,0,0
Herring,Hofsós,2021,0,0
Herring,Hofsós,2022,0,0
Herring,Hofsós,2023,0,0
Herring,Hofsós,2024,0,0
Herring,Hornafjörður,1982,5805,16708
Herring,Hornafjörður,1983,7568,34871
Herring,Hornafjörður,1984,5968,28664
Herring,Hornafjörður,1985,5121,35573
Herring,Hornafjörður,1986,7547,40469
Herring,Hornafjörður,1987,9617,61070
Herring,Hornafjörður,1988,11402,84974
Herring,Hornafjörður,1989,16523,125380
Herring,Hornafjörður,1990,16000,136554
Herring,Hornafjörður,1991,10050,77494
Herring,Hornafjörður,1992,10569,73619
Herring,Hornafjörður,1993,14944,101943
Herring,Hornafjörður,1994,28071,177355
Herring,Hornafjörður,1995,22601,167280
Herring,Hornafjörður,1996,21230,181444
Herring,Hornafjörður,1997,11674,117429
Herring,Hornafjörður,1998,8074,97859
Herring,Hornafjörður,1999,16528,147646
Herring,Hornafjörður,2000,15791,117523
Herring,Hornafjörður,2001,17892,282756
Herring,Hornafjörður,2002,11857,150926
Herring,Hornafjörður,2003,22119,233362
Herring,Hornafjörður,2004,22329,244418
Herring,Hornafjörður,2005,19314,217235
Herring,Hornafjörður,2006,22983,346109
Herring,Hornafjörður,2007,32059,387469
Herring,Hornafjörður,2008,32603,681266
Herring,Hornafjörður,2009,15757,417542
Herring,Hornafjörður,2010,9859,322349
Herring,Hornafjörður,2011,9228,388699
Herring,Hornafjörður,2012,14474,654103
Herring,Hornafjörður,2013,12964,541171
Herring,Hornafjörður,2014,17544,776904
Herring,Hornafjörður,2015,12688,454370
Herring,Hornafjörður,2016,10409,423970
Herring,Hornafjörður,2017,7578,217767
Herring,Hornafjörður,2018,6993,213442
Herring,Hornafjörður,2019,5725,204463
Herring,Hornafjörður,2020,6289,249065
Herring,Hornafjörður,2021,10524,472970
Herring,Hornafjörður,2022,15488,913792
Herring,Hornafjörður,2023,16740,1196333
Herring,Hornafjörður,2024,11615,768375
Herring,Hrísey,1982,47,181
Herring,Hrísey,1983,58,230
Herring,Hrísey,1984,0,0
Herring,Hrísey,1985,0,0
Herring,Hrísey,1986,0,0
Herring,Hrísey,1987,0,0
Herring,Hrísey,1988,0,0
Herring,Hrísey,1989,0,0
Herring,Hrísey,1990,0,0
Herring,Hrísey,1991,0,0
Herring,Hrísey,1992,0,0
Herring,Hrísey,1993,0,0
Herring,Hrísey,1994,0,0
Herring,Hrísey,1995,0,0
Herring,Hrísey,1996,0,0
Herring,Hrísey,1997,0,0
Herring,Hrísey,1998,0,0
Herring,Hrísey,1999,0,0
Herring,Hrísey,2000,0,0
Herring,Hrísey,2001,0,0
Herring,Hrísey,2002,0,0
Herring,Hrísey,2003,0,0
Herring,Hrísey,2004,0,0
Herring,Hrísey,2005,0,0
Herring,Hrísey,2006,0,0
Herring,Hrísey,2007,0,0
Herring,Hrísey,2008,0,0
Herring,Hrísey,2009,0,0
Herring,Hrísey,2010,0,0
Herring,Hrísey,2011,0,0
Herring,Hrísey,2012,0,0
Herring,Hrísey,2013,0,0
Herring,Hrísey,2014,0,0
Herring,Hrísey,2015,0,0
Herring,Hrísey,2016,0,0
Herring,Hrísey,2017,0,0
Herring,Hrísey,2018,0,0
Herring,Hrísey,2019,0,0
Herring,Hrísey,2020,0,0
Herring,Hrísey,2021,0,0
Herring,Hrísey,2022,0,0
Herring,Hrísey,2023,0,0
Herring,Hrísey,2024,0,0
Herring,Hvalseyjar,1982,0,0
Herring,Hvalseyjar,1983,0,0
Herring,Hvalseyjar,1984,0,0
Herring,Hvalseyjar,1985,0,0
Herring,Hvalseyjar,1986,0,0
Herring,Hvalseyjar,1987,0,0
Herring,Hvalseyjar,1988,0,0
Herring,Hvalseyjar,1989,0,0
Herring,Hvalseyjar,1990,0,0
Herring,Hvalseyjar,1991,0,0
Herring,Hvalseyjar,1992,0,0
Herring,Hvalseyjar,1993,0,0
Herring,Hvalseyjar,1994,0,0
Herring,Hvalseyjar,1995,0,0
Herring,Hvalseyjar,1996,0,0
Herring,Hvalseyjar,1997,0,0
Herring,Hvalseyjar,1998,0,0
Herring,Hvalseyjar,1999,0,0
Herring,Hvalseyjar,2000,0,0
Herring,Hvalseyjar,2001,0,0
Herring,Hvalseyjar,2002,0,0
Herring,Hvalseyjar,2003,0,0
Herring,Hvalseyjar,2004,0,0
Herring,Hvalseyjar,2005,0,0
Herring,Hvalseyjar,2006,0,0
Herring,Hvalseyjar,2007,0,0
Herring,Hvalseyjar,2008,0,0
Herring,Hvalseyjar,2009,0,0
Herring,Hvalseyjar,2010,0,0
Herring,Hvalseyjar,2011,0,0
Herring,Hvalseyjar,2012,0,0
Herring,Hvalseyjar,2013,0,0
Herring,Hvalseyjar,2014,0,0
Herring,Hvalseyjar,2015,0,0
Herring,Hvalseyjar,2016,0,0
Herring,Hvalseyjar,2017,0,0
Herring,Hvalseyjar,2018,0,0
Herring,Hvalseyjar,2019,0,0
Herring,Hvalseyjar,2020,0,0
Herring,Hvalseyjar,2021,0,0
Herring,Hvalseyjar,2022,0,0
Herring,Hvalseyjar,2023,0,0
Herring,Hvalseyjar,2024,0,0
Herring,Hvammstangi,1982,0,0
Herring,Hvammstangi,1983,0,0
Herring,Hvammstangi,1984,0,0
Herring,Hvammstangi,1985,0,0
Herring,Hvammstangi,1986,0,0
Herring,Hvammstangi,1987,0,0
Herring,Hvammstangi,1988,0,0
Herring,Hvammstangi,1989,0,0
Herring,Hvammstangi,1990,0,0
Herring,Hvammstangi,1991,0,0
Herring,Hvammstangi,1992,0,0
Herring,Hvammstangi,1993,0,0
Herring,Hvammstangi,1994,0,0
Herring,Hvammstangi,1995,0,0
Herring,Hvammstangi,1996,0,0
Herring,Hvammstangi,1997,0,0
Herring,Hvammstangi,1998,0,0
Herring,Hvammstangi,1999,0,0
Herring,Hvammstangi,2000,0,0
Herring,Hvammstangi,2001,0,0
Herring,Hvammstangi,2002,0,0
Herring,Hvammstangi,2003,0,0
Herring,Hvammstangi,2004,0,0
Herring,Hvammstangi,2005,0,0
Herring,Hvammstangi,2006,0,0
Herring,Hvammstangi,2007,0,0
Herring,Hvammstangi,2008,0,0
Herring,Hvammstangi,2009,0,0
Herring,Hvammstangi,2010,0,0
Herring,Hvammstangi,2011,0,0
Herring,Hvammstangi,2012,0,0
Herring,Hvammstangi,2013,0,0
Herring,Hvammstangi,2014,0,0
Herring,Hvammstangi,2015,0,0
Herring,Hvammstangi,2016,0,0
Herring,Hvammstangi,2017,0,0
Herring,Hvammstangi,2018,0,0
Herring,Hvammstangi,2019,0,0
Herring,Hvammstangi,2020,0,0
Herring,Hvammstangi,2021,0,0
Herring,Hvammstangi,2022,0,0
Herring,Hvammstangi,2023,0,0
Herring,Hvammstangi,2024,0,0
Herring,Hveragerði,1982,0,0
Herring,Hveragerði,1983,0,0
Herring,Hveragerði,1984,0,0
Herring,Hveragerði,1985,0,0
Herring,Hveragerði,1986,0,0
Herring,Hveragerði,1987,0,0
Herring,Hveragerði,1988,0,0
Herring,Hveragerði,1989,0,0
Herring,Hveragerði,1990,0,0
Herring,Hveragerði,1991,0,0
Herring,Hveragerði,1992,0,0
Herring,Hveragerði,1993,0,0
Herring,Hveragerði,1994,0,0
Herring,Hveragerði,1995,0,0
Herring,Hveragerði,1996,0,0
Herring,Hveragerði,1997,0,0
Herring,Hveragerði,1998,0,0
Herring,Hveragerði,1999,0,0
Herring,Hveragerði,2000,0,0
Herring,Hveragerði,2001,0,0
Herring,Hveragerði,2002,0,0
Herring,Hveragerði,2003,0,0
Herring,Hveragerði,2004,0,0
Herring,Hveragerði,2005,0,0
Herring,Hveragerði,2006,0,0
Herring,Hveragerði,2007,0,0
Herring,Hveragerði,2008,0,0
Herring,Hveragerði,2009,0,0
Herring,Hveragerði,2010,0,0
Herring,Hveragerði,2011,0,0
Herring,Hveragerði,2012,0,0
Herring,Hveragerði,2013,0,0
Herring,Hveragerði,2014,0,0
Herring,Hveragerði,2015,0,0
Herring,Hveragerði,2016,0,0
Herring,Hveragerði,2017,0,0
Herring,Hveragerði,2018,0,0
Herring,Hveragerði,2019,0,0
Herring,Hveragerði,2020,0,0
Herring,Hveragerði,2021,0,0
Herring,Hveragerði,2022,0,0
Herring,Hveragerði,2023,0,0
Herring,Hveragerði,2024,0,0
Herring,Hvolsvöllur,1982,0,0
Herring,Hvolsvöllur,1983,0,0
Herring,Hvolsvöllur,1984,0,0
Herring,Hvolsvöllur,1985,0,0
Herring,Hvolsvöllur,1986,0,0
Herring,Hvolsvöllur,1987,0,0
Herring,Hvolsvöllur,1988,0,0
Herring,Hvolsvöllur,1989,0,0
Herring,Hvolsvöllur,1990,0,0
Herring,Hvolsvöllur,1991,0,0
Herring,Hvolsvöllur,1992,0,0
Herring,Hvolsvöllur,1993,0,0
Herring,Hvolsvöllur,1994,0,0
Herring,Hvolsvöllur,1995,0,0
Herring,Hvolsvöllur,1996,0,0
Herring,Hvolsvöllur,1997,0,0
Herring,Hvolsvöllur,1998,0,0
Herring,Hvolsvöllur,1999,0,0
Herring,Hvolsvöllur,2000,0,0
Herring,Hvolsvöllur,2001,0,0
Herring,Hvolsvöllur,2002,0,0
Herring,Hvolsvöllur,2003,0,0
Herring,Hvolsvöllur,2004,0,0
Herring,Hvolsvöllur,2005,0,0
Herring,Hvolsvöllur,2006,0,0
Herring,Hvolsvöllur,2007,0,0
Herring,Hvolsvöllur,2008,0,0
Herring,Hvolsvöllur,2009,0,0
Herring,Hvolsvöllur,2010,0,0
Herring,Hvolsvöllur,2011,0,0
Herring,Hvolsvöllur,2012,0,0
Herring,Hvolsvöllur,2013,0,0
Herring,Hvolsvöllur,2014,0,0
Herring,Hvolsvöllur,2015,0,0
Herring,Hvolsvöllur,2016,0,0
Herring,Hvolsvöllur,2017,0,0
Herring,Hvolsvöllur,2018,0,0
Herring,Hvolsvöllur,2019,0,0
Herring,Hvolsvöllur,2020,0,0
Herring,Hvolsvöllur,2021,0,0
Herring,Hvolsvöllur,2022,0,0
Herring,Hvolsvöllur,2023,0,0
Herring,Hvolsvöllur,2024,0,0
Herring,Hólmavík,1982,0,0
Herring,Hólmavík,1983,0,0
Herring,Hólmavík,1984,0,0
Herring,Hólmavík,1985,0,0
Herring,Hólmavík,1986,0,0
Herring,Hólmavík,1987,0,0
Herring,Hólmavík,1988,0,0
Herring,Hólmavík,1989,0,0
Herring,Hólmavík,1990,0,0
Herring,Hólmavík,1991,0,0
Herring,Hólmavík,1992,0,0
Herring,Hólmavík,1993,0,0
Herring,Hólmavík,1994,0,0
Herring,Hólmavík,1995,0,0
Herring,Hólmavík,1996,0,0
Herring,Hólmavík,1997,0,0
Herring,Hólmavík,1998,0,0
Herring,Hólmavík,1999,0,0
Herring,Hólmavík,2000,0,0
Herring,Hólmavík,2001,0,0
Herring,Hólmavík,2002,0,0
Herring,Hólmavík,2003,0,0
Herring,Hólmavík,2004,0,0
Herring,Hólmavík,2005,0,0
Herring,Hólmavík,2006,0,0
Herring,Hólmavík,2007,0,0
Herring,Hólmavík,2008,0,0
Herring,Hólmavík,2009,0,0
Herring,Hólmavík,2010,0,0
Herring,Hólmavík,2011,0,0
Herring,Hólmavík,2012,0,0
Herring,Hólmavík,2013,0,0
Herring,Hólmavík,2014,0,0
Herring,Hólmavík,2015,0,0
Herring,Hólmavík,2016,0,0
Herring,Hólmavík,2017,0,0
Herring,Hólmavík,2018,0,0
Herring,Hólmavík,2019,0,0
Herring,Hólmavík,2020,0,0
Herring,Hólmavík,2021,0,0
Herring,Hólmavík,2022,0,0
Herring,Hólmavík,2023,0,0
Herring,Hólmavík,2024,0,0
Herring,Húsavík,1982,435,1659
Herring,Húsavík,1983,352,1647
Herring,Húsavík,1984,234,1250
Herring,Húsavík,1985,207,1531
Herring,Húsavík,1986,181,982
Herring,Húsavík,1987,171,1068
Herring,Húsavík,1988,93,783
Herring,Húsavík,1989,116,1108
Herring,Húsavík,1990,128,1221
Herring,Húsavík,1991,0,0
Herring,Húsavík,1992,0,0
Herring,Húsavík,1993,0,0
Herring,Húsavík,1994,0,0
Herring,Húsavík,1995,0,0
Herring,Húsavík,1996,0,0
Herring,Húsavík,1997,0,0
Herring,Húsavík,1998,0,0
Herring,Húsavík,1999,0,0
Herring,Húsavík,2000,0,0
Herring,Húsavík,2001,0,0
Herring,Húsavík,2002,0,0
Herring,Húsavík,2003,0,0
Herring,Húsavík,2004,0,0
Herring,Húsavík,2005,0,0
Herring,Húsavík,2006,0,0
Herring,Húsavík,2007,0,0
Herring,Húsavík,2008,0,0
Herring,Húsavík,2009,0,0
Herring,Húsavík,2010,0,0
Herring,Húsavík,2011,0,0
Herring,Húsavík,2012,0,0
Herring,Húsavík,2013,0,0
Herring,Húsavík,2014,0,0
Herring,Húsavík,2015,0,0
Herring,Húsavík,2016,0,0
Herring,Húsavík,2017,0,0
Herring,Húsavík,2018,0,0
Herring,Húsavík,2019,0,0
Herring,Húsavík,2020,0,0
Herring,Húsavík,2021,0,0
Herring,Húsavík,2022,0,0
Herring,Húsavík,2023,0,0
Herring,Húsavík,2024,0,0
Herring,Keflavík,1982,1629,4911
Herring,Keflavík,1983,1768,7134
Herring,Keflavík,1984,1318,6535
Herring,Keflavík,1985,1274,10723
Herring,Keflavík,1986,1220,6979
Herring,Keflavík,1987,284,1780
Herring,Keflavík,1988,838,18699
Herring,Keflavík,1989,1498,33395
Herring,Keflavík,1990,1304,30894
Herring,Keflavík,1991,140,1404
Herring,Keflavík,1992,59,550
Herring,Keflavík,1993,105,1234
Herring,Keflavík,1994,26,327
Herring,Keflavík,1995,0,0
Herring,Keflavík,1996,32,479
Herring,Keflavík,1997,192,2534
Herring,Keflavík,1998,508,6862
Herring,Keflavík,1999,2611,18277
Herring,Keflavík,2000,165,5509
Herring,Keflavík,2001,100,1744
Herring,Keflavík,2002,502,24274
Herring,Keflavík,2003,275,1538
Herring,Keflavík,2004,0,0
Herring,Keflavík,2005,0,0
Herring,Keflavík,2006,0,1
Herring,Keflavík,2007,0,0
Herring,Keflavík,2008,0,3
Herring,Keflavík,2009,0,0
Herring,Keflavík,2010,0,0
Herring,Keflavík,2011,66,3069
Herring,Keflavík,2012,122,5224
Herring,Keflavík,2013,249,7462
Herring,Keflavík,2014,200,7350
Herring,Keflavík,2015,97,3306
Herring,Keflavík,2016,80,2765
Herring,Keflavík,2017,366,10822
Herring,Keflavík,2018,385,10499
Herring,Keflavík,2019,0,0
Herring,Keflavík,2020,0,0
Herring,Keflavík,2021,0,0
Herring,Keflavík,2022,0,0
Herring,Keflavík,2023,0,0
Herring,Keflavík,2024,0,0
Herring,Kópasker,1982,49,185
Herring,Kópasker,1983,0,0
Herring,Kópasker,1984,0,0
Herring,Kópasker,1985,0,0
Herring,Kópasker,1986,0,0
Herring,Kópasker,1987,0,0
Herring,Kópasker,1988,0,0
Herring,Kópasker,1989,0,0
Herring,Kópasker,1990,0,0
Herring,Kópasker,1991,0,0
Herring,Kópasker,1992,0,0
Herring,Kópasker,1993,0,0
Herring,Kópasker,1994,0,0
Herring,Kópasker,1995,0,0
Herring,Kópasker,1996,0,0
Herring,Kópasker,1997,0,0
Herring,Kópasker,1998,0,0
Herring,Kópasker,1999,0,0
Herring,Kópasker,2000,0,0
Herring,Kópasker,2001,0,0
Herring,Kópasker,2002,0,0
Herring,Kópasker,2003,0,0
Herring,Kópasker,2004,0,0
Herring,Kópasker,2005,0,0
Herring,Kópasker,2006,0,0
Herring,Kópasker,2007,0,0
Herring,Kópasker,2008,0,0
Herring,Kópasker,2009,0,0
Herring,Kópasker,2010,0,0
Herring,Kópasker,2011,0,0
Herring,Kópasker,2012,0,0
Herring,Kópasker,2013,0,0
Herring,Kópasker,2014,0,0
Herring,Kópasker,2015,0,0
Herring,Kópasker,2016,0,0
Herring,Kópasker,2017,0,0
Herring,Kópasker,2018,0,0
Herring,Kópasker,2019,0,0
Herring,Kópasker,2020,0,0
Herring,Kópasker,2021,0,0
Herring,Kópasker,2022,0,0
Herring,Kópasker,2023,0,0
Herring,Kópasker,2024,0,0
Herring,"Miðsandur, Hvalfirði",1982,0,0
Herring,"Miðsandur, Hvalfirði",1983,0,0
Herring,"Miðsandur, Hvalfirði",1984,0,0
Herring,"Miðsandur, Hvalfirði",1985,0,0
Herring,"Miðsandur, Hvalfirði",1986,0,0
Herring,"Miðsandur, Hvalfirði",1987,0,0
Herring,"Miðsandur, Hvalfirði",1988,0,0
Herring,"Miðsandur, Hvalfirði",1989,0,0
Herring,"Miðsandur, Hvalfirði",1990,0,0
Herring,"Miðsandur, Hvalfirði",1991,0,0
Herring,"Miðsandur, Hvalfirði",1992,0,0
Herring,"Miðsandur, Hvalfirði",1993,0,0
Herring,"Miðsandur, Hvalfirði",1994,0,0
Herring,"Miðsandur, Hvalfirði",1995,0,0
Herring,"Miðsandur, Hvalfirði",1996,0,0
Herring,"Miðsandur, Hvalfirði",1997,0,0
Herring,"Miðsandur, Hvalfirði",1998,0,0
Herring,"Miðsandur, Hvalfirði",1999,0,0
Herring,"Miðsandur, Hvalfirði",2000,0,0
Herring,"Miðsandur, Hvalfirði",2001,0,0
Herring,"Miðsandur, Hvalfirði",2002,0,0
Herring,"Miðsandur, Hvalfirði",2003,0,0
Herring,"Miðsandur, Hvalfirði",2004,0,0
Herring,"Miðsandur, Hvalfirði",2005,0,0
Herring,"Miðsandur, Hvalfirði",2006,0,0
Herring,"Miðsandur, Hvalfirði",2007,0,0
Herring,"Miðsandur, Hvalfirði",2008,0,0
Herring,"Miðsandur, Hvalfirði",2009,0,0
Herring,"Miðsandur, Hvalfirði",2010,0,0
Herring,"Miðsandur, Hvalfirði",2011,0,0
Herring,"Miðsandur, Hvalfirði",2012,0,0
Herring,"Miðsandur, Hvalfirði",2013,0,0
Herring,"Miðsandur, Hvalfirði",2014,0,0
Herring,"Miðsandur, Hvalfirði",2015,0,0
Herring,"Miðsandur, Hvalfirði",2016,0,0
Herring,"Miðsandur, Hvalfirði",2017,0,0
Herring,"Miðsandur, Hvalfirði",2018,0,0
Herring,"Miðsandur, Hvalfirði",2019,0,0
Herring,"Miðsandur, Hvalfirði",2020,0,0
Herring,"Miðsandur, Hvalfirði",2021,0,0
Herring,"Miðsandur, Hvalfirði",2022,0,0
Herring,"Miðsandur, Hvalfirði",2023,0,0
Herring,"Miðsandur, Hvalfirði",2024,0,0
Herring,Mjóifjörður,1982,0,0
Herring,Mjóifjörður,1983,0,0
Herring,Mjóifjörður,1984,0,0
Herring,Mjóifjörður,1985,0,0
Herring,Mjóifjörður,1986,0,0
Herring,Mjóifjörður,1987,0,0
Herring,Mjóifjörður,1988,0,0
Herring,Mjóifjörður,1989,0,0
Herring,Mjóifjörður,1990,0,0
Herring,Mjóifjörður,1991,0,0
Herring,Mjóifjörður,1992,0,0
Herring,Mjóifjörður,1993,0,0
Herring,Mjóifjörður,1994,0,0
Herring,Mjóifjörður,1995,0,0
Herring,Mjóifjörður,1996,0,0
Herring,Mjóifjörður,1997,0,0
Herring,Mjóifjörður,1998,0,0
Herring,Mjóifjörður,1999,0,0
Herring,Mjóifjörður,2000,0,0
Herring,Mjóifjörður,2001,0,0
Herring,Mjóifjörður,2002,0,0
Herring,Mjóifjörður,2003,0,0
Herring,Mjóifjörður,2004,0,0
Herring,Mjóifjörður,2005,0,0
Herring,Mjóifjörður,2006,0,0
Herring,Mjóifjörður,2007,0,0
Herring,Mjóifjörður,2008,0,0
Herring,Mjóifjörður,2009,0,0
Herring,Mjóifjörður,2010,0,0
Herring,Mjóifjörður,2011,0,0
Herring,Mjóifjörður,2012,0,0
Herring,Mjóifjörður,2013,0,0
Herring,Mjóifjörður,2014,0,0
Herring,Mjóifjörður,2015,0,0
Herring,Mjóifjörður,2016,0,0
Herring,Mjóifjörður,2017,0,0
Herring,Mjóifjörður,2018,0,0
Herring,Mjóifjörður,2019,0,0
Herring,Mjóifjörður,2020,0,0
Herring,Mjóifjörður,2021,0,0
Herring,Mjóifjörður,2022,0,0
Herring,Mjóifjörður,2023,0,0
Herring,Mjóifjörður,2024,0,0
Herring,Neskaupstaður,1982,2389,8011
Herring,Neskaupstaður,1983,1918,9645
Herring,Neskaupstaður,1984,1841,9242
Herring,Neskaupstaður,1985,2497,19783
Herring,Neskaupstaður,1986,6782,26638
Herring,Neskaupstaður,1987,11566,43311
Herring,Neskaupstaður,1988,10842,74158
Herring,Neskaupstaður,1989,7992,56769
Herring,Neskaupstaður,1990,7350,54889
Herring,Neskaupstaður,1991,7022,44061
Herring,Neskaupstaður,1992,15307,86173
Herring,Neskaupstaður,1993,18518,113912
Herring,Neskaupstaður,1994,16846,108402
Herring,Neskaupstaður,1995,12932,98805
Herring,Neskaupstaður,1996,15195,164550
Herring,Neskaupstaður,1997,16117,179087
Herring,Neskaupstaður,1998,16260,219820
Herring,Neskaupstaður,1999,16639,138234
Herring,Neskaupstaður,2000,13366,104449
Herring,Neskaupstaður,2001,14068,294978
Herring,Neskaupstaður,2002,12218,175632
Herring,Neskaupstaður,2003,24238,425660
Herring,Neskaupstaður,2004,23198,675175
Herring,Neskaupstaður,2005,20403,374946
Herring,Neskaupstaður,2006,42004,763666
Herring,Neskaupstaður,2007,31085,370958
Herring,Neskaupstaður,2008,47221,1239844
Herring,Neskaupstaður,2009,40507,1746650
Herring,Neskaupstaður,2010,27235,1311097
Herring,Neskaupstaður,2011,13779,918512
Herring,Neskaupstaður,2012,16160,910617
Herring,Neskaupstaður,2013,16333,842158
Herring,Neskaupstaður,2014,23936,1378948
Herring,Neskaupstaður,2015,10761,403839
Herring,Neskaupstaður,2016,15496,938221
Herring,Neskaupstaður,2017,9173,325850
Herring,Neskaupstaður,2018,11692,406978
Herring,Neskaupstaður,2019,8260,284143
Herring,Neskaupstaður,2020,8282,424060
Herring,Neskaupstaður,2021,17544,864386
Herring,Neskaupstaður,2022,18818,1148706
Herring,Neskaupstaður,2023,26722,2105921
Herring,Neskaupstaður,2024,21326,1602122
Herring,Njarðvík,1982,1297,3967
Herring,Njarðvík,1983,854,3365
Herring,Njarðvík,1984,699,3272
Herring,Njarðvík,1985,1176,8288
Herring,Njarðvík,1986,241,1246
Herring,Njarðvík,1987,4,26
Herring,Njarðvík,1988,247,2028
Herring,Njarðvík,1989,120,1063
Herring,Njarðvík,1990,119,1058
Herring,Njarðvík,1991,0,0
Herring,Njarðvík,1992,10,106
Herring,Njarðvík,1993,1,13
Herring,Njarðvík,1994,0,0
Herring,Njarðvík,1995,0,0
Herring,Njarðvík,1996,46,638
Herring,Njarðvík,1997,0,0
Herring,Njarðvík,1998,0,0
Herring,Njarðvík,1999,0,0
Herring,Njarðvík,2000,0,4
Herring,Njarðvík,2001,0,0
Herring,Njarðvík,2002,0,0
Herring,Njarðvík,2003,0,0
Herring,Njarðvík,2004,0,0
Herring,Njarðvík,2005,0,0
Herring,Njarðvík,2006,0,0
Herring,Njarðvík,2007,0,0
Herring,Njarðvík,2008,0,0
Herring,Njarðvík,2009,0,0
Herring,Njarðvík,2010,0,0
Herring,Njarðvík,2011,38,647
Herring,Njarðvík,2012,0,0
Herring,Njarðvík,2013,0,0
Herring,Njarðvík,2014,0,0
Herring,Njarðvík,2015,0,0
Herring,Njarðvík,2016,0,0
Herring,Njarðvík,2017,0,0
Herring,Njarðvík,2018,0,0
Herring,Njarðvík,2019,0,0
Herring,Njarðvík,2020,0,0
Herring,Njarðvík,2021,0,0
Herring,Njarðvík,2022,0,0
Herring,Njarðvík,2023,0,0
Herring,Njarðvík,2024,0,0
Herring,Norðurfjörður,1982,0,0
Herring,Norðurfjörður,1983,0,0
Herring,Norðurfjörður,1984,0,0
Herring,Norðurfjörður,1985,0,0
Herring,Norðurfjörður,1986,0,0
Herring,Norðurfjörður,1987,0,0
Herring,Norðurfjörður,1988,0,0
Herring,Norðurfjörður,1989,0,0
Herring,Norðurfjörður,1990,0,0
Herring,Norðurfjörður,1991,0,0
Herring,Norðurfjörður,1992,0,0
Herring,Norðurfjörður,1993,0,0
Herring,Norðurfjörður,1994,0,0
Herring,Norðurfjörður,1995,0,0
Herring,Norðurfjörður,1996,0,0
Herring,Norðurfjörður,1997,0,0
Herring,Norðurfjörður,1998,0,0
Herring,Norðurfjörður,1999,0,0
Herring,Norðurfjörður,2000,0,0
Herring,Norðurfjörður,2001,0,0
Herring,Norðurfjörður,2002,0,0
Herring,Norðurfjörður,2003,0,0
Herring,Norðurfjörður,2004,0,0
Herring,Norðurfjörður,2005,0,0
Herring,Norðurfjörður,2006,0,0
Herring,Norðurfjörður,2007,0,0
Herring,Norðurfjörður,2008,0,0
Herring,Norðurfjörður,2009,0,0
Herring,Norðurfjörður,2010,0,0
Herring,Norðurfjörður,2011,0,0
Herring,Norðurfjörður,2012,0,0
Herring,Norðurfjörður,2013,0,0
Herring,Norðurfjörður,2014,0,0
Herring,Norðurfjörður,2015,0,0
Herring,Norðurfjörður,2016,0,0
Herring,Norðurfjörður,2017,0,0
Herring,Norðurfjörður,2018,0,0
Herring,Norðurfjörður,2019,0,0
Herring,Norðurfjörður,2020,0,0
Herring,Norðurfjörður,2021,0,0
Herring,Norðurfjörður,2022,0,0
Herring,Norðurfjörður,2023,0,0
Herring,Norðurfjörður,2024,0,0
Herring,Patreksfjörður,1982,0,0
Herring,Patreksfjörður,1983,0,0
Herring,Patreksfjörður,1984,0,0
Herring,Patreksfjörður,1985,0,0
Herring,Patreksfjörður,1986,0,0
Herring,Patreksfjörður,1987,0,0
Herring,Patreksfjörður,1988,0,0
Herring,Patreksfjörður,1989,0,0
Herring,Patreksfjörður,1990,0,0
Herring,Patreksfjörður,1991,0,0
Herring,Patreksfjörður,1992,0,0
Herring,Patreksfjörður,1993,0,0
Herring,Patreksfjörður,1994,0,0
Herring,Patreksfjörður,1995,0,0
Herring,Patreksfjörður,1996,0,0
Herring,Patreksfjörður,1997,0,0
Herring,Patreksfjörður,1998,0,0
Herring,Patreksfjörður,1999,0,0
Herring,Patreksfjörður,2000,0,0
Herring,Patreksfjörður,2001,0,0
Herring,Patreksfjörður,2002,0,0
Herring,Patreksfjörður,2003,0,0
Herring,Patreksfjörður,2004,0,0
Herring,Patreksfjörður,2005,0,0
Herring,Patreksfjörður,2006,99,4128
Herring,Patreksfjörður,2007,0,0
Herring,Patreksfjörður,2008,0,0
Herring,Patreksfjörður,2009,0,0
Herring,Patreksfjörður,2010,0,0
Herring,Patreksfjörður,2011,23,1494
Herring,Patreksfjörður,2012,10,626
Herring,Patreksfjörður,2013,0,0
Herring,Patreksfjörður,2014,0,0
Herring,Patreksfjörður,2015,0,0
Herring,Patreksfjörður,2016,0,0
Herring,Patreksfjörður,2017,0,0
Herring,Patreksfjörður,2018,0,0
Herring,Patreksfjörður,2019,0,0
Herring,Patreksfjörður,2020,0,0
Herring,Patreksfjörður,2021,0,0
Herring,Patreksfjörður,2022,0,0
Herring,Patreksfjörður,2023,0,0
Herring,Patreksfjörður,2024,0,0
Herring,Raufarhöfn,1982,204,718
Herring,Raufarhöfn,1983,388,1449
Herring,Raufarhöfn,1984,74,365
Herring,Raufarhöfn,1985,206,1594
Herring,Raufarhöfn,1986,0,0
Herring,Raufarhöfn,1987,0,0
Herring,Raufarhöfn,1988,0,0
Herring,Raufarhöfn,1989,0,0
Herring,Raufarhöfn,1990,0,0
Herring,Raufarhöfn,1991,0,0
Herring,Raufarhöfn,1992,0,0
Herring,Raufarhöfn,1993,0,0
Herring,Raufarhöfn,1994,0,0
Herring,Raufarhöfn,1995,0,0
Herring,Raufarhöfn,1996,0,0
Herring,Raufarhöfn,1997,0,0
Herring,Raufarhöfn,1998,0,0
Herring,Raufarhöfn,1999,681,6128
Herring,Raufarhöfn,2000,0,0
Herring,Raufarhöfn,2001,0,0
Herring,Raufarhöfn,2002,0,0
Herring,Raufarhöfn,2003,0,0
Herring,Raufarhöfn,2004,0,0
Herring,Raufarhöfn,2005,0,0
Herring,Raufarhöfn,2006,0,0
Herring,Raufarhöfn,2007,0,0
Herring,Raufarhöfn,2008,0,0
Herring,Raufarhöfn,2009,0,0
Herring,Raufarhöfn,2010,9,377
Herring,Raufarhöfn,2011,93,3277
Herring,Raufarhöfn,2012,0,0
Herring,Raufarhöfn,2013,0,0
Herring,Raufarhöfn,2014,2,24
Herring,Raufarhöfn,2015,0,0
Herring,Raufarhöfn,2016,0,0
Herring,Raufarhöfn,2017,0,0
Herring,Raufarhöfn,2018,0,0
Herring,Raufarhöfn,2019,0,0
Herring,Raufarhöfn,2020,0,0
Herring,Raufarhöfn,2021,0,0
Herring,Raufarhöfn,2022,0,0
Herring,Raufarhöfn,2023,0,0
Herring,Raufarhöfn,2024,0,0
Herring,Reykhólar,1982,0,0
Herring,Reykhólar,1983,0,0
Herring,Reykhólar,1984,0,0
Herring,Reykhólar,1985,0,0
Herring,Reykhólar,1986,0,0
Herring,Reykhólar,1987,0,0
Herring,Reykhólar,1988,0,0
Herring,Reykhólar,1989,0,0
Herring,Reykhólar,1990,0,0
Herring,Reykhólar,1991,0,0
Herring,Reykhólar,1992,0,0
Herring,Reykhólar,1993,0,0
Herring,Reykhólar,1994,0,0
Herring,Reykhólar,1995,0,0
Herring,Reykhólar,1996,0,0
Herring,Reykhólar,1997,0,0
Herring,Reykhólar,1998,0,0
Herring,Reykhólar,1999,0,0
Herring,Reykhólar,2000,0,0
Herring,Reykhólar,2001,0,0
Herring,Reykhólar,2002,0,0
Herring,Reykhólar,2003,0,0
Herring,Reykhólar,2004,0,0
Herring,Reykhólar,2005,0,0
Herring,Reykhólar,2006,0,0
Herring,Reykhólar,2007,0,0
Herring,Reykhólar,2008,0,0
Herring,Reykhólar,2009,0,0
Herring,Reykhólar,2010,0,0
Herring,Reykhólar,2011,0,0
Herring,Reykhólar,2012,0,0
Herring,Reykhólar,2013,0,0
Herring,Reykhólar,2014,0,0
Herring,Reykhólar,2015,0,0
Herring,Reykhólar,2016,0,0
Herring,Reykhólar,2017,0,0
Herring,Reykhólar,2018,0,0
Herring,Reykhólar,2019,0,0
Herring,Reykhólar,2020,0,0
Herring,Reykhólar,2021,0,0
Herring,Reykhólar,2022,0,0
Herring,Reykhólar,2023,0,0
Herring,Reykhólar,2024,0,0
Herring,Reykjavík,1982,613,1659
Herring,Reykjavík,1983,744,3059
Herring,Reykjavík,1984,453,2302
Herring,Reykjavík,1985,416,3085
Herring,Reykjavík,1986,621,3538
Herring,Reykjavík,1987,213,1635
Herring,Reykjavík,1988,544,9647
Herring,Reykjavík,1989,1816,38064
Herring,Reykjavík,1990,1682,34515
Herring,Reykjavík,1991,0,6
Herring,Reykjavík,1992,1330,6818
Herring,Reykjavík,1993,1258,6594
Herring,Reykjavík,1994,0,7
Herring,Reykjavík,1995,17,393
Herring,Reykjavík,1996,704,6720
Herring,Reykjavík,1997,2,39
Herring,Reykjavík,1998,2036,27494
Herring,Reykjavík,1999,4309,30199
Herring,Reykjavík,2000,9164,90017
Herring,Reykjavík,2001,13186,765665
Herring,Reykjavík,2002,18613,605023
Herring,Reykjavík,2003,8180,177662
Herring,Reykjavík,2004,9216,315222
Herring,Reykjavík,2005,12319,385834
Herring,Reykjavík,2006,10169,281822
Herring,Reykjavík,2007,9070,263947
Herring,Reykjavík,2008,5829,350269
Herring,Reykjavík,2009,0,0
Herring,Reykjavík,2010,1117,67241
Herring,Reykjavík,2011,6711,724485
Herring,Reykjavík,2012,6785,780228
Herring,Reykjavík,2013,4139,405573
Herring,Reykjavík,2014,9099,876693
Herring,Reykjavík,2015,7763,711588
Herring,Reykjavík,2016,5263,489101
Herring,Reykjavík,2017,2865,142202
Herring,Reykjavík,2018,3610,168445
Herring,Reykjavík,2019,2981,154462
Herring,Reykjavík,2020,3053,197963
Herring,Reykjavík,2021,7352,597618
Herring,Reykjavík,2022,5346,400885
Herring,Reykjavík,2023,6626,643673
Herring,Reykjavík,2024,1112,108848
Herring,Reyðarfjörður,1982,3180,11279
Herring,Reyðarfjörður,1983,2424,11905
Herring,Reyðarfjörður,1984,2796,14412
Herring,Reyðarfjörður,1985,2490,19273
Herring,Reyðarfjörður,1986,3715,19103
Herring,Reyðarfjörður,1987,4567,26604
Herring,Reyðarfjörður,1988,8226,58632
Herring,Reyðarfjörður,1989,4254,35985
Herring,Reyðarfjörður,1990,4409,38881
Herring,Reyðarfjörður,1991,1392,11636
Herring,Reyðarfjörður,1992,255,1809
Herring,Reyðarfjörður,1993,448,3419
Herring,Reyðarfjörður,1994,89,715
Herring,Reyðarfjörður,1995,0,0
Herring,Reyðarfjörður,1996,1738,17040
Herring,Reyðarfjörður,1997,0,0
Herring,Reyðarfjörður,1998,31,292
Herring,Reyðarfjörður,1999,0,0
Herring,Reyðarfjörður,2000,0,0
Herring,Reyðarfjörður,2001,98,737
Herring,Reyðarfjörður,2002,0,0
Herring,Reyðarfjörður,2003,1261,30042
Herring,Reyðarfjörður,2004,0,0
Herring,Reyðarfjörður,2005,3285,122589
Herring,Reyðarfjörður,2006,0,0
Herring,Reyðarfjörður,2007,0,0
Herring,Reyðarfjörður,2008,898,37545
Herring,Reyðarfjörður,2009,3684,276414
Herring,Reyðarfjörður,2010,188,15246
Herring,Reyðarfjörður,2011,3203,439967
Herring,Reyðarfjörður,2012,183,22538
Herring,Reyðarfjörður,2013,320,36151
Herring,Reyðarfjörður,2014,101,13033
Herring,Reyðarfjörður,2015,0,0
Herring,Reyðarfjörður,2016,438,42738
Herring,Reyðarfjörður,2017,0,0
Herring,Reyðarfjörður,2018,0,0
Herring,Reyðarfjörður,2019,0,0
Herring,Reyðarfjörður,2020,0,0
Herring,Reyðarfjörður,2021,99,12671
Herring,Reyðarfjörður,2022,0,0
Herring,Reyðarfjörður,2023,0,0
Herring,Reyðarfjörður,2024,0,0
Herring,Rif,1982,0,0
Herring,Rif,1983,0,0
Herring,Rif,1984,14,68
Herring,Rif,1985,9,41
Herring,Rif,1986,0,0
Herring,Rif,1987,0,0
Herring,Rif,1988,0,0
Herring,Rif,1989,30,849
Herring,Rif,1990,28,844
Herring,Rif,1991,0,0
Herring,Rif,1992,0,0
Herring,Rif,1993,0,0
Herring,Rif,1994,0,0
Herring,Rif,1995,0,0
Herring,Rif,1996,0,0
Herring,Rif,1997,0,0
Herring,Rif,1998,0,0
Herring,Rif,1999,0,0
Herring,Rif,2000,0,0
Herring,Rif,2001,0,5
Herring,Rif,2002,0,0
Herring,Rif,2003,0,0
Herring,Rif,2004,0,0
Herring,Rif,2005,0,0
Herring,Rif,2006,1,27
Herring,Rif,2007,0,0
Herring,Rif,2008,0,0
Herring,Rif,2009,0,5
Herring,Rif,2010,0,0
Herring,Rif,2011,0,0
Herring,Rif,2012,14,881
Herring,Rif,2013,3,301
Herring,Rif,2014,0,0
Herring,Rif,2015,0,0
Herring,Rif,2016,0,0
Herring,Rif,2017,0,0
Herring,Rif,2018,0,0
Herring,Rif,2019,0,0
Herring,Rif,2020,0,0
Herring,Rif,2021,0,0
Herring,Rif,2022,0,19
Herring,Rif,2023,1,15
Herring,Rif,2024,0,1
Herring,Sandgerði,1982,1621,4323
Herring,Sandgerði,1983,1657,6556
Herring,Sandgerði,1984,1115,5182
Herring,Sandgerði,1985,670,4535
Herring,Sandgerði,1986,887,4764
Herring,Sandgerði,1987,306,2078
Herring,Sandgerði,1988,910,7402
Herring,Sandgerði,1989,1965,16907
Herring,Sandgerði,1990,1842,16305
Herring,Sandgerði,1991,577,5021
Herring,Sandgerði,1992,402,3175
Herring,Sandgerði,1993,428,3913
Herring,Sandgerði,1994,84,701
Herring,Sandgerði,1995,0,0
Herring,Sandgerði,1996,322,4001
Herring,Sandgerði,1997,25,327
Herring,Sandgerði,1998,1788,22004
Herring,Sandgerði,1999,1279,8434
Herring,Sandgerði,2000,550,3737
Herring,Sandgerði,2001,0,3
Herring,Sandgerði,2002,0,0
Herring,Sandgerði,2003,0,0
Herring,Sandgerði,2004,0,0
Herring,Sandgerði,2005,0,0
Herring,Sandgerði,2006,0,0
Herring,Sandgerði,2007,0,0
Herring,Sandgerði,2008,0,0
Herring,Sandgerði,2009,0,0
Herring,Sandgerði,2010,0,0
Herring,Sandgerði,2011,21,345
Herring,Sandgerði,2012,19,572
Herring,Sandgerði,2013,22,333
Herring,Sandgerði,2014,15,161
Herring,Sandgerði,2015,31,459
Herring,Sandgerði,2016,0,0
Herring,Sandgerði,2017,0,0
Herring,Sandgerði,2018,0,0
Herring,Sandgerði,2019,0,0
Herring,Sandgerði,2020,0,0
Herring,Sandgerði,2021,0,0
Herring,Sandgerði,2022,0,0
Herring,Sandgerði,2023,0,0
Herring,Sandgerði,2024,0,0
Herring,Sauðárkrókur,1982,0,0
Herring,Sauðárkrókur,1983,0,0
Herring,Sauðárkrókur,1984,0,0
Herring,Sauðárkrókur,1985,0,0
Herring,Sauðárkrókur,1986,0,0
Herring,Sauðárkrókur,1987,0,0
Herring,Sauðárkrókur,1988,0,0
Herring,Sauðárkrókur,1989,0,0
Herring,Sauðárkrókur,1990,0,0
Herring,Sauðárkrókur,1991,0,0
Herring,Sauðárkrókur,1992,18,185
Herring,Sauðárkrókur,1993,0,0
Herring,Sauðárkrókur,1994,0,0
Herring,Sauðárkrókur,1995,0,0
Herring,Sauðárkrókur,1996,0,0
Herring,Sauðárkrókur,1997,0,0
Herring,Sauðárkrókur,1998,0,0
Herring,Sauðárkrókur,1999,0,0
Herring,Sauðárkrókur,2000,0,0
Herring,Sauðárkrókur,2001,0,0
Herring,Sauðárkrókur,2002,0,0
Herring,Sauðárkrókur,2003,0,0
Herring,Sauðárkrókur,2004,0,0
Herring,Sauðárkrókur,2005,0,0
Herring,Sauðárkrókur,2006,0,0
Herring,Sauðárkrókur,2007,0,0
Herring,Sauðárkrókur,2008,0,0
Herring,Sauðárkrókur,2009,0,0
Herring,Sauðárkrókur,2010,54,3060
Herring,Sauðárkrókur,2011,83,8390
Herring,Sauðárkrókur,2012,14,541
Herring,Sauðárkrókur,2013,8,239
Herring,Sauðárkrókur,2014,2,65
Herring,Sauðárkrókur,2015,13,260
Herring,Sauðárkrókur,2016,0,0
Herring,Sauðárkrókur,2017,0,0
Herring,Sauðárkrókur,2018,0,0
Herring,Sauðárkrókur,2019,0,0
Herring,Sauðárkrókur,2020,0,0
Herring,Sauðárkrókur,2021,0,0
Herring,Sauðárkrókur,2022,0,0
Herring,Sauðárkrókur,2023,0,0
Herring,Sauðárkrókur,2024,0,0
Herring,Selfoss,1982,0,0
Herring,Selfoss,1983,0,0
Herring,Selfoss,1984,0,0
Herring,Selfoss,1985,0,0
Herring,Selfoss,1986,0,0
Herring,Selfoss,1987,0,0
Herring,Selfoss,1988,0,0
Herring,Selfoss,1989,0,0
Herring,Selfoss,1990,0,0
Herring,Selfoss,1991,0,0
Herring,Selfoss,1992,0,0
Herring,Selfoss,1993,0,0
Herring,Selfoss,1994,0,0
Herring,Selfoss,1995,0,0
Herring,Selfoss,1996,0,0
Herring,Selfoss,1997,0,0
Herring,Selfoss,1998,0,0
Herring,Selfoss,1999,0,0
Herring,Selfoss,2000,0,0
Herring,Selfoss,2001,0,0
Herring,Selfoss,2002,0,0
Herring,Selfoss,2003,0,0
Herring,Selfoss,2004,0,0
Herring,Selfoss,2005,0,0
Herring,Selfoss,2006,0,0
Herring,Selfoss,2007,0,0
Herring,Selfoss,2008,0,0
Herring,Selfoss,2009,0,0
Herring,Selfoss,2010,0,0
Herring,Selfoss,2011,0,0
Herring,Selfoss,2012,0,0
Herring,Selfoss,2013,0,0
Herring,Selfoss,2014,0,0
Herring,Selfoss,2015,0,0
Herring,Selfoss,2016,0,0
Herring,Selfoss,2017,0,0
Herring,Selfoss,2018,0,0
Herring,Selfoss,2019,0,0
Herring,Selfoss,2020,0,0
Herring,Selfoss,2021,0,0
Herring,Selfoss,2022,0,0
Herring,Selfoss,2023,0,0
Herring,Selfoss,2024,0,0
Herring,Seyðisfjörður,1982,2240,6899
Herring,Seyðisfjörður,1983,2359,11727
Herring,Seyðisfjörður,1984,1286,6758
Herring,Seyðisfjörður,1985,2527,19891
Herring,Seyðisfjörður,1986,7623,30923
Herring,Seyðisfjörður,1987,8945,44295
Herring,Seyðisfjörður,1988,8642,62498
Herring,Seyðisfjörður,1989,6687,53127
Herring,Seyðisfjörður,1990,6321,53151
Herring,Seyðisfjörður,1991,3885,31126
Herring,Seyðisfjörður,1992,10039,66745
Herring,Seyðisfjörður,1993,15661,100658
Herring,Seyðisfjörður,1994,17440,114045
Herring,Seyðisfjörður,1995,21059,171662
Herring,Seyðisfjörður,1996,11519,121008
Herring,Seyðisfjörður,1997,7421,99949
Herring,Seyðisfjörður,1998,11513,164645
Herring,Seyðisfjörður,1999,5086,36708
Herring,Seyðisfjörður,2000,3079,20393
Herring,Seyðisfjörður,2001,1759,38935
Herring,Seyðisfjörður,2002,495,6987
Herring,Seyðisfjörður,2003,115,971
Herring,Seyðisfjörður,2004,140,1122
Herring,Seyðisfjörður,2005,0,0
Herring,Seyðisfjörður,2006,6,94
Herring,Seyðisfjörður,2007,0,0
Herring,Seyðisfjörður,2008,7675,166779
Herring,Seyðisfjörður,2009,52,1267
Herring,Seyðisfjörður,2010,0,0
Herring,Seyðisfjörður,2011,0,0
Herring,Seyðisfjörður,2012,0,0
Herring,Seyðisfjörður,2013,4,127
Herring,Seyðisfjörður,2014,52,1941
Herring,Seyðisfjörður,2015,0,0
Herring,Seyðisfjörður,2016,0,0
Herring,Seyðisfjörður,2017,0,0
Herring,Seyðisfjörður,2018,0,0
Herring,Seyðisfjörður,2019,0,0
Herring,Seyðisfjörður,2020,0,0
Herring,Seyðisfjörður,2021,0,0
Herring,Seyðisfjörður,2022,0,0
Herring,Seyðisfjörður,2023,83,6177
Herring,Seyðisfjörður,2024,0,0
Herring,Siglufjörður,1982,533,1835
Herring,Siglufjörður,1983,669,2780
Herring,Siglufjörður,1984,116,711
Herring,Siglufjörður,1985,8,56
Herring,Siglufjörður,1986,38,215
Herring,Siglufjörður,1987,0,0
Herring,Siglufjörður,1988,0,0
Herring,Siglufjörður,1989,457,4889
Herring,Siglufjörður,1990,355,3848
Herring,Siglufjörður,1991,0,0
Herring,Siglufjörður,1992,0,0
Herring,Siglufjörður,1993,0,0
Herring,Siglufjörður,1994,0,0
Herring,Siglufjörður,1995,0,0
Herring,Siglufjörður,1996,0,0
Herring,Siglufjörður,1997,0,0
Herring,Siglufjörður,1998,0,0
Herring,Siglufjörður,1999,0,0
Herring,Siglufjörður,2000,0,0
Herring,Siglufjörður,2001,0,0
Herring,Siglufjörður,2002,0,0
Herring,Siglufjörður,2003,0,0
Herring,Siglufjörður,2004,0,0
Herring,Siglufjörður,2005,610,21126
Herring,Siglufjörður,2006,0,0
Herring,Siglufjörður,2007,0,0
Herring,Siglufjörður,2008,0,0
Herring,Siglufjörður,2009,0,0
Herring,Siglufjörður,2010,0,0
Herring,Siglufjörður,2011,40,3923
Herring,Siglufjörður,2012,13,1195
Herring,Siglufjörður,2013,30,2062
Herring,Siglufjörður,2014,39,2954
Herring,Siglufjörður,2015,46,2722
Herring,Siglufjörður,2016,0,0
Herring,Siglufjörður,2017,0,0
Herring,Siglufjörður,2018,0,0
Herring,Siglufjörður,2019,0,0
Herring,Siglufjörður,2020,0,1
Herring,Siglufjörður,2021,0,7
Herring,Siglufjörður,2022,1,28
Herring,Siglufjörður,2023,0,0
Herring,Siglufjörður,2024,0,0
Herring,Skagaströnd,1982,0,0
Herring,Skagaströnd,1983,0,0
Herring,Skagaströnd,1984,0,0
Herring,Skagaströnd,1985,0,0
Herring,Skagaströnd,1986,0,0
Herring,Skagaströnd,1987,1,13
Herring,Skagaströnd,1988,0,0
Herring,Skagaströnd,1989,0,0
Herring,Skagaströnd,1990,0,0
Herring,Skagaströnd,1991,0,0
Herring,Skagaströnd,1992,0,0
Herring,Skagaströnd,1993,0,0
Herring,Skagaströnd,1994,0,0
Herring,Skagaströnd,1995,0,0
Herring,Skagaströnd,1996,0,0
Herring,Skagaströnd,1997,0,0
Herring,Skagaströnd,1998,0,0
Herring,Skagaströnd,1999,0,0
Herring,Skagaströnd,2000,0,0
Herring,Skagaströnd,2001,0,0
Herring,Skagaströnd,2002,0,0
Herring,Skagaströnd,2003,0,0
Herring,Skagaströnd,2004,0,0
Herring,Skagaströnd,2005,0,0
Herring,Skagaströnd,2006,0,0
Herring,Skagaströnd,2007,0,0
Herring,Skagaströnd,2008,0,0
Herring,Skagaströnd,2009,0,0
Herring,Skagaströnd,2010,5,113
Herring,Skagaströnd,2011,0,0
Herring,Skagaströnd,2012,13,1271
Herring,Skagaströnd,2013,58,6273
Herring,Skagaströnd,2014,20,2073
Herring,Skagaströnd,2015,26,2358
Herring,Skagaströnd,2016,0,0
Herring,Skagaströnd,2017,0,0
Herring,Skagaströnd,2018,0,0
Herring,Skagaströnd,2019,0,0
Herring,Skagaströnd,2020,0,0
Herring,Skagaströnd,2021,0,0
Herring,Skagaströnd,2022,0,0
Herring,Skagaströnd,2023,0,0
Herring,Skagaströnd,2024,0,4
Herring,Skarðsstöð,1982,0,0
Herring,Skarðsstöð,1983,0,0
Herring,Skarðsstöð,1984,0,0
Herring,Skarðsstöð,1985,0,0
Herring,Skarðsstöð,1986,0,0
Herring,Skarðsstöð,1987,0,0
Herring,Skarðsstöð,1988,0,0
Herring,Skarðsstöð,1989,0,0
Herring,Skarðsstöð,1990,0,0
Herring,Skarðsstöð,1991,0,0
Herring,Skarðsstöð,1992,0,0
Herring,Skarðsstöð,1993,0,0
Herring,Skarðsstöð,1994,0,0
Herring,Skarðsstöð,1995,0,0
Herring,Skarðsstöð,1996,0,0
Herring,Skarðsstöð,1997,0,0
Herring,Skarðsstöð,1998,0,0
Herring,Skarðsstöð,1999,0,0
Herring,Skarðsstöð,2000,0,0
Herring,Skarðsstöð,2001,0,0
Herring,Skarðsstöð,2002,0,0
Herring,Skarðsstöð,2003,0,0
Herring,Skarðsstöð,2004,0,0
Herring,Skarðsstöð,2005,0,0
Herring,Skarðsstöð,2006,0,0
Herring,Skarðsstöð,2007,0,0
Herring,Skarðsstöð,2008,0,0
Herring,Skarðsstöð,2009,0,0
Herring,Skarðsstöð,2010,0,0
Herring,Skarðsstöð,2011,0,0
Herring,Skarðsstöð,2012,0,0
Herring,Skarðsstöð,2013,0,0
Herring,Skarðsstöð,2014,0,0
Herring,Skarðsstöð,2015,0,0
Herring,Skarðsstöð,2016,0,0
Herring,Skarðsstöð,2017,0,0
Herring,Skarðsstöð,2018,0,0
Herring,Skarðsstöð,2019,0,0
Herring,Skarðsstöð,2020,0,0
Herring,Skarðsstöð,2021,0,0
Herring,Skarðsstöð,2022,0,0
Herring,Skarðsstöð,2023,0,0
Herring,Skarðsstöð,2024,0,0
Herring,Stokkseyri,1982,873,2442
Herring,Stokkseyri,1983,1150,4566
Herring,Stokkseyri,1984,232,1069
Herring,Stokkseyri,1985,193,1245
Herring,Stokkseyri,1986,198,1156
Herring,Stokkseyri,1987,22,139
Herring,Stokkseyri,1988,675,5429
Herring,Stokkseyri,1989,920,7296
Herring,Stokkseyri,1990,760,6243
Herring,Stokkseyri,1991,0,0
Herring,Stokkseyri,1992,0,0
Herring,Stokkseyri,1993,0,0
Herring,Stokkseyri,1994,0,0
Herring,Stokkseyri,1995,0,0
Herring,Stokkseyri,1996,0,0
Herring,Stokkseyri,1997,0,0
Herring,Stokkseyri,1998,0,0
Herring,Stokkseyri,1999,0,0
Herring,Stokkseyri,2000,0,0
Herring,Stokkseyri,2001,0,0
Herring,Stokkseyri,2002,0,0
Herring,Stokkseyri,2003,0,0
Herring,Stokkseyri,2004,0,0
Herring,Stokkseyri,2005,0,0
Herring,Stokkseyri,2006,0,0
Herring,Stokkseyri,2007,0,0
Herring,Stokkseyri,2008,0,0
Herring,Stokkseyri,2009,0,0
Herring,Stokkseyri,2010,0,0
Herring,Stokkseyri,2011,0,0
Herring,Stokkseyri,2012,0,0
Herring,Stokkseyri,2013,0,0
Herring,Stokkseyri,2014,0,0
Herring,Stokkseyri,2015,0,0
Herring,Stokkseyri,2016,0,0
Herring,Stokkseyri,2017,0,0
Herring,Stokkseyri,2018,0,0
Herring,Stokkseyri,2019,0,0
Herring,Stokkseyri,2020,0,0
Herring,Stokkseyri,2021,0,0
Herring,Stokkseyri,2022,0,0
Herring,Stokkseyri,2023,0,0
Herring,Stokkseyri,2024,0,0
Herring,Stykkishólmur,1982,0,0
Herring,Stykkishólmur,1983,0,0
Herring,Stykkishólmur,1984,0,0
Herring,Stykkishólmur,1985,0,0
Herring,Stykkishólmur,1986,0,0
Herring,Stykkishólmur,1987,27,187
Herring,Stykkishólmur,1988,19,172
Herring,Stykkishólmur,1989,21,225
Herring,Stykkishólmur,1990,15,159
Herring,Stykkishólmur,1991,0,0
Herring,Stykkishólmur,1992,0,0
Herring,Stykkishólmur,1993,0,0
Herring,Stykkishólmur,1994,0,0
Herring,Stykkishólmur,1995,0,0
Herring,Stykkishólmur,1996,0,0
Herring,Stykkishólmur,1997,0,0
Herring,Stykkishólmur,1998,0,0
Herring,Stykkishólmur,1999,0,0
Herring,Stykkishólmur,2000,0,0
Herring,Stykkishólmur,2001,0,0
Herring,Stykkishólmur,2002,0,0
Herring,Stykkishólmur,2003,0,0
Herring,Stykkishólmur,2004,0,0
Herring,Stykkishólmur,2005,0,0
Herring,Stykkishólmur,2006,0,0
Herring,Stykkishólmur,2007,0,0
Herring,Stykkishólmur,2008,0,0
Herring,Stykkishólmur,2009,0,0
Herring,Stykkishólmur,2010,0,0
Herring,Stykkishólmur,2011,85,7085
Herring,Stykkishólmur,2012,549,46278
Herring,Stykkishólmur,2013,841,63444
Herring,Stykkishólmur,2014,24,1607
Herring,Stykkishólmur,2015,0,0
Herring,Stykkishólmur,2016,0,0
Herring,Stykkishólmur,2017,0,0
Herring,Stykkishólmur,2018,0,0
Herring,Stykkishólmur,2019,0,0
Herring,Stykkishólmur,2020,0,0
Herring,Stykkishólmur,2021,0,0
Herring,Stykkishólmur,2022,0,0
Herring,Stykkishólmur,2023,0,0
Herring,Stykkishólmur,2024,0,0
Herring,Stöðvarfjörður,1982,292,622
Herring,Stöðvarfjörður,1983,539,2400
Herring,Stöðvarfjörður,1984,1016,4947
Herring,Stöðvarfjörður,1985,1396,10486
Herring,Stöðvarfjörður,1986,1545,8682
Herring,Stöðvarfjörður,1987,1008,6813
Herring,Stöðvarfjörður,1988,793,6554
Herring,Stöðvarfjörður,1989,640,6296
Herring,Stöðvarfjörður,1990,614,6129
Herring,Stöðvarfjörður,1991,271,2667
Herring,Stöðvarfjörður,1992,250,1756
Herring,Stöðvarfjörður,1993,116,988
Herring,Stöðvarfjörður,1994,0,0
Herring,Stöðvarfjörður,1995,0,0
Herring,Stöðvarfjörður,1996,1488,12412
Herring,Stöðvarfjörður,1997,1898,16262
Herring,Stöðvarfjörður,1998,0,0
Herring,Stöðvarfjörður,1999,0,0
Herring,Stöðvarfjörður,2000,0,0
Herring,Stöðvarfjörður,2001,0,0
Herring,Stöðvarfjörður,2002,0,0
Herring,Stöðvarfjörður,2003,0,0
Herring,Stöðvarfjörður,2004,0,0
Herring,Stöðvarfjörður,2005,0,0
Herring,Stöðvarfjörður,2006,0,0
Herring,Stöðvarfjörður,2007,0,0
Herring,Stöðvarfjörður,2008,0,0
Herring,Stöðvarfjörður,2009,0,0
Herring,Stöðvarfjörður,2010,0,0
Herring,Stöðvarfjörður,2011,0,1
Herring,Stöðvarfjörður,2012,0,0
Herring,Stöðvarfjörður,2013,0,0
Herring,Stöðvarfjörður,2014,0,0
Herring,Stöðvarfjörður,2015,0,0
Herring,Stöðvarfjörður,2016,0,0
Herring,Stöðvarfjörður,2017,0,0
Herring,Stöðvarfjörður,2018,0,0
Herring,Stöðvarfjörður,2019,0,0
Herring,Stöðvarfjörður,2020,0,0
Herring,Stöðvarfjörður,2021,0,0
Herring,Stöðvarfjörður,2022,0,0
Herring,Stöðvarfjörður,2023,0,0
Herring,Stöðvarfjörður,2024,0,0
Herring,Súðavík,1982,0,0
Herring,Súðavík,1983,0,0
Herring,Súðavík,1984,0,0
Herring,Súðavík,1985,12,113
Herring,Súðavík,1986,0,0
Herring,Súðavík,1987,0,0
Herring,Súðavík,1988,0,0
Herring,Súðavík,1989,0,0
Herring,Súðavík,1990,0,0
Herring,Súðavík,1991,0,0
Herring,Súðavík,1992,0,0
Herring,Súðavík,1993,0,0
Herring,Súðavík,1994,0,0
Herring,Súðavík,1995,0,0
Herring,Súðavík,1996,0,0
Herring,Súðavík,1997,0,0
Herring,Súðavík,1998,0,0
Herring,Súðavík,1999,0,0
Herring,Súðavík,2000,0,0
Herring,Súðavík,2001,0,0
Herring,Súðavík,2002,0,0
Herring,Súðavík,2003,0,0
Herring,Súðavík,2004,0,0
Herring,Súðavík,2005,0,0
Herring,Súðavík,2006,0,0
Herring,Súðavík,2007,0,0
Herring,Súðavík,2008,0,0
Herring,Súðavík,2009,0,0
Herring,Súðavík,2010,0,0
Herring,Súðavík,2011,0,0
Herring,Súðavík,2012,0,0
Herring,Súðavík,2013,0,0
Herring,Súðavík,2014,0,0
Herring,Súðavík,2015,0,0
Herring,Súðavík,2016,0,0
Herring,Súðavík,2017,0,0
Herring,Súðavík,2018,0,0
Herring,Súðavík,2019,0,0
Herring,Súðavík,2020,0,0
Herring,Súðavík,2021,0,0
Herring,Súðavík,2022,0,0
Herring,Súðavík,2023,0,0
Herring,Súðavík,2024,0,0
Herring,Tálknafjörður,1982,0,0
Herring,Tálknafjörður,1983,0,0
Herring,Tálknafjörður,1984,0,0
Herring,Tálknafjörður,1985,0,0
Herring,Tálknafjörður,1986,0,0
Herring,Tálknafjörður,1987,0,0
Herring,Tálknafjörður,1988,0,0
Herring,Tálknafjörður,1989,0,0
Herring,Tálknafjörður,1990,0,0
Herring,Tálknafjörður,1991,0,0
Herring,Tálknafjörður,1992,0,0
Herring,Tálknafjörður,1993,0,0
Herring,Tálknafjörður,1994,0,0
Herring,Tálknafjörður,1995,0,19
Herring,Tálknafjörður,1996,0,0
Herring,Tálknafjörður,1997,0,0
Herring,Tálknafjörður,1998,0,0
Herring,Tálknafjörður,1999,0,0
Herring,Tálknafjörður,2000,0,0
Herring,Tálknafjörður,2001,0,0
Herring,Tálknafjörður,2002,0,0
Herring,Tálknafjörður,2003,0,0
Herring,Tálknafjörður,2004,0,0
Herring,Tálknafjörður,2005,0,0
Herring,Tálknafjörður,2006,0,0
Herring,Tálknafjörður,2007,0,0
Herring,Tálknafjörður,2008,0,0
Herring,Tálknafjörður,2009,0,0
Herring,Tálknafjörður,2010,0,0
Herring,Tálknafjörður,2011,0,0
Herring,Tálknafjörður,2012,2,38
Herring,Tálknafjörður,2013,2,44
Herring,Tálknafjörður,2014,0,0
Herring,Tálknafjörður,2015,0,0
Herring,Tálknafjörður,2016,0,0
Herring,Tálknafjörður,2017,0,0
Herring,Tálknafjörður,2018,0,0
Herring,Tálknafjörður,2019,0,0
Herring,Tálknafjörður,2020,0,0
Herring,Tálknafjörður,2021,0,0
Herring,Tálknafjörður,2022,0,0
Herring,Tálknafjörður,2023,0,0
Herring,Tálknafjörður,2024,0,0
Herring,Vestmannaeyjar,1982,8268,23516
Herring,Vestmannaeyjar,1983,9978,39926
Herring,Vestmannaeyjar,1984,6957,33809
Herring,Vestmannaeyjar,1985,5670,38424
Herring,Vestmannaeyjar,1986,6102,33684
Herring,Vestmannaeyjar,1987,6392,41478
Herring,Vestmannaeyjar,1988,9796,76246
Herring,Vestmannaeyjar,1989,12114,108424
Herring,Vestmannaeyjar,1990,11413,104752
Herring,Vestmannaeyjar,1991,14755,104624
Herring,Vestmannaeyjar,1992,24249,155704
Herring,Vestmannaeyjar,1993,22366,158043
Herring,Vestmannaeyjar,1994,21022,148196
Herring,Vestmannaeyjar,1995,21474,165083
Herring,Vestmannaeyjar,1996,19802,203469
Herring,Vestmannaeyjar,1997,13363,155287
Herring,Vestmannaeyjar,1998,6658,78090
Herring,Vestmannaeyjar,1999,9786,85982
Herring,Vestmannaeyjar,2000,13803,101753
Herring,Vestmannaeyjar,2001,15517,240891
Herring,Vestmannaeyjar,2002,23694,291861
Herring,Vestmannaeyjar,2003,33462,310248
Herring,Vestmannaeyjar,2004,24665,339573
Herring,Vestmannaeyjar,2005,17950,253887
Herring,Vestmannaeyjar,2006,32310,526463
Herring,Vestmannaeyjar,2007,36544,510239
Herring,Vestmannaeyjar,2008,34162,878583
Herring,Vestmannaeyjar,2009,20345,507745
Herring,Vestmannaeyjar,2010,12889,399877
Herring,Vestmannaeyjar,2011,11796,631857
Herring,Vestmannaeyjar,2012,18446,996073
Herring,Vestmannaeyjar,2013,17672,694239
Herring,Vestmannaeyjar,2014,21530,1078793
Herring,Vestmannaeyjar,2015,15834,629203
Herring,Vestmannaeyjar,2016,19425,877478
Herring,Vestmannaeyjar,2017,5812,158302
Herring,Vestmannaeyjar,2018,7651,216540
Herring,Vestmannaeyjar,2019,5743,194833
Herring,Vestmannaeyjar,2020,7385,285116
Herring,Vestmannaeyjar,2021,16772,777614
Herring,Vestmannaeyjar,2022,13419,800831
Herring,Vestmannaeyjar,2023,31346,2280685
Herring,Vestmannaeyjar,2024,18969,1028788
Herring,Vogar,1982,575,1582
Herring,Vogar,1983,671,2613
Herring,Vogar,1984,14,69
Herring,Vogar,1985,60,363
Herring,Vogar,1986,118,696
Herring,Vogar,1987,36,208
Herring,Vogar,1988,169,1362
Herring,Vogar,1989,432,4034
Herring,Vogar,1990,447,4218
Herring,Vogar,1991,302,2570
Herring,Vogar,1992,10,92
Herring,Vogar,1993,41,412
Herring,Vogar,1994,0,0
Herring,Vogar,1995,0,0
Herring,Vogar,1996,39,542
Herring,Vogar,1997,0,0
Herring,Vogar,1998,0,0
Herring,Vogar,1999,0,0
Herring,Vogar,2000,0,0
Herring,Vogar,2001,0,0
Herring,Vogar,2002,0,0
Herring,Vogar,2003,0,0
Herring,Vogar,2004,0,0
Herring,Vogar,2005,0,0
Herring,Vogar,2006,0,0
Herring,Vogar,2007,0,0
Herring,Vogar,2008,0,0
Herring,Vogar,2009,0,0
Herring,Vogar,2010,0,0
Herring,Vogar,2011,0,0
Herring,Vogar,2012,0,0
Herring,Vogar,2013,0,0
Herring,Vogar,2014,0,0
Herring,Vogar,2015,0,0
Herring,Vogar,2016,0,0
Herring,Vogar,2017,0,0
Herring,Vogar,2018,0,0
Herring,Vogar,2019,0,0
Herring,Vogar,2020,0,0
Herring,Vogar,2021,0,0
Herring,Vogar,2022,0,0
Herring,Vogar,2023,0,0
Herring,Vogar,2024,0,0
Herring,Vopnafjörður,1982,1852,6396
Herring,Vopnafjörður,1983,468,2470
Herring,Vopnafjörður,1984,917,5403
Herring,Vopnafjörður,1985,1147,9317
Herring,Vopnafjörður,1986,1252,7093
Herring,Vopnafjörður,1987,2486,14348
Herring,Vopnafjörður,1988,2133,17178
Herring,Vopnafjörður,1989,1462,12190
Herring,Vopnafjörður,1990,1344,11577
Herring,Vopnafjörður,1991,1942,10233
Herring,Vopnafjörður,1992,3006,15046
Herring,Vopnafjörður,1993,3956,25091
Herring,Vopnafjörður,1994,5282,30537
Herring,Vopnafjörður,1995,4581,31345
Herring,Vopnafjörður,1996,2478,19583
Herring,Vopnafjörður,1997,3646,41411
Herring,Vopnafjörður,1998,1038,13231
Herring,Vopnafjörður,1999,3238,23814
Herring,Vopnafjörður,2000,6264,51164
Herring,Vopnafjörður,2001,6463,128383
Herring,Vopnafjörður,2002,4080,56061
Herring,Vopnafjörður,2003,27,410
Herring,Vopnafjörður,2004,13524,149410
Herring,Vopnafjörður,2005,6484,76149
Herring,Vopnafjörður,2006,9089,151882
Herring,Vopnafjörður,2007,18778,224426
Herring,Vopnafjörður,2008,11599,357562
Herring,Vopnafjörður,2009,144,4479
Herring,Vopnafjörður,2010,4671,157259
Herring,Vopnafjörður,2011,10067,452057
Herring,Vopnafjörður,2012,11318,681982
Herring,Vopnafjörður,2013,7587,1101062
Herring,Vopnafjörður,2014,10799,541415
Herring,Vopnafjörður,2015,7738,348703
Herring,Vopnafjörður,2016,6962,329513
Herring,Vopnafjörður,2017,14845,520232
Herring,Vopnafjörður,2018,5319,153585
Herring,Vopnafjörður,2019,922,36276
Herring,Vopnafjörður,2020,4908,210986
Herring,Vopnafjörður,2021,8986,439242
Herring,Vopnafjörður,2022,7525,450708
Herring,Vopnafjörður,2023,11697,887344
Herring,Vopnafjörður,2024,9697,668897
Herring,Vík í Mýrdal,1982,0,0
Herring,Vík í Mýrdal,1983,0,0
Herring,Vík í Mýrdal,1984,0,0
Herring,Vík í Mýrdal,1985,0,0
Herring,Vík í Mýrdal,1986,0,0
Herring,Vík í Mýrdal,1987,0,0
Herring,Vík í Mýrdal,1988,0,0
Herring,Vík í Mýrdal,1989,0,0
Herring,Vík í Mýrdal,1990,0,0
Herring,Vík í Mýrdal,1991,0,0
Herring,Vík í Mýrdal,1992,0,0
Herring,Vík í Mýrdal,1993,0,0
Herring,Vík í Mýrdal,1994,0,0
Herring,Vík í Mýrdal,1995,0,0
Herring,Vík í Mýrdal,1996,0,0
Herring,Vík í Mýrdal,1997,0,0
Herring,Vík í Mýrdal,1998,0,0
Herring,Vík í Mýrdal,1999,0,0
Herring,Vík í Mýrdal,2000,0,0
Herring,Vík í Mýrdal,2001,0,0
Herring,Vík í Mýrdal,2002,0,0
Herring,Vík í Mýrdal,2003,0,0
Herring,Vík í Mýrdal,2004,0,0
Herring,Vík í Mýrdal,2005,0,0
Herring,Vík í Mýrdal,2006,0,0
Herring,Vík í Mýrdal,2007,0,0
Herring,Vík í Mýrdal,2008,0,0
Herring,Vík í Mýrdal,2009,0,0
Herring,Vík í Mýrdal,2010,0,0
Herring,Vík í Mýrdal,2011,0,0
Herring,Vík í Mýrdal,2012,0,0
Herring,Vík í Mýrdal,2013,0,0
Herring,Vík í Mýrdal,2014,0,0
Herring,Vík í Mýrdal,2015,0,0
Herring,Vík í Mýrdal,2016,0,0
Herring,Vík í Mýrdal,2017,0,0
Herring,Vík í Mýrdal,2018,0,0
Herring,Vík í Mýrdal,2019,0,0
Herring,Vík í Mýrdal,2020,0,0
Herring,Vík í Mýrdal,2021,0,0
Herring,Vík í Mýrdal,2022,0,0
Herring,Vík í Mýrdal,2023,0,0
Herring,Vík í Mýrdal,2024,0,0
Herring,Árskógssandur,1982,0,0
Herring,Árskógssandur,1983,3,14
Herring,Árskógssandur,1984,0,0
Herring,Árskógssandur,1985,0,0
Herring,Árskógssandur,1986,35,162
Herring,Árskógssandur,1987,0,0
Herring,Árskógssandur,1988,5,40
Herring,Árskógssandur,1989,0,0
Herring,Árskógssandur,1990,0,0
Herring,Árskógssandur,1991,0,0
Herring,Árskógssandur,1992,0,0
Herring,Árskógssandur,1993,1,8
Herring,Árskógssandur,1994,0,0
Herring,Árskógssandur,1995,0,0
Herring,Árskógssandur,1996,0,0
Herring,Árskógssandur,1997,0,0
Herring,Árskógssandur,1998,0,0
Herring,Árskógssandur,1999,0,0
Herring,Árskógssandur,2000,0,0
Herring,Árskógssandur,2001,0,0
Herring,Árskógssandur,2002,0,0
Herring,Árskógssandur,2003,0,0
Herring,Árskógssandur,2004,0,0
Herring,Árskógssandur,2005,0,0
Herring,Árskógssandur,2006,0,0
Herring,Árskógssandur,2007,0,0
Herring,Árskógssandur,2008,0,0
Herring,Árskógssandur,2009,0,0
Herring,Árskógssandur,2010,0,0
Herring,Árskógssandur,2011,0,0
Herring,Árskógssandur,2012,0,0
Herring,Árskógssandur,2013,0,0
Herring,Árskógssandur,2014,0,0
Herring,Árskógssandur,2015,0,0
Herring,Árskógssandur,2016,0,0
Herring,Árskógssandur,2017,0,0
Herring,Árskógssandur,2018,0,0
Herring,Árskógssandur,2019,0,0
Herring,Árskógssandur,2020,0,0
Herring,Árskógssandur,2021,0,0
Herring,Árskógssandur,2022,0,0
Herring,Árskógssandur,2023,0,0
Herring,Árskógssandur,2024,0,0
Herring,Ísafjörður,1982,36,148
Herring,Ísafjörður,1983,117,486
Herring,Ísafjörður,1984,0,0
Herring,Ísafjörður,1985,32,192
Herring,Ísafjörður,1986,103,593
Herring,Ísafjörður,1987,0,0
Herring,Ísafjörður,1988,0,0
Herring,Ísafjörður,1989,1,3
Herring,Ísafjörður,1990,1,4
Herring,Ísafjörður,1991,10,306
Herring,Ísafjörður,1992,0,0
Herring,Ísafjörður,1993,0,0
Herring,Ísafjörður,1994,0,0
Herring,Ísafjörður,1995,0,0
Herring,Ísafjörður,1996,0,0
Herring,Ísafjörður,1997,-18,-177
Herring,Ísafjörður,1998,0,0
Herring,Ísafjörður,1999,0,0
Herring,Ísafjörður,2000,0,0
Herring,Ísafjörður,2001,524,29248
Herring,Ísafjörður,2002,105,3274
Herring,Ísafjörður,2003,0,0
Herring,Ísafjörður,2004,901,26192
Herring,Ísafjörður,2005,389,17160
Herring,Ísafjörður,2006,458,20032
Herring,Ísafjörður,2007,0,0
Herring,Ísafjörður,2008,0,0
Herring,Ísafjörður,2009,0,0
Herring,Ísafjörður,2010,91,6183
Herring,Ísafjörður,2011,14,563
Herring,Ísafjörður,2012,93,11467
Herring,Ísafjörður,2013,36,2444
Herring,Ísafjörður,2014,68,8383
Herring,Ísafjörður,2015,80,9441
Herring,Ísafjörður,2016,0,0
Herring,Ísafjörður,2017,0,0
Herring,Ísafjörður,2018,0,0
Herring,Ísafjörður,2019,0,0
Herring,Ísafjörður,2020,0,0
Herring,Ísafjörður,2021,0,0
Herring,Ísafjörður,2022,0,0
Herring,Ísafjörður,2023,0,0
Herring,Ísafjörður,2024,0,0
Herring,Ólafsfjörður,1982,205,801
Herring,Ólafsfjörður,1983,251,1265
Herring,Ólafsfjörður,1984,235,1451
Herring,Ólafsfjörður,1985,176,1467
Herring,Ólafsfjörður,1986,52,290
Herring,Ólafsfjörður,1987,75,527
Herring,Ólafsfjörður,1988,0,0
Herring,Ólafsfjörður,1989,205,1437
Herring,Ólafsfjörður,1990,189,1429
Herring,Ólafsfjörður,1991,65,2802
Herring,Ólafsfjörður,1992,0,0
Herring,Ólafsfjörður,1993,0,0
Herring,Ólafsfjörður,1994,0,0
Herring,Ólafsfjörður,1995,0,0
Herring,Ólafsfjörður,1996,0,0
Herring,Ólafsfjörður,1997,0,0
Herring,Ólafsfjörður,1998,0,0
Herring,Ólafsfjörður,1999,0,0
Herring,Ólafsfjörður,2000,0,0
Herring,Ólafsfjörður,2001,0,0
Herring,Ólafsfjörður,2002,0,0
Herring,Ólafsfjörður,2003,0,0
Herring,Ólafsfjörður,2004,1871,66491
Herring,Ólafsfjörður,2005,786,27192
Herring,Ólafsfjörður,2006,0,0
Herring,Ólafsfjörður,2007,0,0
Herring,Ólafsfjörður,2008,0,0
Herring,Ólafsfjörður,2009,0,0
Herring,Ólafsfjörður,2010,0,0
Herring,Ólafsfjörður,2011,1,93
Herring,Ólafsfjörður,2012,0,0
Herring,Ólafsfjörður,2013,0,0
Herring,Ólafsfjörður,2014,0,0
Herring,Ólafsfjörður,2015,0,0
Herring,Ólafsfjörður,2016,0,0
Herring,Ólafsfjörður,2017,0,0
Herring,Ólafsfjörður,2018,0,0
Herring,Ólafsfjörður,2019,0,0
Herring,Ólafsfjörður,2020,0,0
Herring,Ólafsfjörður,2021,0,0
Herring,Ólafsfjörður,2022,0,0
Herring,Ólafsfjörður,2023,0,0
Herring,Ólafsfjörður,2024,0,0
Herring,Ólafsvík,1982,373,846
Herring,Ólafsvík,1983,70,251
Herring,Ólafsvík,1984,38,175
Herring,Ólafsvík,1985,13,54
Herring,Ólafsvík,1986,137,667
Herring,Ólafsvík,1987,34,236
Herring,Ólafsvík,1988,66,566
Herring,Ólafsvík,1989,172,1720
Herring,Ólafsvík,1990,153,1516
Herring,Ólafsvík,1991,0,0
Herring,Ólafsvík,1992,0,0
Herring,Ólafsvík,1993,0,0
Herring,Ólafsvík,1994,1,7
Herring,Ólafsvík,1995,0,3
Herring,Ólafsvík,1996,0,0
Herring,Ólafsvík,1997,0,0
Herring,Ólafsvík,1998,0,0
Herring,Ólafsvík,1999,0,0
Herring,Ólafsvík,2000,0,0
Herring,Ólafsvík,2001,0,0
Herring,Ólafsvík,2002,0,0
Herring,Ólafsvík,2003,0,0
Herring,Ólafsvík,2004,200,8631
Herring,Ólafsvík,2005,503,22745
Herring,Ólafsvík,2006,0,0
Herring,Ólafsvík,2007,402,16905
Herring,Ólafsvík,2008,0,0
Herring,Ólafsvík,2009,0,0
Herring,Ólafsvík,2010,0,0
Herring,Ólafsvík,2011,0,0
Herring,Ólafsvík,2012,9,714
Herring,Ólafsvík,2013,0,0
Herring,Ólafsvík,2014,0,0
Herring,Ólafsvík,2015,0,0
Herring,Ólafsvík,2016,0,0
Herring,Ólafsvík,2017,0,0
Herring,Ólafsvík,2018,0,0
Herring,Ólafsvík,2019,0,0
Herring,Ólafsvík,2020,0,0
Herring,Ólafsvík,2021,0,0
Herring,Ólafsvík,2022,0,0
Herring,Ólafsvík,2023,1,9
Herring,Ólafsvík,2024,0,3
Herring,Þingeyri,1982,0,0
Herring,Þingeyri,1983,0,0
Herring,Þingeyri,1984,0,0
Herring,Þingeyri,1985,0,0
Herring,Þingeyri,1986,0,0
Herring,Þingeyri,1987,0,0
Herring,Þingeyri,1988,0,0
Herring,Þingeyri,1989,0,0
Herring,Þingeyri,1990,0,0
Herring,Þingeyri,1991,0,0
Herring,Þingeyri,1992,0,0
Herring,Þingeyri,1993,0,0
Herring,Þingeyri,1994,0,0
Herring,Þingeyri,1995,0,0
Herring,Þingeyri,1996,0,0
Herring,Þingeyri,1997,0,0
Herring,Þingeyri,1998,0,0
Herring,Þingeyri,1999,0,0
Herring,Þingeyri,2000,56,520
Herring,Þingeyri,2001,0,0
Herring,Þingeyri,2002,0,0
Herring,Þingeyri,2003,0,0
Herring,Þingeyri,2004,0,0
Herring,Þingeyri,2005,0,0
Herring,Þingeyri,2006,0,0
Herring,Þingeyri,2007,0,0
Herring,Þingeyri,2008,0,0
Herring,Þingeyri,2009,0,0
Herring,Þingeyri,2010,0,0
Herring,Þingeyri,2011,0,0
Herring,Þingeyri,2012,0,0
Herring,Þingeyri,2013,0,0
Herring,Þingeyri,2014,0,0
Herring,Þingeyri,2015,0,0
Herring,Þingeyri,2016,0,0
Herring,Þingeyri,2017,0,0
Herring,Þingeyri,2018,0,0
Herring,Þingeyri,2019,0,0
Herring,Þingeyri,2020,0,0
Herring,Þingeyri,2021,0,0
Herring,Þingeyri,2022,0,0
Herring,Þingeyri,2023,0,0
Herring,Þingeyri,2024,0,0
Herring,Þorlákshöfn,1982,3021,8866
Herring,Þorlákshöfn,1983,3483,15323
Herring,Þorlákshöfn,1984,4497,22478
Herring,Þorlákshöfn,1985,4424,31432
Herring,Þorlákshöfn,1986,3494,19916
Herring,Þorlákshöfn,1987,1613,10738
Herring,Þorlákshöfn,1988,1539,13450
Herring,Þorlákshöfn,1989,2042,18068
Herring,Þorlákshöfn,1990,1767,16004
Herring,Þorlákshöfn,1991,390,3307
Herring,Þorlákshöfn,1992,27,264
Herring,Þorlákshöfn,1993,1137,5538
Herring,Þorlákshöfn,1994,494,2470
Herring,Þorlákshöfn,1995,0,0
Herring,Þorlákshöfn,1996,0,0
Herring,Þorlákshöfn,1997,1,6
Herring,Þorlákshöfn,1998,698,10126
Herring,Þorlákshöfn,1999,0,0
Herring,Þorlákshöfn,2000,0,0
Herring,Þorlákshöfn,2001,0,2
Herring,Þorlákshöfn,2002,0,0
Herring,Þorlákshöfn,2003,0,0
Herring,Þorlákshöfn,2004,0,0
Herring,Þorlákshöfn,2005,1679,49818
Herring,Þorlákshöfn,2006,0,0
Herring,Þorlákshöfn,2007,0,0
Herring,Þorlákshöfn,2008,0,0
Herring,Þorlákshöfn,2009,0,0
Herring,Þorlákshöfn,2010,2,30
Herring,Þorlákshöfn,2011,38,2095
Herring,Þorlákshöfn,2012,29,1801
Herring,Þorlákshöfn,2013,65,1896
Herring,Þorlákshöfn,2014,29,1421
Herring,Þorlákshöfn,2015,0,0
Herring,Þorlákshöfn,2016,0,0
Herring,Þorlákshöfn,2017,0,0
Herring,Þorlákshöfn,2018,0,0
Herring,Þorlákshöfn,2019,0,0
Herring,Þorlákshöfn,2020,0,0
Herring,Þorlákshöfn,2021,0,0
Herring,Þorlákshöfn,2022,0,0
Herring,Þorlákshöfn,2023,0,0
Herring,Þorlákshöfn,2024,0,0
Herring,Þórshöfn,1982,77,240
Herring,Þórshöfn,1983,110,450
Herring,Þórshöfn,1984,11,51
Herring,Þórshöfn,1985,18,107
Herring,Þórshöfn,1986,95,563
Herring,Þórshöfn,1987,897,3800
Herring,Þórshöfn,1988,590,3498
Herring,Þórshöfn,1989,834,5001
Herring,Þórshöfn,1990,754,4621
Herring,Þórshöfn,1991,6415,44481
Herring,Þórshöfn,1992,8793,50165
Herring,Þórshöfn,1993,6026,38097
Herring,Þórshöfn,1994,8223,49978
Herring,Þórshöfn,1995,2064,19311
Herring,Þórshöfn,1996,2785,25527
Herring,Þórshöfn,1997,2064,26476
Herring,Þórshöfn,1998,1835,21489
Herring,Þórshöfn,1999,737,4569
Herring,Þórshöfn,2000,6043,42520
Herring,Þórshöfn,2001,3320,48897
Herring,Þórshöfn,2002,0,0
Herring,Þórshöfn,2003,3691,33378
Herring,Þórshöfn,2004,2344,93739
Herring,Þórshöfn,2005,2611,35331
Herring,Þórshöfn,2006,5357,80355
Herring,Þórshöfn,2007,0,0
Herring,Þórshöfn,2008,2172,57532
Herring,Þórshöfn,2009,7750,171770
Herring,Þórshöfn,2010,947,60524
Herring,Þórshöfn,2011,2223,329527
Herring,Þórshöfn,2012,500,25927
Herring,Þórshöfn,2013,319,13732
Herring,Þórshöfn,2014,410,13746
Herring,Þórshöfn,2015,2144,78139
Herring,Þórshöfn,2016,248,10566
Herring,Þórshöfn,2017,1526,40806
Herring,Þórshöfn,2018,859,22917
Herring,Þórshöfn,2019,456,16268
Herring,Þórshöfn,2020,1289,55585
Herring,Þórshöfn,2021,1389,67297
Herring,Þórshöfn,2022,2222,132898
Herring,Þórshöfn,2023,1701,139401
Herring,Þórshöfn,2024,1682,96937
Mackerel,Akranes,1982,0,0
Mackerel,Akranes,1983,0,0
Mackerel,Akranes,1984,0,0
Mackerel,Akranes,1985,0,0
Mackerel,Akranes,1986,0,0
Mackerel,Akranes,1987,0,0
Mackerel,Akranes,1988,0,0
Mackerel,Akranes,1989,0,0
Mackerel,Akranes,1990,0,0
Mackerel,Akranes,1991,0,0
Mackerel,Akranes,1992,0,0
Mackerel,Akranes,1993,0,0
Mackerel,Akranes,1994,0,0
Mackerel,Akranes,1995,0,0
Mackerel,Akranes,1996,0,0
Mackerel,Akranes,1997,0,0
Mackerel,Akranes,1998,0,0
Mackerel,Akranes,1999,0,0
Mackerel,Akranes,2000,0,0
Mackerel,Akranes,2001,0,0
Mackerel,Akranes,2002,0,0
Mackerel,Akranes,2003,0,0
Mackerel,Akranes,2004,0,0
Mackerel,Akranes,2005,0,1
Mackerel,Akranes,2006,0,0
Mackerel,Akranes,2007,296,4147
Mackerel,Akranes,2008,0,15
Mackerel,Akranes,2009,0,0
Mackerel,Akranes,2010,1362,50915
Mackerel,Akranes,2011,46,3719
Mackerel,Akranes,2012,497,40499
Mackerel,Akranes,2013,477,37841
Mackerel,Akranes,2014,32,2811
Mackerel,Akranes,2015,181,11628
Mackerel,Akranes,2016,188,11274
Mackerel,Akranes,2017,0,0
Mackerel,Akranes,2018,0,6
Mackerel,Akranes,2019,2,207
Mackerel,Akranes,2020,0,0
Mackerel,Akranes,2021,0,0
Mackerel,Akranes,2022,0,0
Mackerel,Akranes,2023,0,0
Mackerel,Akranes,2024,0,0
Mackerel,Akureyri,1982,0,0
Mackerel,Akureyri,1983,0,0
Mackerel,Akureyri,1984,0,0
Mackerel,Akureyri,1985,0,0
Mackerel,Akureyri,1986,0,0
Mackerel,Akureyri,1987,0,0
Mackerel,Akureyri,1988,0,0
Mackerel,Akureyri,1989,0,0
Mackerel,Akureyri,1990,0,0
Mackerel,Akureyri,1991,0,0
Mackerel,Akureyri,1992,0,0
Mackerel,Akureyri,1993,0,0
Mackerel,Akureyri,1994,0,0
Mackerel,Akureyri,1995,0,0
Mackerel,Akureyri,1996,0,0
Mackerel,Akureyri,1997,0,0
Mackerel,Akureyri,1998,0,0
Mackerel,Akureyri,1999,0,0
Mackerel,Akureyri,2000,0,0
Mackerel,Akureyri,2001,0,0
Mackerel,Akureyri,2002,0,0
Mackerel,Akureyri,2003,0,0
Mackerel,Akureyri,2004,0,0
Mackerel,Akureyri,2005,0,0
Mackerel,Akureyri,2006,0,0
Mackerel,Akureyri,2007,0,0
Mackerel,Akureyri,2008,0,0
Mackerel,Akureyri,2009,0,0
Mackerel,Akureyri,2010,2,81
Mackerel,Akureyri,2011,0,0
Mackerel,Akureyri,2012,2029,276776
Mackerel,Akureyri,2013,1021,177241
Mackerel,Akureyri,2014,2028,252873
Mackerel,Akureyri,2015,0,0
Mackerel,Akureyri,2016,0,0
Mackerel,Akureyri,2017,0,0
Mackerel,Akureyri,2018,0,0
Mackerel,Akureyri,2019,0,0
Mackerel,Akureyri,2020,0,0
Mackerel,Akureyri,2021,0,0
Mackerel,Akureyri,2022,0,0
Mackerel,Akureyri,2023,0,0
Mackerel,Akureyri,2024,0,0
Mackerel,Arnarstapi,1982,0,0
Mackerel,Arnarstapi,1983,0,0
Mackerel,Arnarstapi,1984,0,0
Mackerel,Arnarstapi,1985,0,0
Mackerel,Arnarstapi,1986,0,0
Mackerel,Arnarstapi,1987,0,0
Mackerel,Arnarstapi,1988,0,0
Mackerel,Arnarstapi,1989,0,0
Mackerel,Arnarstapi,1990,0,0
Mackerel,Arnarstapi,1991,0,0
Mackerel,Arnarstapi,1992,0,0
Mackerel,Arnarstapi,1993,0,0
Mackerel,Arnarstapi,1994,0,0
Mackerel,Arnarstapi,1995,0,0
Mackerel,Arnarstapi,1996,0,0
Mackerel,Arnarstapi,1997,0,0
Mackerel,Arnarstapi,1998,0,0
Mackerel,Arnarstapi,1999,0,0
Mackerel,Arnarstapi,2000,0,0
Mackerel,Arnarstapi,2001,0,0
Mackerel,Arnarstapi,2002,0,0
Mackerel,Arnarstapi,2003,0,0
Mackerel,Arnarstapi,2004,0,0
Mackerel,Arnarstapi,2005,0,0
Mackerel,Arnarstapi,2006,0,0
Mackerel,Arnarstapi,2007,0,0
Mackerel,Arnarstapi,2008,0,0
Mackerel,Arnarstapi,2009,0,11
Mackerel,Arnarstapi,2010,0,17
Mackerel,Arnarstapi,2011,6,901
Mackerel,Arnarstapi,2012,0,4
Mackerel,Arnarstapi,2013,248,22566
Mackerel,Arnarstapi,2014,830,68521
Mackerel,Arnarstapi,2015,61,3681
Mackerel,Arnarstapi,2016,0,0
Mackerel,Arnarstapi,2017,12,598
Mackerel,Arnarstapi,2018,1,57
Mackerel,Arnarstapi,2019,19,1997
Mackerel,Arnarstapi,2020,2,180
Mackerel,Arnarstapi,2021,0,0
Mackerel,Arnarstapi,2022,0,0
Mackerel,Arnarstapi,2023,0,0
Mackerel,Arnarstapi,2024,0,0
Mackerel,Bakkafjörður,1982,0,0
Mackerel,Bakkafjörður,1983,0,0
Mackerel,Bakkafjörður,1984,0,0
Mackerel,Bakkafjörður,1985,0,0
Mackerel,Bakkafjörður,1986,0,0
Mackerel,Bakkafjörður,1987,0,0
Mackerel,Bakkafjörður,1988,0,0
Mackerel,Bakkafjörður,1989,0,0
Mackerel,Bakkafjörður,1990,0,0
Mackerel,Bakkafjörður,1991,0,0
Mackerel,Bakkafjörður,1992,0,0
Mackerel,Bakkafjörður,1993,0,0
Mackerel,Bakkafjörður,1994,0,0
Mackerel,Bakkafjörður,1995,0,0
Mackerel,Bakkafjörður,1996,0,0
Mackerel,Bakkafjörður,1997,0,0
Mackerel,Bakkafjörður,1998,0,0
Mackerel,Bakkafjörður,1999,0,0
Mackerel,Bakkafjörður,2000,0,0
Mackerel,Bakkafjörður,2001,0,0
Mackerel,Bakkafjörður,2002,0,0
Mackerel,Bakkafjörður,2003,0,0
Mackerel,Bakkafjörður,2004,0,0
Mackerel,Bakkafjörður,2005,0,0
Mackerel,Bakkafjörður,2006,0,0
Mackerel,Bakkafjörður,2007,0,0
Mackerel,Bakkafjörður,2008,0,0
Mackerel,Bakkafjörður,2009,0,0
Mackerel,Bakkafjörður,2010,0,0
Mackerel,Bakkafjörður,2011,0,0
Mackerel,Bakkafjörður,2012,0,0
Mackerel,Bakkafjörður,2013,0,0
Mackerel,Bakkafjörður,2014,0,0
Mackerel,Bakkafjörður,2015,0,0
Mackerel,Bakkafjörður,2016,0,0
Mackerel,Bakkafjörður,2017,0,0
Mackerel,Bakkafjörður,2018,0,0
Mackerel,Bakkafjörður,2019,0,0
Mackerel,Bakkafjörður,2020,0,0
Mackerel,Bakkafjörður,2021,0,5
Mackerel,Bakkafjörður,2022,0,0
Mackerel,Bakkafjörður,2023,0,0
Mackerel,Bakkafjörður,2024,0,0
Mackerel,Blönduós,1982,0,0
Mackerel,Blönduós,1983,0,0
Mackerel,Blönduós,1984,0,0
Mackerel,Blönduós,1985,0,0
Mackerel,Blönduós,1986,0,0
Mackerel,Blönduós,1987,0,0
Mackerel,Blönduós,1988,0,0
Mackerel,Blönduós,1989,0,0
Mackerel,Blönduós,1990,0,0
Mackerel,Blönduós,1991,0,0
Mackerel,Blönduós,1992,0,0
Mackerel,Blönduós,1993,0,0
Mackerel,Blönduós,1994,0,0
Mackerel,Blönduós,1995,0,0
Mackerel,Blönduós,1996,0,0
Mackerel,Blönduós,1997,0,0
Mackerel,Blönduós,1998,0,0
Mackerel,Blönduós,1999,0,0
Mackerel,Blönduós,2000,0,0
Mackerel,Blönduós,2001,0,0
Mackerel,Blönduós,2002,0,0
Mackerel,Blönduós,2003,0,0
Mackerel,Blönduós,2004,0,0
Mackerel,Blönduós,2005,0,0
Mackerel,Blönduós,2006,0,0
Mackerel,Blönduós,2007,0,0
Mackerel,Blönduós,2008,0,0
Mackerel,Blönduós,2009,0,0
Mackerel,Blönduós,2010,0,0
Mackerel,Blönduós,2011,0,0
Mackerel,Blönduós,2012,0,0
Mackerel,Blönduós,2013,0,0
Mackerel,Blönduós,2014,0,0
Mackerel,Blönduós,2015,0,0
Mackerel,Blönduós,2016,35,2070
Mackerel,Blönduós,2017,0,0
Mackerel,Blönduós,2018,0,0
Mackerel,Blönduós,2019,0,0
Mackerel,Blönduós,2020,0,0
Mackerel,Blönduós,2021,0,0
Mackerel,Blönduós,2022,0,0
Mackerel,Blönduós,2023,0,0
Mackerel,Blönduós,2024,0,0
Mackerel,Bolungarvík,1982,0,0
Mackerel,Bolungarvík,1983,0,0
Mackerel,Bolungarvík,1984,0,0
Mackerel,Bolungarvík,1985,0,0
Mackerel,Bolungarvík,1986,0,0
Mackerel,Bolungarvík,1987,0,0
Mackerel,Bolungarvík,1988,0,0
Mackerel,Bolungarvík,1989,0,0
Mackerel,Bolungarvík,1990,0,0
Mackerel,Bolungarvík,1991,0,0
Mackerel,Bolungarvík,1992,0,0
Mackerel,Bolungarvík,1993,0,0
Mackerel,Bolungarvík,1994,0,0
Mackerel,Bolungarvík,1995,0,0
Mackerel,Bolungarvík,1996,0,0
Mackerel,Bolungarvík,1997,0,0
Mackerel,Bolungarvík,1998,0,0
Mackerel,Bolungarvík,1999,0,0
Mackerel,Bolungarvík,2000,0,0
Mackerel,Bolungarvík,2001,0,0
Mackerel,Bolungarvík,2002,0,0
Mackerel,Bolungarvík,2003,0,0
Mackerel,Bolungarvík,2004,0,0
Mackerel,Bolungarvík,2005,0,0
Mackerel,Bolungarvík,2006,0,0
Mackerel,Bolungarvík,2007,0,0
Mackerel,Bolungarvík,2008,0,0
Mackerel,Bolungarvík,2009,0,0
Mackerel,Bolungarvík,2010,0,0
Mackerel,Bolungarvík,2011,0,2
Mackerel,Bolungarvík,2012,57,4515
Mackerel,Bolungarvík,2013,2,169
Mackerel,Bolungarvík,2014,1,105
Mackerel,Bolungarvík,2015,0,0
Mackerel,Bolungarvík,2016,0,0
Mackerel,Bolungarvík,2017,0,0
Mackerel,Bolungarvík,2018,0,0
Mackerel,Bolungarvík,2019,0,0
Mackerel,Bolungarvík,2020,0,0
Mackerel,Bolungarvík,2021,0,0
Mackerel,Bolungarvík,2022,0,0
Mackerel,Bolungarvík,2023,0,0
Mackerel,Bolungarvík,2024,0,0
Mackerel,Borgarfjörður Eystri,1982,0,0
Mackerel,Borgarfjörður Eystri,1983,0,0
Mackerel,Borgarfjörður Eystri,1984,0,0
Mackerel,Borgarfjörður Eystri,1985,0,0
Mackerel,Borgarfjörður Eystri,1986,0,0
Mackerel,Borgarfjörður Eystri,1987,0,0
Mackerel,Borgarfjörður Eystri,1988,0,0
Mackerel,Borgarfjörður Eystri,1989,0,0
Mackerel,Borgarfjörður Eystri,1990,0,0
Mackerel,Borgarfjörður Eystri,1991,0,0
Mackerel,Borgarfjörður Eystri,1992,0,0
Mackerel,Borgarfjörður Eystri,1993,0,0
Mackerel,Borgarfjörður Eystri,1994,0,0
Mackerel,Borgarfjörður Eystri,1995,0,0
Mackerel,Borgarfjörður Eystri,1996,0,0
Mackerel,Borgarfjörður Eystri,1997,0,0
Mackerel,Borgarfjörður Eystri,1998,0,0
Mackerel,Borgarfjörður Eystri,1999,0,0
Mackerel,Borgarfjörður Eystri,2000,0,0
Mackerel,Borgarfjörður Eystri,2001,0,0
Mackerel,Borgarfjörður Eystri,2002,0,0
Mackerel,Borgarfjörður Eystri,2003,0,0
Mackerel,Borgarfjörður Eystri,2004,0,0
Mackerel,Borgarfjörður Eystri,2005,0,0
Mackerel,Borgarfjörður Eystri,2006,0,0
Mackerel,Borgarfjörður Eystri,2007,0,0
Mackerel,Borgarfjörður Eystri,2008,0,0
Mackerel,Borgarfjörður Eystri,2009,0,0
Mackerel,Borgarfjörður Eystri,2010,0,2
Mackerel,Borgarfjörður Eystri,2011,0,7
Mackerel,Borgarfjörður Eystri,2012,0,14
Mackerel,Borgarfjörður Eystri,2013,0,1
Mackerel,Borgarfjörður Eystri,2014,0,0
Mackerel,Borgarfjörður Eystri,2015,0,0
Mackerel,Borgarfjörður Eystri,2016,0,1
Mackerel,Borgarfjörður Eystri,2017,0,0
Mackerel,Borgarfjörður Eystri,2018,0,0
Mackerel,Borgarfjörður Eystri,2019,0,0
Mackerel,Borgarfjörður Eystri,2020,0,0
Mackerel,Borgarfjörður Eystri,2021,0,0
Mackerel,Borgarfjörður Eystri,2022,0,0
Mackerel,Borgarfjörður Eystri,2023,0,0
Mackerel,Borgarfjörður Eystri,2024,0,0
Mackerel,Borgarnes,1982,0,0
Mackerel,Borgarnes,1983,0,0
Mackerel,Borgarnes,1984,0,0
Mackerel,Borgarnes,1985,0,0
Mackerel,Borgarnes,1986,0,0
Mackerel,Borgarnes,1987,0,0
Mackerel,Borgarnes,1988,0,0
Mackerel,Borgarnes,1989,0,0
Mackerel,Borgarnes,1990,0,0
Mackerel,Borgarnes,1991,0,0
Mackerel,Borgarnes,1992,0,0
Mackerel,Borgarnes,1993,0,0
Mackerel,Borgarnes,1994,0,0
Mackerel,Borgarnes,1995,0,0
Mackerel,Borgarnes,1996,0,0
Mackerel,Borgarnes,1997,0,0
Mackerel,Borgarnes,1998,0,0
Mackerel,Borgarnes,1999,0,0
Mackerel,Borgarnes,2000,0,0
Mackerel,Borgarnes,2001,0,0
Mackerel,Borgarnes,2002,0,0
Mackerel,Borgarnes,2003,0,0
Mackerel,Borgarnes,2004,0,0
Mackerel,Borgarnes,2005,0,0
Mackerel,Borgarnes,2006,0,0
Mackerel,Borgarnes,2007,0,0
Mackerel,Borgarnes,2008,0,0
Mackerel,Borgarnes,2009,0,0
Mackerel,Borgarnes,2010,0,0
Mackerel,Borgarnes,2011,0,0
Mackerel,Borgarnes,2012,0,0
Mackerel,Borgarnes,2013,0,0
Mackerel,Borgarnes,2014,0,0
Mackerel,Borgarnes,2015,0,0
Mackerel,Borgarnes,2016,0,0
Mackerel,Borgarnes,2017,0,0
Mackerel,Borgarnes,2018,0,0
Mackerel,Borgarnes,2019,0,0
Mackerel,Borgarnes,2020,0,0
Mackerel,Borgarnes,2021,0,0
Mackerel,Borgarnes,2022,0,0
Mackerel,Borgarnes,2023,0,0
Mackerel,Borgarnes,2024,0,0
Mackerel,Breiðdalsvík,1982,0,0
Mackerel,Breiðdalsvík,1983,0,0
Mackerel,Breiðdalsvík,1984,0,0
Mackerel,Breiðdalsvík,1985,0,0
Mackerel,Breiðdalsvík,1986,0,0
Mackerel,Breiðdalsvík,1987,0,0
Mackerel,Breiðdalsvík,1988,0,0
Mackerel,Breiðdalsvík,1989,0,0
Mackerel,Breiðdalsvík,1990,0,0
Mackerel,Breiðdalsvík,1991,0,0
Mackerel,Breiðdalsvík,1992,0,0
Mackerel,Breiðdalsvík,1993,0,0
Mackerel,Breiðdalsvík,1994,0,0
Mackerel,Breiðdalsvík,1995,0,0
Mackerel,Breiðdalsvík,1996,0,0
Mackerel,Breiðdalsvík,1997,0,0
Mackerel,Breiðdalsvík,1998,0,0
Mackerel,Breiðdalsvík,1999,0,0
Mackerel,Breiðdalsvík,2000,0,0
Mackerel,Breiðdalsvík,2001,0,0
Mackerel,Breiðdalsvík,2002,0,0
Mackerel,Breiðdalsvík,2003,0,0
Mackerel,Breiðdalsvík,2004,0,0
Mackerel,Breiðdalsvík,2005,0,0
Mackerel,Breiðdalsvík,2006,0,0
Mackerel,Breiðdalsvík,2007,0,0
Mackerel,Breiðdalsvík,2008,0,0
Mackerel,Breiðdalsvík,2009,0,0
Mackerel,Breiðdalsvík,2010,7,252
Mackerel,Breiðdalsvík,2011,0,0
Mackerel,Breiðdalsvík,2012,0,0
Mackerel,Breiðdalsvík,2013,0,0
Mackerel,Breiðdalsvík,2014,0,0
Mackerel,Breiðdalsvík,2015,0,0
Mackerel,Breiðdalsvík,2016,0,0
Mackerel,Breiðdalsvík,2017,0,0
Mackerel,Breiðdalsvík,2018,0,0
Mackerel,Breiðdalsvík,2019,0,0
Mackerel,Breiðdalsvík,2020,0,0
Mackerel,Breiðdalsvík,2021,0,0
Mackerel,Breiðdalsvík,2022,0,0
Mackerel,Breiðdalsvík,2023,0,0
Mackerel,Breiðdalsvík,2024,0,0
Mackerel,Brjánslækur,1982,0,0
Mackerel,Brjánslækur,1983,0,0
Mackerel,Brjánslækur,1984,0,0
Mackerel,Brjánslækur,1985,0,0
Mackerel,Brjánslækur,1986,0,0
Mackerel,Brjánslækur,1987,0,0
Mackerel,Brjánslækur,1988,0,0
Mackerel,Brjánslækur,1989,0,0
Mackerel,Brjánslækur,1990,0,0
Mackerel,Brjánslækur,1991,0,0
Mackerel,Brjánslækur,1992,0,0
Mackerel,Brjánslækur,1993,0,0
Mackerel,Brjánslækur,1994,0,0
Mackerel,Brjánslækur,1995,0,0
Mackerel,Brjánslækur,1996,0,0
Mackerel,Brjánslækur,1997,0,0
Mackerel,Brjánslækur,1998,0,0
Mackerel,Brjánslækur,1999,0,0
Mackerel,Brjánslækur,2000,0,0
Mackerel,Brjánslækur,2001,0,0
Mackerel,Brjánslækur,2002,0,0
Mackerel,Brjánslækur,2003,0,0
Mackerel,Brjánslækur,2004,0,0
Mackerel,Brjánslækur,2005,0,0
Mackerel,Brjánslækur,2006,0,0
Mackerel,Brjánslækur,2007,0,0
Mackerel,Brjánslækur,2008,0,0
Mackerel,Brjánslækur,2009,0,0
Mackerel,Brjánslækur,2010,0,0
Mackerel,Brjánslækur,2011,0,0
Mackerel,Brjánslækur,2012,0,0
Mackerel,Brjánslækur,2013,0,0
Mackerel,Brjánslækur,2014,6,458
Mackerel,Brjánslækur,2015,1,83
Mackerel,Brjánslækur,2016,0,0
Mackerel,Brjánslækur,2017,0,0
Mackerel,Brjánslækur,2018,0,0
Mackerel,Brjánslækur,2019,0,0
Mackerel,Brjánslækur,2020,0,0
Mackerel,Brjánslækur,2021,0,0
Mackerel,Brjánslækur,2022,0,0
Mackerel,Brjánslækur,2023,0,0
Mackerel,Brjánslækur,2024,0,0
Mackerel,Bíldudalur,1982,0,0
Mackerel,Bíldudalur,1983,0,0
Mackerel,Bíldudalur,1984,0,0
Mackerel,Bíldudalur,1985,0,0
Mackerel,Bíldudalur,1986,0,0
Mackerel,Bíldudalur,1987,0,0
Mackerel,Bíldudalur,1988,0,0
Mackerel,Bíldudalur,1989,0,0
Mackerel,Bíldudalur,1990,0,0
Mackerel,Bíldudalur,1991,0,0
Mackerel,Bíldudalur,1992,0,0
Mackerel,Bíldudalur,1993,0,0
Mackerel,Bíldudalur,1994,0,0
Mackerel,Bíldudalur,1995,0,0
Mackerel,Bíldudalur,1996,0,0
Mackerel,Bíldudalur,1997,0,0
Mackerel,Bíldudalur,1998,0,0
Mackerel,Bíldudalur,1999,0,0
Mackerel,Bíldudalur,2000,0,0
Mackerel,Bíldudalur,2001,0,0
Mackerel,Bíldudalur,2002,0,0
Mackerel,Bíldudalur,2003,0,0
Mackerel,Bíldudalur,2004,0,0
Mackerel,Bíldudalur,2005,0,0
Mackerel,Bíldudalur,2006,0,0
Mackerel,Bíldudalur,2007,0,0
Mackerel,Bíldudalur,2008,0,0
Mackerel,Bíldudalur,2009,0,0
Mackerel,Bíldudalur,2010,0,0
Mackerel,Bíldudalur,2011,0,0
Mackerel,Bíldudalur,2012,0,0
Mackerel,Bíldudalur,2013,29,1041
Mackerel,Bíldudalur,2014,0,0
Mackerel,Bíldudalur,2015,0,0
Mackerel,Bíldudalur,2016,0,0
Mackerel,Bíldudalur,2017,0,0
Mackerel,Bíldudalur,2018,0,0
Mackerel,Bíldudalur,2019,0,0
Mackerel,Bíldudalur,2020,0,0
Mackerel,Bíldudalur,2021,0,0
Mackerel,Bíldudalur,2022,0,0
Mackerel,Bíldudalur,2023,0,0
Mackerel,Bíldudalur,2024,0,0
Mackerel,Búðardalur,1982,0,0
Mackerel,Búðardalur,1983,0,0
Mackerel,Búðardalur,1984,0,0
Mackerel,Búðardalur,1985,0,0
Mackerel,Búðardalur,1986,0,0
Mackerel,Búðardalur,1987,0,0
Mackerel,Búðardalur,1988,0,0
Mackerel,Búðardalur,1989,0,0
Mackerel,Búðardalur,1990,0,0
Mackerel,Búðardalur,1991,0,0
Mackerel,Búðardalur,1992,0,0
Mackerel,Búðardalur,1993,0,0
Mackerel,Búðardalur,1994,0,0
Mackerel,Búðardalur,1995,0,0
Mackerel,Búðardalur,1996,0,0
Mackerel,Búðardalur,1997,0,0
Mackerel,Búðardalur,1998,0,0
Mackerel,Búðardalur,1999,0,0
Mackerel,Búðardalur,2000,0,0
Mackerel,Búðardalur,2001,0,0
Mackerel,Búðardalur,2002,0,0
Mackerel,Búðardalur,2003,0,0
Mackerel,Búðardalur,2004,0,0
Mackerel,Búðardalur,2005,0,0
Mackerel,Búðardalur,2006,0,0
Mackerel,Búðardalur,2007,0,0
Mackerel,Búðardalur,2008,0,0
Mackerel,Búðardalur,2009,0,0
Mackerel,Búðardalur,2010,0,0
Mackerel,Búðardalur,2011,0,0
Mackerel,Búðardalur,2012,0,0
Mackerel,Búðardalur,2013,0,0
Mackerel,Búðardalur,2014,0,0
Mackerel,Búðardalur,2015,0,0
Mackerel,Búðardalur,2016,0,0
Mackerel,Búðardalur,2017,0,0
Mackerel,Búðardalur,2018,0,0
Mackerel,Búðardalur,2019,0,0
Mackerel,Búðardalur,2020,0,0
Mackerel,Búðardalur,2021,0,0
Mackerel,Búðardalur,2022,0,0
Mackerel,Búðardalur,2023,0,0
Mackerel,Búðardalur,2024,0,0
Mackerel,Dalvík,1982,0,0
Mackerel,Dalvík,1983,0,0
Mackerel,Dalvík,1984,0,0
Mackerel,Dalvík,1985,0,0
Mackerel,Dalvík,1986,0,0
Mackerel,Dalvík,1987,0,0
Mackerel,Dalvík,1988,0,0
Mackerel,Dalvík,1989,0,0
Mackerel,Dalvík,1990,0,0
Mackerel,Dalvík,1991,0,0
Mackerel,Dalvík,1992,0,0
Mackerel,Dalvík,1993,0,0
Mackerel,Dalvík,1994,0,0
Mackerel,Dalvík,1995,0,0
Mackerel,Dalvík,1996,0,0
Mackerel,Dalvík,1997,0,0
Mackerel,Dalvík,1998,0,0
Mackerel,Dalvík,1999,0,0
Mackerel,Dalvík,2000,0,0
Mackerel,Dalvík,2001,0,0
Mackerel,Dalvík,2002,0,0
Mackerel,Dalvík,2003,0,0
Mackerel,Dalvík,2004,0,0
Mackerel,Dalvík,2005,0,0
Mackerel,Dalvík,2006,0,0
Mackerel,Dalvík,2007,0,0
Mackerel,Dalvík,2008,0,22
Mackerel,Dalvík,2009,0,15
Mackerel,Dalvík,2010,0,18
Mackerel,Dalvík,2011,0,64
Mackerel,Dalvík,2012,2,67
Mackerel,Dalvík,2013,1,107
Mackerel,Dalvík,2014,2,203
Mackerel,Dalvík,2015,0,0
Mackerel,Dalvík,2016,87,5246
Mackerel,Dalvík,2017,0,0
Mackerel,Dalvík,2018,0,23
Mackerel,Dalvík,2019,0,0
Mackerel,Dalvík,2020,0,0
Mackerel,Dalvík,2021,0,13
Mackerel,Dalvík,2022,0,19
Mackerel,Dalvík,2023,0,0
Mackerel,Dalvík,2024,0,0
Mackerel,Djúpivogur,1982,0,0
Mackerel,Djúpivogur,1983,0,0
Mackerel,Djúpivogur,1984,0,0
Mackerel,Djúpivogur,1985,0,0
Mackerel,Djúpivogur,1986,0,0
Mackerel,Djúpivogur,1987,0,0
Mackerel,Djúpivogur,1988,0,0
Mackerel,Djúpivogur,1989,0,0
Mackerel,Djúpivogur,1990,0,0
Mackerel,Djúpivogur,1991,0,0
Mackerel,Djúpivogur,1992,0,0
Mackerel,Djúpivogur,1993,0,0
Mackerel,Djúpivogur,1994,0,0
Mackerel,Djúpivogur,1995,0,0
Mackerel,Djúpivogur,1996,0,0
Mackerel,Djúpivogur,1997,0,0
Mackerel,Djúpivogur,1998,0,0
Mackerel,Djúpivogur,1999,0,0
Mackerel,Djúpivogur,2000,0,0
Mackerel,Djúpivogur,2001,0,0
Mackerel,Djúpivogur,2002,0,0
Mackerel,Djúpivogur,2003,0,0
Mackerel,Djúpivogur,2004,0,0
Mackerel,Djúpivogur,2005,0,0
Mackerel,Djúpivogur,2006,0,0
Mackerel,Djúpivogur,2007,0,0
Mackerel,Djúpivogur,2008,0,7
Mackerel,Djúpivogur,2009,0,21
Mackerel,Djúpivogur,2010,0,18
Mackerel,Djúpivogur,2011,73,5038
Mackerel,Djúpivogur,2012,0,0
Mackerel,Djúpivogur,2013,7,560
Mackerel,Djúpivogur,2014,4,292
Mackerel,Djúpivogur,2015,0,0
Mackerel,Djúpivogur,2016,0,0
Mackerel,Djúpivogur,2017,0,0
Mackerel,Djúpivogur,2018,0,0
Mackerel,Djúpivogur,2019,0,0
Mackerel,Djúpivogur,2020,0,0
Mackerel,Djúpivogur,2021,0,0
Mackerel,Djúpivogur,2022,0,0
Mackerel,Djúpivogur,2023,0,0
Mackerel,Djúpivogur,2024,0,0
Mackerel,Domeniska lýðveldið,1982,0,0
Mackerel,Domeniska lýðveldið,1983,0,0
Mackerel,Domeniska lýðveldið,1984,0,0
Mackerel,Domeniska lýðveldið,1985,0,0
Mackerel,Domeniska lýðveldið,1986,0,0
Mackerel,Domeniska lýðveldið,1987,0,0
Mackerel,Domeniska lýðveldið,1988,0,0
Mackerel,Domeniska lýðveldið,1989,0,0
Mackerel,Domeniska lýðveldið,1990,0,0
Mackerel,Domeniska lýðveldið,1991,0,0
Mackerel,Domeniska lýðveldið,1992,0,0
Mackerel,Domeniska lýðveldið,1993,0,0
Mackerel,Domeniska lýðveldið,1994,0,0
Mackerel,Domeniska lýðveldið,1995,0,0
Mackerel,Domeniska lýðveldið,1996,0,0
Mackerel,Domeniska lýðveldið,1997,0,0
Mackerel,Domeniska lýðveldið,1998,0,0
Mackerel,Domeniska lýðveldið,1999,0,0
Mackerel,Domeniska lýðveldið,2000,0,0
Mackerel,Domeniska lýðveldið,2001,0,0
Mackerel,Domeniska lýðveldið,2002,0,0
Mackerel,Domeniska lýðveldið,2003,0,0
Mackerel,Domeniska lýðveldið,2004,0,0
Mackerel,Domeniska lýðveldið,2005,0,0
Mackerel,Domeniska lýðveldið,2006,0,0
Mackerel,Domeniska lýðveldið,2007,0,0
Mackerel,Domeniska lýðveldið,2008,0,0
Mackerel,Domeniska lýðveldið,2009,0,0
Mackerel,Domeniska lýðveldið,2010,0,0
Mackerel,Domeniska lýðveldið,2011,0,0
Mackerel,Domeniska lýðveldið,2012,0,0
Mackerel,Domeniska lýðveldið,2013,0,0
Mackerel,Domeniska lýðveldið,2014,0,0
Mackerel,Domeniska lýðveldið,2015,0,0
Mackerel,Domeniska lýðveldið,2016,0,0
Mackerel,Domeniska lýðveldið,2017,0,0
Mackerel,Domeniska lýðveldið,2018,0,0
Mackerel,Domeniska lýðveldið,2019,0,0
Mackerel,Domeniska lýðveldið,2020,0,0
Mackerel,Domeniska lýðveldið,2021,0,0
Mackerel,Domeniska lýðveldið,2022,0,0
Mackerel,Domeniska lýðveldið,2023,0,0
Mackerel,Domeniska lýðveldið,2024,0,0
Mackerel,Drangsnes,1982,0,0
Mackerel,Drangsnes,1983,0,0
Mackerel,Drangsnes,1984,0,0
Mackerel,Drangsnes,1985,0,0
Mackerel,Drangsnes,1986,0,0
Mackerel,Drangsnes,1987,0,0
Mackerel,Drangsnes,1988,0,0
Mackerel,Drangsnes,1989,0,0
Mackerel,Drangsnes,1990,0,0
Mackerel,Drangsnes,1991,0,0
Mackerel,Drangsnes,1992,0,0
Mackerel,Drangsnes,1993,0,0
Mackerel,Drangsnes,1994,0,0
Mackerel,Drangsnes,1995,0,0
Mackerel,Drangsnes,1996,0,0
Mackerel,Drangsnes,1997,0,0
Mackerel,Drangsnes,1998,0,0
Mackerel,Drangsnes,1999,0,0
Mackerel,Drangsnes,2000,0,0
Mackerel,Drangsnes,2001,0,0
Mackerel,Drangsnes,2002,0,0
Mackerel,Drangsnes,2003,0,0
Mackerel,Drangsnes,2004,0,0
Mackerel,Drangsnes,2005,0,0
Mackerel,Drangsnes,2006,0,0
Mackerel,Drangsnes,2007,0,0
Mackerel,Drangsnes,2008,0,0
Mackerel,Drangsnes,2009,0,0
Mackerel,Drangsnes,2010,0,0
Mackerel,Drangsnes,2011,0,1
Mackerel,Drangsnes,2012,0,0
Mackerel,Drangsnes,2013,137,13311
Mackerel,Drangsnes,2014,228,19580
Mackerel,Drangsnes,2015,3,157
Mackerel,Drangsnes,2016,81,3913
Mackerel,Drangsnes,2017,20,865
Mackerel,Drangsnes,2018,82,6183
Mackerel,Drangsnes,2019,0,0
Mackerel,Drangsnes,2020,0,0
Mackerel,Drangsnes,2021,0,0
Mackerel,Drangsnes,2022,0,0
Mackerel,Drangsnes,2023,0,0
Mackerel,Drangsnes,2024,0,0
Mackerel,Egilsstaðir,1982,0,0
Mackerel,Egilsstaðir,1983,0,0
Mackerel,Egilsstaðir,1984,0,0
Mackerel,Egilsstaðir,1985,0,0
Mackerel,Egilsstaðir,1986,0,0
Mackerel,Egilsstaðir,1987,0,0
Mackerel,Egilsstaðir,1988,0,0
Mackerel,Egilsstaðir,1989,0,0
Mackerel,Egilsstaðir,1990,0,0
Mackerel,Egilsstaðir,1991,0,0
Mackerel,Egilsstaðir,1992,0,0
Mackerel,Egilsstaðir,1993,0,0
Mackerel,Egilsstaðir,1994,0,0
Mackerel,Egilsstaðir,1995,0,0
Mackerel,Egilsstaðir,1996,0,0
Mackerel,Egilsstaðir,1997,0,0
Mackerel,Egilsstaðir,1998,0,0
Mackerel,Egilsstaðir,1999,0,0
Mackerel,Egilsstaðir,2000,0,0
Mackerel,Egilsstaðir,2001,0,0
Mackerel,Egilsstaðir,2002,0,0
Mackerel,Egilsstaðir,2003,0,0
Mackerel,Egilsstaðir,2004,0,0
Mackerel,Egilsstaðir,2005,0,0
Mackerel,Egilsstaðir,2006,0,0
Mackerel,Egilsstaðir,2007,0,0
Mackerel,Egilsstaðir,2008,0,0
Mackerel,Egilsstaðir,2009,0,0
Mackerel,Egilsstaðir,2010,0,0
Mackerel,Egilsstaðir,2011,0,0
Mackerel,Egilsstaðir,2012,0,0
Mackerel,Egilsstaðir,2013,0,0
Mackerel,Egilsstaðir,2014,0,0
Mackerel,Egilsstaðir,2015,0,0
Mackerel,Egilsstaðir,2016,0,0
Mackerel,Egilsstaðir,2017,0,0
Mackerel,Egilsstaðir,2018,0,0
Mackerel,Egilsstaðir,2019,0,0
Mackerel,Egilsstaðir,2020,0,0
Mackerel,Egilsstaðir,2021,0,0
Mackerel,Egilsstaðir,2022,0,0
Mackerel,Egilsstaðir,2023,0,0
Mackerel,Egilsstaðir,2024,0,0
Mackerel,Eskifjörður,1982,0,0
Mackerel,Eskifjörður,1983,0,0
Mackerel,Eskifjörður,1984,0,0
Mackerel,Eskifjörður,1985,0,0
Mackerel,Eskifjörður,1986,0,0
Mackerel,Eskifjörður,1987,0,0
Mackerel,Eskifjörður,1988,0,0
Mackerel,Eskifjörður,1989,0,0
Mackerel,Eskifjörður,1990,0,0
Mackerel,Eskifjörður,1991,0,0
Mackerel,Eskifjörður,1992,0,0
Mackerel,Eskifjörður,1993,0,0
Mackerel,Eskifjörður,1994,0,0
Mackerel,Eskifjörður,1995,0,0
Mackerel,Eskifjörður,1996,0,0
Mackerel,Eskifjörður,1997,0,0
Mackerel,Eskifjörður,1998,0,0
Mackerel,Eskifjörður,1999,38,210
Mackerel,Eskifjörður,2000,0,0
Mackerel,Eskifjörður,2001,0,0
Mackerel,Eskifjörður,2002,0,0
Mackerel,Eskifjörður,2003,0,0
Mackerel,Eskifjörður,2004,0,0
Mackerel,Eskifjörður,2005,1,92
Mackerel,Eskifjörður,2006,498,12951
Mackerel,Eskifjörður,2007,5681,78441
Mackerel,Eskifjörður,2008,18084,531228
Mackerel,Eskifjörður,2009,14802,761370
Mackerel,Eskifjörður,2010,14441,907677
Mackerel,Eskifjörður,2011,12629,1728263
Mackerel,Eskifjörður,2012,7670,655656
Mackerel,Eskifjörður,2013,7855,1063947
Mackerel,Eskifjörður,2014,8841,986624
Mackerel,Eskifjörður,2015,15206,1041842
Mackerel,Eskifjörður,2016,8298,724528
Mackerel,Eskifjörður,2017,23805,1072850
Mackerel,Eskifjörður,2018,27445,1339841
Mackerel,Eskifjörður,2019,23232,1627126
Mackerel,Eskifjörður,2020,26091,1555009
Mackerel,Eskifjörður,2021,20730,1122088
Mackerel,Eskifjörður,2022,17935,1293413
Mackerel,Eskifjörður,2023,17646,1695320
Mackerel,Eskifjörður,2024,12465,1059969
Mackerel,Eyrarbakki,1982,0,0
Mackerel,Eyrarbakki,1983,0,0
Mackerel,Eyrarbakki,1984,0,0
Mackerel,Eyrarbakki,1985,0,0
Mackerel,Eyrarbakki,1986,0,0
Mackerel,Eyrarbakki,1987,0,0
Mackerel,Eyrarbakki,1988,0,0
Mackerel,Eyrarbakki,1989,0,0
Mackerel,Eyrarbakki,1990,0,0
Mackerel,Eyrarbakki,1991,0,0
Mackerel,Eyrarbakki,1992,0,0
Mackerel,Eyrarbakki,1993,0,0
Mackerel,Eyrarbakki,1994,0,0
Mackerel,Eyrarbakki,1995,0,0
Mackerel,Eyrarbakki,1996,0,0
Mackerel,Eyrarbakki,1997,0,0
Mackerel,Eyrarbakki,1998,0,0
Mackerel,Eyrarbakki,1999,0,0
Mackerel,Eyrarbakki,2000,0,0
Mackerel,Eyrarbakki,2001,0,0
Mackerel,Eyrarbakki,2002,0,0
Mackerel,Eyrarbakki,2003,0,0
Mackerel,Eyrarbakki,2004,0,0
Mackerel,Eyrarbakki,2005,0,0
Mackerel,Eyrarbakki,2006,0,0
Mackerel,Eyrarbakki,2007,0,0
Mackerel,Eyrarbakki,2008,0,0
Mackerel,Eyrarbakki,2009,0,0
Mackerel,Eyrarbakki,2010,0,0
Mackerel,Eyrarbakki,2011,0,0
Mackerel,Eyrarbakki,2012,0,0
Mackerel,Eyrarbakki,2013,0,0
Mackerel,Eyrarbakki,2014,0,0
Mackerel,Eyrarbakki,2015,0,0
Mackerel,Eyrarbakki,2016,0,0
Mackerel,Eyrarbakki,2017,0,0
Mackerel,Eyrarbakki,2018,0,0
Mackerel,Eyrarbakki,2019,0,0
Mackerel,Eyrarbakki,2020,0,0
Mackerel,Eyrarbakki,2021,0,0
Mackerel,Eyrarbakki,2022,0,0
Mackerel,Eyrarbakki,2023,0,0
Mackerel,Eyrarbakki,2024,0,0
Mackerel,Flatey á Breiðafirði,1982,0,0
Mackerel,Flatey á Breiðafirði,1983,0,0
Mackerel,Flatey á Breiðafirði,1984,0,0
Mackerel,Flatey á Breiðafirði,1985,0,0
Mackerel,Flatey á Breiðafirði,1986,0,0
Mackerel,Flatey á Breiðafirði,1987,0,0
Mackerel,Flatey á Breiðafirði,1988,0,0
Mackerel,Flatey á Breiðafirði,1989,0,0
Mackerel,Flatey á Breiðafirði,1990,0,0
Mackerel,Flatey á Breiðafirði,1991,0,0
Mackerel,Flatey á Breiðafirði,1992,0,0
Mackerel,Flatey á Breiðafirði,1993,0,0
Mackerel,Flatey á Breiðafirði,1994,0,0
Mackerel,Flatey á Breiðafirði,1995,0,0
Mackerel,Flatey á Breiðafirði,1996,0,0
Mackerel,Flatey á Breiðafirði,1997,0,0
Mackerel,Flatey á Breiðafirði,1998,0,0
Mackerel,Flatey á Breiðafirði,1999,0,0
Mackerel,Flatey á Breiðafirði,2000,0,0
Mackerel,Flatey á Breiðafirði,2001,0,0
Mackerel,Flatey á Breiðafirði,2002,0,0
Mackerel,Flatey á Breiðafirði,2003,0,0
Mackerel,Flatey á Breiðafirði,2004,0,0
Mackerel,Flatey á Breiðafirði,2005,0,0
Mackerel,Flatey á Breiðafirði,2006,0,0
Mackerel,Flatey á Breiðafirði,2007,0,0
Mackerel,Flatey á Breiðafirði,2008,0,0
Mackerel,Flatey á Breiðafirði,2009,0,0
Mackerel,Flatey á Breiðafirði,2010,0,0
Mackerel,Flatey á Breiðafirði,2011,0,0
Mackerel,Flatey á Breiðafirði,2012,0,0
Mackerel,Flatey á Breiðafirði,2013,0,0
Mackerel,Flatey á Breiðafirði,2014,0,0
Mackerel,Flatey á Breiðafirði,2015,0,0
Mackerel,Flatey á Breiðafirði,2016,0,0
Mackerel,Flatey á Breiðafirði,2017,0,0
Mackerel,Flatey á Breiðafirði,2018,0,0
Mackerel,Flatey á Breiðafirði,2019,0,0
Mackerel,Flatey á Breiðafirði,2020,0,0
Mackerel,Flatey á Breiðafirði,2021,0,0
Mackerel,Flatey á Breiðafirði,2022,0,0
Mackerel,Flatey á Breiðafirði,2023,0,0
Mackerel,Flatey á Breiðafirði,2024,0,0
Mackerel,Flateyri,1982,0,0
Mackerel,Flateyri,1983,0,0
Mackerel,Flateyri,1984,0,0
Mackerel,Flateyri,1985,0,0
Mackerel,Flateyri,1986,0,0
Mackerel,Flateyri,1987,0,0
Mackerel,Flateyri,1988,0,0
Mackerel,Flateyri,1989,0,0
Mackerel,Flateyri,1990,0,0
Mackerel,Flateyri,1991,0,0
Mackerel,Flateyri,1992,0,0
Mackerel,Flateyri,1993,0,0
Mackerel,Flateyri,1994,0,0
Mackerel,Flateyri,1995,0,0
Mackerel,Flateyri,1996,0,0
Mackerel,Flateyri,1997,0,0
Mackerel,Flateyri,1998,0,0
Mackerel,Flateyri,1999,0,0
Mackerel,Flateyri,2000,0,0
Mackerel,Flateyri,2001,0,0
Mackerel,Flateyri,2002,0,0
Mackerel,Flateyri,2003,0,0
Mackerel,Flateyri,2004,0,0
Mackerel,Flateyri,2005,0,0
Mackerel,Flateyri,2006,0,0
Mackerel,Flateyri,2007,0,0
Mackerel,Flateyri,2008,0,0
Mackerel,Flateyri,2009,0,0
Mackerel,Flateyri,2010,0,0
Mackerel,Flateyri,2011,348,27810
Mackerel,Flateyri,2012,126,11312
Mackerel,Flateyri,2013,67,6055
Mackerel,Flateyri,2014,187,16858
Mackerel,Flateyri,2015,191,16263
Mackerel,Flateyri,2016,0,0
Mackerel,Flateyri,2017,0,0
Mackerel,Flateyri,2018,0,0
Mackerel,Flateyri,2019,0,0
Mackerel,Flateyri,2020,0,0
Mackerel,Flateyri,2021,0,0
Mackerel,Flateyri,2022,0,0
Mackerel,Flateyri,2023,0,0
Mackerel,Flateyri,2024,0,0
Mackerel,Fáskrúðsfjörður,1982,0,0
Mackerel,Fáskrúðsfjörður,1983,0,0
Mackerel,Fáskrúðsfjörður,1984,0,0
Mackerel,Fáskrúðsfjörður,1985,0,0
Mackerel,Fáskrúðsfjörður,1986,0,0
Mackerel,Fáskrúðsfjörður,1987,0,0
Mackerel,Fáskrúðsfjörður,1988,0,0
Mackerel,Fáskrúðsfjörður,1989,0,0
Mackerel,Fáskrúðsfjörður,1990,0,0
Mackerel,Fáskrúðsfjörður,1991,0,0
Mackerel,Fáskrúðsfjörður,1992,0,0
Mackerel,Fáskrúðsfjörður,1993,0,0
Mackerel,Fáskrúðsfjörður,1994,0,0
Mackerel,Fáskrúðsfjörður,1995,0,0
Mackerel,Fáskrúðsfjörður,1996,0,0
Mackerel,Fáskrúðsfjörður,1997,0,0
Mackerel,Fáskrúðsfjörður,1998,0,0
Mackerel,Fáskrúðsfjörður,1999,0,0
Mackerel,Fáskrúðsfjörður,2000,0,0
Mackerel,Fáskrúðsfjörður,2001,0,0
Mackerel,Fáskrúðsfjörður,2002,0,0
Mackerel,Fáskrúðsfjörður,2003,0,0
Mackerel,Fáskrúðsfjörður,2004,0,0
Mackerel,Fáskrúðsfjörður,2005,0,0
Mackerel,Fáskrúðsfjörður,2006,0,0
Mackerel,Fáskrúðsfjörður,2007,513,7693
Mackerel,Fáskrúðsfjörður,2008,1753,46332
Mackerel,Fáskrúðsfjörður,2009,7389,200456
Mackerel,Fáskrúðsfjörður,2010,4621,209570
Mackerel,Fáskrúðsfjörður,2011,5292,296525
Mackerel,Fáskrúðsfjörður,2012,3726,180192
Mackerel,Fáskrúðsfjörður,2013,4085,201876
Mackerel,Fáskrúðsfjörður,2014,5038,281201
Mackerel,Fáskrúðsfjörður,2015,7628,319630
Mackerel,Fáskrúðsfjörður,2016,10138,486695
Mackerel,Fáskrúðsfjörður,2017,8053,341639
Mackerel,Fáskrúðsfjörður,2018,10086,508358
Mackerel,Fáskrúðsfjörður,2019,8885,520343
Mackerel,Fáskrúðsfjörður,2020,7873,489495
Mackerel,Fáskrúðsfjörður,2021,6760,382624
Mackerel,Fáskrúðsfjörður,2022,7088,537286
Mackerel,Fáskrúðsfjörður,2023,7325,685501
Mackerel,Fáskrúðsfjörður,2024,3108,358220
Mackerel,Garðabær,1982,0,0
Mackerel,Garðabær,1983,0,0
Mackerel,Garðabær,1984,0,0
Mackerel,Garðabær,1985,0,0
Mackerel,Garðabær,1986,0,0
Mackerel,Garðabær,1987,0,0
Mackerel,Garðabær,1988,0,0
Mackerel,Garðabær,1989,0,0
Mackerel,Garðabær,1990,0,0
Mackerel,Garðabær,1991,0,0
Mackerel,Garðabær,1992,0,0
Mackerel,Garðabær,1993,0,0
Mackerel,Garðabær,1994,0,0
Mackerel,Garðabær,1995,0,0
Mackerel,Garðabær,1996,0,0
Mackerel,Garðabær,1997,0,0
Mackerel,Garðabær,1998,0,0
Mackerel,Garðabær,1999,0,0
Mackerel,Garðabær,2000,0,0
Mackerel,Garðabær,2001,0,0
Mackerel,Garðabær,2002,0,0
Mackerel,Garðabær,2003,0,0
Mackerel,Garðabær,2004,0,0
Mackerel,Garðabær,2005,0,0
Mackerel,Garðabær,2006,0,0
Mackerel,Garðabær,2007,0,0
Mackerel,Garðabær,2008,0,0
Mackerel,Garðabær,2009,0,0
Mackerel,Garðabær,2010,0,0
Mackerel,Garðabær,2011,0,0
Mackerel,Garðabær,2012,0,0
Mackerel,Garðabær,2013,0,0
Mackerel,Garðabær,2014,0,0
Mackerel,Garðabær,2015,0,0
Mackerel,Garðabær,2016,0,0
Mackerel,Garðabær,2017,0,0
Mackerel,Garðabær,2018,0,0
Mackerel,Garðabær,2019,0,0
Mackerel,Garðabær,2020,0,0
Mackerel,Garðabær,2021,0,0
Mackerel,Garðabær,2022,0,0
Mackerel,Garðabær,2023,0,0
Mackerel,Garðabær,2024,0,0
Mackerel,Garður,1982,0,0
Mackerel,Garður,1983,0,0
Mackerel,Garður,1984,0,0
Mackerel,Garður,1985,0,0
Mackerel,Garður,1986,0,0
Mackerel,Garður,1987,0,0
Mackerel,Garður,1988,0,0
Mackerel,Garður,1989,0,0
Mackerel,Garður,1990,0,0
Mackerel,Garður,1991,0,0
Mackerel,Garður,1992,0,0
Mackerel,Garður,1993,0,0
Mackerel,Garður,1994,0,0
Mackerel,Garður,1995,0,0
Mackerel,Garður,1996,0,0
Mackerel,Garður,1997,0,0
Mackerel,Garður,1998,0,0
Mackerel,Garður,1999,0,0
Mackerel,Garður,2000,0,0
Mackerel,Garður,2001,0,0
Mackerel,Garður,2002,0,0
Mackerel,Garður,2003,0,0
Mackerel,Garður,2004,0,0
Mackerel,Garður,2005,0,0
Mackerel,Garður,2006,0,0
Mackerel,Garður,2007,0,0
Mackerel,Garður,2008,0,0
Mackerel,Garður,2009,0,0
Mackerel,Garður,2010,0,25
Mackerel,Garður,2011,0,0
Mackerel,Garður,2012,0,0
Mackerel,Garður,2013,0,0
Mackerel,Garður,2014,0,0
Mackerel,Garður,2015,0,0
Mackerel,Garður,2016,0,0
Mackerel,Garður,2017,0,0
Mackerel,Garður,2018,0,0
Mackerel,Garður,2019,0,0
Mackerel,Garður,2020,0,0
Mackerel,Garður,2021,0,0
Mackerel,Garður,2022,0,0
Mackerel,Garður,2023,0,0
Mackerel,Garður,2024,0,0
Mackerel,Grindavík,1982,0,0
Mackerel,Grindavík,1983,0,0
Mackerel,Grindavík,1984,0,0
Mackerel,Grindavík,1985,0,0
Mackerel,Grindavík,1986,0,0
Mackerel,Grindavík,1987,0,0
Mackerel,Grindavík,1988,0,0
Mackerel,Grindavík,1989,0,0
Mackerel,Grindavík,1990,0,0
Mackerel,Grindavík,1991,0,0
Mackerel,Grindavík,1992,0,0
Mackerel,Grindavík,1993,0,0
Mackerel,Grindavík,1994,0,0
Mackerel,Grindavík,1995,0,0
Mackerel,Grindavík,1996,0,0
Mackerel,Grindavík,1997,0,6
Mackerel,Grindavík,1998,0,1
Mackerel,Grindavík,1999,0,0
Mackerel,Grindavík,2000,0,0
Mackerel,Grindavík,2001,0,57
Mackerel,Grindavík,2002,0,0
Mackerel,Grindavík,2003,0,0
Mackerel,Grindavík,2004,0,1
Mackerel,Grindavík,2005,0,8
Mackerel,Grindavík,2006,0,1
Mackerel,Grindavík,2007,0,3
Mackerel,Grindavík,2008,0,0
Mackerel,Grindavík,2009,0,25
Mackerel,Grindavík,2010,986,129411
Mackerel,Grindavík,2011,3091,631691
Mackerel,Grindavík,2012,3870,592340
Mackerel,Grindavík,2013,3326,459624
Mackerel,Grindavík,2014,5466,677973
Mackerel,Grindavík,2015,4219,493537
Mackerel,Grindavík,2016,2741,335691
Mackerel,Grindavík,2017,1385,165170
Mackerel,Grindavík,2018,1643,249474
Mackerel,Grindavík,2019,1853,357142
Mackerel,Grindavík,2020,822,158743
Mackerel,Grindavík,2021,0,0
Mackerel,Grindavík,2022,0,0
Mackerel,Grindavík,2023,0,0
Mackerel,Grindavík,2024,0,0
Mackerel,Grundarfjörður,1982,0,0
Mackerel,Grundarfjörður,1983,0,0
Mackerel,Grundarfjörður,1984,0,0
Mackerel,Grundarfjörður,1985,0,0
Mackerel,Grundarfjörður,1986,0,0
Mackerel,Grundarfjörður,1987,0,0
Mackerel,Grundarfjörður,1988,0,0
Mackerel,Grundarfjörður,1989,0,0
Mackerel,Grundarfjörður,1990,0,0
Mackerel,Grundarfjörður,1991,0,0
Mackerel,Grundarfjörður,1992,0,0
Mackerel,Grundarfjörður,1993,0,0
Mackerel,Grundarfjörður,1994,0,0
Mackerel,Grundarfjörður,1995,0,0
Mackerel,Grundarfjörður,1996,0,0
Mackerel,Grundarfjörður,1997,0,0
Mackerel,Grundarfjörður,1998,0,0
Mackerel,Grundarfjörður,1999,0,0
Mackerel,Grundarfjörður,2000,0,0
Mackerel,Grundarfjörður,2001,0,0
Mackerel,Grundarfjörður,2002,0,0
Mackerel,Grundarfjörður,2003,0,0
Mackerel,Grundarfjörður,2004,0,0
Mackerel,Grundarfjörður,2005,0,0
Mackerel,Grundarfjörður,2006,0,0
Mackerel,Grundarfjörður,2007,0,0
Mackerel,Grundarfjörður,2008,0,0
Mackerel,Grundarfjörður,2009,0,0
Mackerel,Grundarfjörður,2010,502,25115
Mackerel,Grundarfjörður,2011,1628,211894
Mackerel,Grundarfjörður,2012,1556,187168
Mackerel,Grundarfjörður,2013,5218,647075
Mackerel,Grundarfjörður,2014,5289,619022
Mackerel,Grundarfjörður,2015,3069,235481
Mackerel,Grundarfjörður,2016,0,0
Mackerel,Grundarfjörður,2017,0,0
Mackerel,Grundarfjörður,2018,0,0
Mackerel,Grundarfjörður,2019,0,0
Mackerel,Grundarfjörður,2020,0,0
Mackerel,Grundarfjörður,2021,0,0
Mackerel,Grundarfjörður,2022,0,0
Mackerel,Grundarfjörður,2023,0,0
Mackerel,Grundarfjörður,2024,0,0
Mackerel,Grímsey,1982,0,0
Mackerel,Grímsey,1983,0,0
Mackerel,Grímsey,1984,0,0
Mackerel,Grímsey,1985,0,0
Mackerel,Grímsey,1986,0,0
Mackerel,Grímsey,1987,0,0
Mackerel,Grímsey,1988,0,0
Mackerel,Grímsey,1989,0,0
Mackerel,Grímsey,1990,0,0
Mackerel,Grímsey,1991,0,0
Mackerel,Grímsey,1992,0,0
Mackerel,Grímsey,1993,0,0
Mackerel,Grímsey,1994,0,0
Mackerel,Grímsey,1995,0,0
Mackerel,Grímsey,1996,0,0
Mackerel,Grímsey,1997,0,0
Mackerel,Grímsey,1998,0,0
Mackerel,Grímsey,1999,0,0
Mackerel,Grímsey,2000,0,0
Mackerel,Grímsey,2001,0,0
Mackerel,Grímsey,2002,0,0
Mackerel,Grímsey,2003,0,0
Mackerel,Grímsey,2004,0,0
Mackerel,Grímsey,2005,0,0
Mackerel,Grímsey,2006,0,0
Mackerel,Grímsey,2007,0,0
Mackerel,Grímsey,2008,0,0
Mackerel,Grímsey,2009,0,0
Mackerel,Grímsey,2010,0,0
Mackerel,Grímsey,2011,0,18
Mackerel,Grímsey,2012,0,7
Mackerel,Grímsey,2013,0,0
Mackerel,Grímsey,2014,0,0
Mackerel,Grímsey,2015,0,0
Mackerel,Grímsey,2016,0,0
Mackerel,Grímsey,2017,0,0
Mackerel,Grímsey,2018,0,0
Mackerel,Grímsey,2019,0,0
Mackerel,Grímsey,2020,0,0
Mackerel,Grímsey,2021,0,0
Mackerel,Grímsey,2022,0,0
Mackerel,Grímsey,2023,0,0
Mackerel,Grímsey,2024,0,0
Mackerel,Hafnarfjörður,1982,0,0
Mackerel,Hafnarfjörður,1983,0,0
Mackerel,Hafnarfjörður,1984,0,0
Mackerel,Hafnarfjörður,1985,0,0
Mackerel,Hafnarfjörður,1986,0,0
Mackerel,Hafnarfjörður,1987,0,0
Mackerel,Hafnarfjörður,1988,0,0
Mackerel,Hafnarfjörður,1989,0,0
Mackerel,Hafnarfjörður,1990,0,0
Mackerel,Hafnarfjörður,1991,0,0
Mackerel,Hafnarfjörður,1992,0,0
Mackerel,Hafnarfjörður,1993,0,0
Mackerel,Hafnarfjörður,1994,0,0
Mackerel,Hafnarfjörður,1995,0,0
Mackerel,Hafnarfjörður,1996,0,0
Mackerel,Hafnarfjörður,1997,0,0
Mackerel,Hafnarfjörður,1998,146,7143
Mackerel,Hafnarfjörður,1999,106,4008
Mackerel,Hafnarfjörður,2000,0,0
Mackerel,Hafnarfjörður,2001,0,0
Mackerel,Hafnarfjörður,2002,0,0
Mackerel,Hafnarfjörður,2003,0,0
Mackerel,Hafnarfjörður,2004,0,0
Mackerel,Hafnarfjörður,2005,0,0
Mackerel,Hafnarfjörður,2006,0,0
Mackerel,Hafnarfjörður,2007,0,0
Mackerel,Hafnarfjörður,2008,0,0
Mackerel,Hafnarfjörður,2009,0,5
Mackerel,Hafnarfjörður,2010,5,473
Mackerel,Hafnarfjörður,2011,5171,968804
Mackerel,Hafnarfjörður,2012,2087,306544
Mackerel,Hafnarfjörður,2013,3870,559376
Mackerel,Hafnarfjörður,2014,1522,247846
Mackerel,Hafnarfjörður,2015,1662,216872
Mackerel,Hafnarfjörður,2016,5658,614573
Mackerel,Hafnarfjörður,2017,2882,286028
Mackerel,Hafnarfjörður,2018,1382,158686
Mackerel,Hafnarfjörður,2019,11,1163
Mackerel,Hafnarfjörður,2020,0,0
Mackerel,Hafnarfjörður,2021,0,0
Mackerel,Hafnarfjörður,2022,0,0
Mackerel,Hafnarfjörður,2023,0,0
Mackerel,Hafnarfjörður,2024,0,0
Mackerel,Hafnir,1982,0,0
Mackerel,Hafnir,1983,0,0
Mackerel,Hafnir,1984,0,0
Mackerel,Hafnir,1985,0,0
Mackerel,Hafnir,1986,0,0
Mackerel,Hafnir,1987,0,0
Mackerel,Hafnir,1988,0,0
Mackerel,Hafnir,1989,0,0
Mackerel,Hafnir,1990,0,0
Mackerel,Hafnir,1991,0,0
Mackerel,Hafnir,1992,0,0
Mackerel,Hafnir,1993,0,0
Mackerel,Hafnir,1994,0,0
Mackerel,Hafnir,1995,0,0
Mackerel,Hafnir,1996,0,0
Mackerel,Hafnir,1997,0,0
Mackerel,Hafnir,1998,0,0
Mackerel,Hafnir,1999,0,0
Mackerel,Hafnir,2000,0,0
Mackerel,Hafnir,2001,0,0
Mackerel,Hafnir,2002,0,0
Mackerel,Hafnir,2003,0,0
Mackerel,Hafnir,2004,0,0
Mackerel,Hafnir,2005,0,0
Mackerel,Hafnir,2006,0,0
Mackerel,Hafnir,2007,0,0
Mackerel,Hafnir,2008,0,0
Mackerel,Hafnir,2009,0,0
Mackerel,Hafnir,2010,0,0
Mackerel,Hafnir,2011,0,0
Mackerel,Hafnir,2012,0,0
Mackerel,Hafnir,2013,0,0
Mackerel,Hafnir,2014,0,0
Mackerel,Hafnir,2015,0,0
Mackerel,Hafnir,2016,0,0
Mackerel,Hafnir,2017,0,0
Mackerel,Hafnir,2018,0,0
Mackerel,Hafnir,2019,0,0
Mackerel,Hafnir,2020,0,0
Mackerel,Hafnir,2021,0,0
Mackerel,Hafnir,2022,0,0
Mackerel,Hafnir,2023,0,0
Mackerel,Hafnir,2024,0,0
Mackerel,Haganesvík,1982,0,0
Mackerel,Haganesvík,1983,0,0
Mackerel,Haganesvík,1984,0,0
Mackerel,Haganesvík,1985,0,0
Mackerel,Haganesvík,1986,0,0
Mackerel,Haganesvík,1987,0,0
Mackerel,Haganesvík,1988,0,0
Mackerel,Haganesvík,1989,0,0
Mackerel,Haganesvík,1990,0,0
Mackerel,Haganesvík,1991,0,0
Mackerel,Haganesvík,1992,0,0
Mackerel,Haganesvík,1993,0,0
Mackerel,Haganesvík,1994,0,0
Mackerel,Haganesvík,1995,0,0
Mackerel,Haganesvík,1996,0,0
Mackerel,Haganesvík,1997,0,0
Mackerel,Haganesvík,1998,0,0
Mackerel,Haganesvík,1999,0,0
Mackerel,Haganesvík,2000,0,0
Mackerel,Haganesvík,2001,0,0
Mackerel,Haganesvík,2002,0,0
Mackerel,Haganesvík,2003,0,0
Mackerel,Haganesvík,2004,0,0
Mackerel,Haganesvík,2005,0,0
Mackerel,Haganesvík,2006,0,0
Mackerel,Haganesvík,2007,0,0
Mackerel,Haganesvík,2008,0,0
Mackerel,Haganesvík,2009,0,0
Mackerel,Haganesvík,2010,0,0
Mackerel,Haganesvík,2011,0,0
Mackerel,Haganesvík,2012,0,0
Mackerel,Haganesvík,2013,0,0
Mackerel,Haganesvík,2014,0,0
Mackerel,Haganesvík,2015,0,0
Mackerel,Haganesvík,2016,0,0
Mackerel,Haganesvík,2017,0,0
Mackerel,Haganesvík,2018,0,0
Mackerel,Haganesvík,2019,0,0
Mackerel,Haganesvík,2020,0,0
Mackerel,Haganesvík,2021,0,0
Mackerel,Haganesvík,2022,0,0
Mackerel,Haganesvík,2023,0,0
Mackerel,Haganesvík,2024,0,0
Mackerel,Hauganes,1982,0,0
Mackerel,Hauganes,1983,0,0
Mackerel,Hauganes,1984,0,0
Mackerel,Hauganes,1985,0,0
Mackerel,Hauganes,1986,0,0
Mackerel,Hauganes,1987,0,0
Mackerel,Hauganes,1988,0,0
Mackerel,Hauganes,1989,0,0
Mackerel,Hauganes,1990,0,0
Mackerel,Hauganes,1991,0,0
Mackerel,Hauganes,1992,0,0
Mackerel,Hauganes,1993,0,0
Mackerel,Hauganes,1994,0,0
Mackerel,Hauganes,1995,0,0
Mackerel,Hauganes,1996,0,0
Mackerel,Hauganes,1997,0,0
Mackerel,Hauganes,1998,0,0
Mackerel,Hauganes,1999,0,0
Mackerel,Hauganes,2000,0,0
Mackerel,Hauganes,2001,0,0
Mackerel,Hauganes,2002,0,0
Mackerel,Hauganes,2003,0,0
Mackerel,Hauganes,2004,0,0
Mackerel,Hauganes,2005,0,0
Mackerel,Hauganes,2006,0,0
Mackerel,Hauganes,2007,0,0
Mackerel,Hauganes,2008,0,0
Mackerel,Hauganes,2009,0,0
Mackerel,Hauganes,2010,0,0
Mackerel,Hauganes,2011,0,0
Mackerel,Hauganes,2012,0,0
Mackerel,Hauganes,2013,0,0
Mackerel,Hauganes,2014,0,0
Mackerel,Hauganes,2015,0,0
Mackerel,Hauganes,2016,0,0
Mackerel,Hauganes,2017,0,0
Mackerel,Hauganes,2018,0,0
Mackerel,Hauganes,2019,0,0
Mackerel,Hauganes,2020,0,0
Mackerel,Hauganes,2021,0,0
Mackerel,Hauganes,2022,0,0
Mackerel,Hauganes,2023,0,0
Mackerel,Hauganes,2024,0,0
Mackerel,Haukabergsvaðall,1982,0,0
Mackerel,Haukabergsvaðall,1983,0,0
Mackerel,Haukabergsvaðall,1984,0,0
Mackerel,Haukabergsvaðall,1985,0,0
Mackerel,Haukabergsvaðall,1986,0,0
Mackerel,Haukabergsvaðall,1987,0,0
Mackerel,Haukabergsvaðall,1988,0,0
Mackerel,Haukabergsvaðall,1989,0,0
Mackerel,Haukabergsvaðall,1990,0,0
Mackerel,Haukabergsvaðall,1991,0,0
Mackerel,Haukabergsvaðall,1992,0,0
Mackerel,Haukabergsvaðall,1993,0,0
Mackerel,Haukabergsvaðall,1994,0,0
Mackerel,Haukabergsvaðall,1995,0,0
Mackerel,Haukabergsvaðall,1996,0,0
Mackerel,Haukabergsvaðall,1997,0,0
Mackerel,Haukabergsvaðall,1998,0,0
Mackerel,Haukabergsvaðall,1999,0,0
Mackerel,Haukabergsvaðall,2000,0,0
Mackerel,Haukabergsvaðall,2001,0,0
Mackerel,Haukabergsvaðall,2002,0,0
Mackerel,Haukabergsvaðall,2003,0,0
Mackerel,Haukabergsvaðall,2004,0,0
Mackerel,Haukabergsvaðall,2005,0,0
Mackerel,Haukabergsvaðall,2006,0,0
Mackerel,Haukabergsvaðall,2007,0,0
Mackerel,Haukabergsvaðall,2008,0,0
Mackerel,Haukabergsvaðall,2009,0,0
Mackerel,Haukabergsvaðall,2010,0,0
Mackerel,Haukabergsvaðall,2011,0,0
Mackerel,Haukabergsvaðall,2012,0,0
Mackerel,Haukabergsvaðall,2013,0,0
Mackerel,Haukabergsvaðall,2014,0,0
Mackerel,Haukabergsvaðall,2015,0,0
Mackerel,Haukabergsvaðall,2016,0,0
Mackerel,Haukabergsvaðall,2017,0,0
Mackerel,Haukabergsvaðall,2018,0,0
Mackerel,Haukabergsvaðall,2019,0,0
Mackerel,Haukabergsvaðall,2020,0,0
Mackerel,Haukabergsvaðall,2021,0,0
Mackerel,Haukabergsvaðall,2022,0,0
Mackerel,Haukabergsvaðall,2023,0,0
Mackerel,Haukabergsvaðall,2024,0,0
Mackerel,Hellissandur,1982,0,0
Mackerel,Hellissandur,1983,0,0
Mackerel,Hellissandur,1984,0,0
Mackerel,Hellissandur,1985,0,0
Mackerel,Hellissandur,1986,0,0
Mackerel,Hellissandur,1987,0,0
Mackerel,Hellissandur,1988,0,0
Mackerel,Hellissandur,1989,0,0
Mackerel,Hellissandur,1990,0,0
Mackerel,Hellissandur,1991,0,0
Mackerel,Hellissandur,1992,0,0
Mackerel,Hellissandur,1993,0,0
Mackerel,Hellissandur,1994,0,0
Mackerel,Hellissandur,1995,0,0
Mackerel,Hellissandur,1996,0,0
Mackerel,Hellissandur,1997,0,0
Mackerel,Hellissandur,1998,0,0
Mackerel,Hellissandur,1999,0,0
Mackerel,Hellissandur,2000,0,0
Mackerel,Hellissandur,2001,0,0
Mackerel,Hellissandur,2002,0,0
Mackerel,Hellissandur,2003,0,0
Mackerel,Hellissandur,2004,0,0
Mackerel,Hellissandur,2005,0,0
Mackerel,Hellissandur,2006,0,0
Mackerel,Hellissandur,2007,0,0
Mackerel,Hellissandur,2008,0,0
Mackerel,Hellissandur,2009,0,0
Mackerel,Hellissandur,2010,0,0
Mackerel,Hellissandur,2011,0,0
Mackerel,Hellissandur,2012,0,0
Mackerel,Hellissandur,2013,12,1160
Mackerel,Hellissandur,2014,3,256
Mackerel,Hellissandur,2015,0,0
Mackerel,Hellissandur,2016,0,0
Mackerel,Hellissandur,2017,0,0
Mackerel,Hellissandur,2018,0,0
Mackerel,Hellissandur,2019,0,0
Mackerel,Hellissandur,2020,0,0
Mackerel,Hellissandur,2021,0,0
Mackerel,Hellissandur,2022,0,0
Mackerel,Hellissandur,2023,0,0
Mackerel,Hellissandur,2024,0,0
Mackerel,Hellnar,1982,0,0
Mackerel,Hellnar,1983,0,0
Mackerel,Hellnar,1984,0,0
Mackerel,Hellnar,1985,0,0
Mackerel,Hellnar,1986,0,0
Mackerel,Hellnar,1987,0,0
Mackerel,Hellnar,1988,0,0
Mackerel,Hellnar,1989,0,0
Mackerel,Hellnar,1990,0,0
Mackerel,Hellnar,1991,0,0
Mackerel,Hellnar,1992,0,0
Mackerel,Hellnar,1993,0,0
Mackerel,Hellnar,1994,0,0
Mackerel,Hellnar,1995,0,0
Mackerel,Hellnar,1996,0,0
Mackerel,Hellnar,1997,0,0
Mackerel,Hellnar,1998,0,0
Mackerel,Hellnar,1999,0,0
Mackerel,Hellnar,2000,0,0
Mackerel,Hellnar,2001,0,0
Mackerel,Hellnar,2002,0,0
Mackerel,Hellnar,2003,0,0
Mackerel,Hellnar,2004,0,0
Mackerel,Hellnar,2005,0,0
Mackerel,Hellnar,2006,0,0
Mackerel,Hellnar,2007,0,0
Mackerel,Hellnar,2008,0,0
Mackerel,Hellnar,2009,0,0
Mackerel,Hellnar,2010,0,0
Mackerel,Hellnar,2011,0,0
Mackerel,Hellnar,2012,0,0
Mackerel,Hellnar,2013,0,0
Mackerel,Hellnar,2014,0,0
Mackerel,Hellnar,2015,0,0
Mackerel,Hellnar,2016,0,0
Mackerel,Hellnar,2017,0,0
Mackerel,Hellnar,2018,0,0
Mackerel,Hellnar,2019,0,0
Mackerel,Hellnar,2020,0,0
Mackerel,Hellnar,2021,0,0
Mackerel,Hellnar,2022,0,0
Mackerel,Hellnar,2023,0,0
Mackerel,Hellnar,2024,0,0
Mackerel,Hjalteyri,1982,0,0
Mackerel,Hjalteyri,1983,0,0
Mackerel,Hjalteyri,1984,0,0
Mackerel,Hjalteyri,1985,0,0
Mackerel,Hjalteyri,1986,0,0
Mackerel,Hjalteyri,1987,0,0
Mackerel,Hjalteyri,1988,0,0
Mackerel,Hjalteyri,1989,0,0
Mackerel,Hjalteyri,1990,0,0
Mackerel,Hjalteyri,1991,0,0
Mackerel,Hjalteyri,1992,0,0
Mackerel,Hjalteyri,1993,0,0
Mackerel,Hjalteyri,1994,0,0
Mackerel,Hjalteyri,1995,0,0
Mackerel,Hjalteyri,1996,0,0
Mackerel,Hjalteyri,1997,0,0
Mackerel,Hjalteyri,1998,0,0
Mackerel,Hjalteyri,1999,0,0
Mackerel,Hjalteyri,2000,0,0
Mackerel,Hjalteyri,2001,0,0
Mackerel,Hjalteyri,2002,0,0
Mackerel,Hjalteyri,2003,0,0
Mackerel,Hjalteyri,2004,0,0
Mackerel,Hjalteyri,2005,0,0
Mackerel,Hjalteyri,2006,0,0
Mackerel,Hjalteyri,2007,0,0
Mackerel,Hjalteyri,2008,0,0
Mackerel,Hjalteyri,2009,0,0
Mackerel,Hjalteyri,2010,0,0
Mackerel,Hjalteyri,2011,0,0
Mackerel,Hjalteyri,2012,0,0
Mackerel,Hjalteyri,2013,0,0
Mackerel,Hjalteyri,2014,0,0
Mackerel,Hjalteyri,2015,0,0
Mackerel,Hjalteyri,2016,0,0
Mackerel,Hjalteyri,2017,0,0
Mackerel,Hjalteyri,2018,0,0
Mackerel,Hjalteyri,2019,0,0
Mackerel,Hjalteyri,2020,0,0
Mackerel,Hjalteyri,2021,0,0
Mackerel,Hjalteyri,2022,0,0
Mackerel,Hjalteyri,2023,0,0
Mackerel,Hjalteyri,2024,0,0
Mackerel,Hnífsdalur,1982,0,0
Mackerel,Hnífsdalur,1983,0,0
Mackerel,Hnífsdalur,1984,0,0
Mackerel,Hnífsdalur,1985,0,0
Mackerel,Hnífsdalur,1986,0,0
Mackerel,Hnífsdalur,1987,0,0
Mackerel,Hnífsdalur,1988,0,0
Mackerel,Hnífsdalur,1989,0,0
Mackerel,Hnífsdalur,1990,0,0
Mackerel,Hnífsdalur,1991,0,0
Mackerel,Hnífsdalur,1992,0,0
Mackerel,Hnífsdalur,1993,0,0
Mackerel,Hnífsdalur,1994,0,0
Mackerel,Hnífsdalur,1995,0,0
Mackerel,Hnífsdalur,1996,0,0
Mackerel,Hnífsdalur,1997,0,0
Mackerel,Hnífsdalur,1998,0,0
Mackerel,Hnífsdalur,1999,0,0
Mackerel,Hnífsdalur,2000,0,0
Mackerel,Hnífsdalur,2001,0,0
Mackerel,Hnífsdalur,2002,0,0
Mackerel,Hnífsdalur,2003,0,0
Mackerel,Hnífsdalur,2004,0,0
Mackerel,Hnífsdalur,2005,0,0
Mackerel,Hnífsdalur,2006,0,0
Mackerel,Hnífsdalur,2007,0,0
Mackerel,Hnífsdalur,2008,0,0
Mackerel,Hnífsdalur,2009,0,0
Mackerel,Hnífsdalur,2010,0,0
Mackerel,Hnífsdalur,2011,0,0
Mackerel,Hnífsdalur,2012,0,0
Mackerel,Hnífsdalur,2013,0,0
Mackerel,Hnífsdalur,2014,0,0
Mackerel,Hnífsdalur,2015,0,0
Mackerel,Hnífsdalur,2016,0,0
Mackerel,Hnífsdalur,2017,0,0
Mackerel,Hnífsdalur,2018,0,0
Mackerel,Hnífsdalur,2019,0,0
Mackerel,Hnífsdalur,2020,0,0
Mackerel,Hnífsdalur,2021,0,0
Mackerel,Hnífsdalur,2022,0,0
Mackerel,Hnífsdalur,2023,0,0
Mackerel,Hnífsdalur,2024,0,0
Mackerel,Hofsós,1982,0,0
Mackerel,Hofsós,1983,0,0
Mackerel,Hofsós,1984,0,0
Mackerel,Hofsós,1985,0,0
Mackerel,Hofsós,1986,0,0
Mackerel,Hofsós,1987,0,0
Mackerel,Hofsós,1988,0,0
Mackerel,Hofsós,1989,0,0
Mackerel,Hofsós,1990,0,0
Mackerel,Hofsós,1991,0,0
Mackerel,Hofsós,1992,0,0
Mackerel,Hofsós,1993,0,0
Mackerel,Hofsós,1994,0,0
Mackerel,Hofsós,1995,0,0
Mackerel,Hofsós,1996,0,0
Mackerel,Hofsós,1997,0,0
Mackerel,Hofsós,1998,0,0
Mackerel,Hofsós,1999,0,0
Mackerel,Hofsós,2000,0,0
Mackerel,Hofsós,2001,0,0
Mackerel,Hofsós,2002,0,0
Mackerel,Hofsós,2003,0,0
Mackerel,Hofsós,2004,0,0
Mackerel,Hofsós,2005,0,0
Mackerel,Hofsós,2006,0,0
Mackerel,Hofsós,2007,0,0
Mackerel,Hofsós,2008,0,0
Mackerel,Hofsós,2009,0,0
Mackerel,Hofsós,2010,0,0
Mackerel,Hofsós,2011,0,0
Mackerel,Hofsós,2012,0,0
Mackerel,Hofsós,2013,0,0
Mackerel,Hofsós,2014,0,0
Mackerel,Hofsós,2015,0,0
Mackerel,Hofsós,2016,0,0
Mackerel,Hofsós,2017,0,0
Mackerel,Hofsós,2018,0,0
Mackerel,Hofsós,2019,0,0
Mackerel,Hofsós,2020,0,0
Mackerel,Hofsós,2021,0,0
Mackerel,Hofsós,2022,0,0
Mackerel,Hofsós,2023,0,0
Mackerel,Hofsós,2024,0,0
Mackerel,Hornafjörður,1982,0,0
Mackerel,Hornafjörður,1983,0,0
Mackerel,Hornafjörður,1984,0,0
Mackerel,Hornafjörður,1985,0,0
Mackerel,Hornafjörður,1986,0,0
Mackerel,Hornafjörður,1987,0,0
Mackerel,Hornafjörður,1988,0,0
Mackerel,Hornafjörður,1989,0,0
Mackerel,Hornafjörður,1990,0,0
Mackerel,Hornafjörður,1991,0,0
Mackerel,Hornafjörður,1992,0,0
Mackerel,Hornafjörður,1993,0,0
Mackerel,Hornafjörður,1994,0,0
Mackerel,Hornafjörður,1995,0,0
Mackerel,Hornafjörður,1996,0,0
Mackerel,Hornafjörður,1997,0,0
Mackerel,Hornafjörður,1998,0,0
Mackerel,Hornafjörður,1999,0,0
Mackerel,Hornafjörður,2000,0,0
Mackerel,Hornafjörður,2001,0,2
Mackerel,Hornafjörður,2002,0,0
Mackerel,Hornafjörður,2003,0,0
Mackerel,Hornafjörður,2004,0,0
Mackerel,Hornafjörður,2005,0,0
Mackerel,Hornafjörður,2006,0,0
Mackerel,Hornafjörður,2007,1549,21373
Mackerel,Hornafjörður,2008,5386,131171
Mackerel,Hornafjörður,2009,7668,220413
Mackerel,Hornafjörður,2010,6213,245450
Mackerel,Hornafjörður,2011,7771,399861
Mackerel,Hornafjörður,2012,7574,412749
Mackerel,Hornafjörður,2013,7608,342697
Mackerel,Hornafjörður,2014,7441,382840
Mackerel,Hornafjörður,2015,8346,344125
Mackerel,Hornafjörður,2016,11758,454313
Mackerel,Hornafjörður,2017,16094,580407
Mackerel,Hornafjörður,2018,11227,472444
Mackerel,Hornafjörður,2019,10599,574471
Mackerel,Hornafjörður,2020,13488,744024
Mackerel,Hornafjörður,2021,10096,485126
Mackerel,Hornafjörður,2022,7668,482228
Mackerel,Hornafjörður,2023,10797,902964
Mackerel,Hornafjörður,2024,10206,770614
Mackerel,Hrísey,1982,0,0
Mackerel,Hrísey,1983,0,0
Mackerel,Hrísey,1984,0,0
Mackerel,Hrísey,1985,0,0
Mackerel,Hrísey,1986,0,0
Mackerel,Hrísey,1987,0,0
Mackerel,Hrísey,1988,0,0
Mackerel,Hrísey,1989,0,0
Mackerel,Hrísey,1990,0,0
Mackerel,Hrísey,1991,0,0
Mackerel,Hrísey,1992,0,0
Mackerel,Hrísey,1993,0,0
Mackerel,Hrísey,1994,0,0
Mackerel,Hrísey,1995,0,0
Mackerel,Hrísey,1996,0,0
Mackerel,Hrísey,1997,0,0
Mackerel,Hrísey,1998,0,0
Mackerel,Hrísey,1999,0,0
Mackerel,Hrísey,2000,0,0
Mackerel,Hrísey,2001,0,0
Mackerel,Hrísey,2002,0,0
Mackerel,Hrísey,2003,0,0
Mackerel,Hrísey,2004,0,0
Mackerel,Hrísey,2005,0,0
Mackerel,Hrísey,2006,0,0
Mackerel,Hrísey,2007,0,0
Mackerel,Hrísey,2008,0,0
Mackerel,Hrísey,2009,0,0
Mackerel,Hrísey,2010,0,0
Mackerel,Hrísey,2011,0,0
Mackerel,Hrísey,2012,0,0
Mackerel,Hrísey,2013,0,0
Mackerel,Hrísey,2014,0,0
Mackerel,Hrísey,2015,0,0
Mackerel,Hrísey,2016,0,0
Mackerel,Hrísey,2017,0,0
Mackerel,Hrísey,2018,0,0
Mackerel,Hrísey,2019,0,0
Mackerel,Hrísey,2020,0,0
Mackerel,Hrísey,2021,0,0
Mackerel,Hrísey,2022,0,0
Mackerel,Hrísey,2023,0,0
Mackerel,Hrísey,2024,0,0
Mackerel,Hvalseyjar,1982,0,0
Mackerel,Hvalseyjar,1983,0,0
Mackerel,Hvalseyjar,1984,0,0
Mackerel,Hvalseyjar,1985,0,0
Mackerel,Hvalseyjar,1986,0,0
Mackerel,Hvalseyjar,1987,0,0
Mackerel,Hvalseyjar,1988,0,0
Mackerel,Hvalseyjar,1989,0,0
Mackerel,Hvalseyjar,1990,0,0
Mackerel,Hvalseyjar,1991,0,0
Mackerel,Hvalseyjar,1992,0,0
Mackerel,Hvalseyjar,1993,0,0
Mackerel,Hvalseyjar,1994,0,0
Mackerel,Hvalseyjar,1995,0,0
Mackerel,Hvalseyjar,1996,0,0
Mackerel,Hvalseyjar,1997,0,0
Mackerel,Hvalseyjar,1998,0,0
Mackerel,Hvalseyjar,1999,0,0
Mackerel,Hvalseyjar,2000,0,0
Mackerel,Hvalseyjar,2001,0,0
Mackerel,Hvalseyjar,2002,0,0
Mackerel,Hvalseyjar,2003,0,0
Mackerel,Hvalseyjar,2004,0,0
Mackerel,Hvalseyjar,2005,0,0
Mackerel,Hvalseyjar,2006,0,0
Mackerel,Hvalseyjar,2007,0,0
Mackerel,Hvalseyjar,2008,0,0
Mackerel,Hvalseyjar,2009,0,0
Mackerel,Hvalseyjar,2010,0,0
Mackerel,Hvalseyjar,2011,0,0
Mackerel,Hvalseyjar,2012,0,0
Mackerel,Hvalseyjar,2013,0,0
Mackerel,Hvalseyjar,2014,0,0
Mackerel,Hvalseyjar,2015,0,0
Mackerel,Hvalseyjar,2016,0,0
Mackerel,Hvalseyjar,2017,0,0
Mackerel,Hvalseyjar,2018,0,0
Mackerel,Hvalseyjar,2019,0,0
Mackerel,Hvalseyjar,2020,0,0
Mackerel,Hvalseyjar,2021,0,0
Mackerel,Hvalseyjar,2022,0,0
Mackerel,Hvalseyjar,2023,0,0
Mackerel,Hvalseyjar,2024,0,0
Mackerel,Hvammstangi,1982,0,0
Mackerel,Hvammstangi,1983,0,0
Mackerel,Hvammstangi,1984,0,0
Mackerel,Hvammstangi,1985,0,0
Mackerel,Hvammstangi,1986,0,0
Mackerel,Hvammstangi,1987,0,0
Mackerel,Hvammstangi,1988,0,0
Mackerel,Hvammstangi,1989,0,0
Mackerel,Hvammstangi,1990,0,0
Mackerel,Hvammstangi,1991,0,0
Mackerel,Hvammstangi,1992,0,0
Mackerel,Hvammstangi,1993,0,0
Mackerel,Hvammstangi,1994,0,0
Mackerel,Hvammstangi,1995,0,0
Mackerel,Hvammstangi,1996,0,0
Mackerel,Hvammstangi,1997,0,0
Mackerel,Hvammstangi,1998,0,0
Mackerel,Hvammstangi,1999,0,0
Mackerel,Hvammstangi,2000,0,0
Mackerel,Hvammstangi,2001,0,0
Mackerel,Hvammstangi,2002,0,0
Mackerel,Hvammstangi,2003,0,0
Mackerel,Hvammstangi,2004,0,0
Mackerel,Hvammstangi,2005,0,0
Mackerel,Hvammstangi,2006,0,0
Mackerel,Hvammstangi,2007,0,0
Mackerel,Hvammstangi,2008,0,0
Mackerel,Hvammstangi,2009,0,0
Mackerel,Hvammstangi,2010,0,0
Mackerel,Hvammstangi,2011,0,0
Mackerel,Hvammstangi,2012,0,0
Mackerel,Hvammstangi,2013,0,0
Mackerel,Hvammstangi,2014,0,0
Mackerel,Hvammstangi,2015,0,0
Mackerel,Hvammstangi,2016,0,0
Mackerel,Hvammstangi,2017,0,0
Mackerel,Hvammstangi,2018,0,0
Mackerel,Hvammstangi,2019,0,0
Mackerel,Hvammstangi,2020,0,0
Mackerel,Hvammstangi,2021,0,0
Mackerel,Hvammstangi,2022,0,0
Mackerel,Hvammstangi,2023,0,0
Mackerel,Hvammstangi,2024,0,0
Mackerel,Hveragerði,1982,0,0
Mackerel,Hveragerði,1983,0,0
Mackerel,Hveragerði,1984,0,0
Mackerel,Hveragerði,1985,0,0
Mackerel,Hveragerði,1986,0,0
Mackerel,Hveragerði,1987,0,0
Mackerel,Hveragerði,1988,0,0
Mackerel,Hveragerði,1989,0,0
Mackerel,Hveragerði,1990,0,0
Mackerel,Hveragerði,1991,0,0
Mackerel,Hveragerði,1992,0,0
Mackerel,Hveragerði,1993,0,0
Mackerel,Hveragerði,1994,0,0
Mackerel,Hveragerði,1995,0,0
Mackerel,Hveragerði,1996,0,0
Mackerel,Hveragerði,1997,0,0
Mackerel,Hveragerði,1998,0,0
Mackerel,Hveragerði,1999,0,0
Mackerel,Hveragerði,2000,0,0
Mackerel,Hveragerði,2001,0,0
Mackerel,Hveragerði,2002,0,0
Mackerel,Hveragerði,2003,0,0
Mackerel,Hveragerði,2004,0,0
Mackerel,Hveragerði,2005,0,0
Mackerel,Hveragerði,2006,0,0
Mackerel,Hveragerði,2007,0,0
Mackerel,Hveragerði,2008,0,0
Mackerel,Hveragerði,2009,0,0
Mackerel,Hveragerði,2010,0,0
Mackerel,Hveragerði,2011,0,0
Mackerel,Hveragerði,2012,0,0
Mackerel,Hveragerði,2013,0,0
Mackerel,Hveragerði,2014,0,0
Mackerel,Hveragerði,2015,0,0
Mackerel,Hveragerði,2016,0,0
Mackerel,Hveragerði,2017,0,0
Mackerel,Hveragerði,2018,0,0
Mackerel,Hveragerði,2019,0,0
Mackerel,Hveragerði,2020,0,0
Mackerel,Hveragerði,2021,0,0
Mackerel,Hveragerði,2022,0,0
Mackerel,Hveragerði,2023,0,0
Mackerel,Hveragerði,2024,0,0
Mackerel,Hvolsvöllur,1982,0,0
Mackerel,Hvolsvöllur,1983,0,0
Mackerel,Hvolsvöllur,1984,0,0
Mackerel,Hvolsvöllur,1985,0,0
Mackerel,Hvolsvöllur,1986,0,0
Mackerel,Hvolsvöllur,1987,0,0
Mackerel,Hvolsvöllur,1988,0,0
Mackerel,Hvolsvöllur,1989,0,0
Mackerel,Hvolsvöllur,1990,0,0
Mackerel,Hvolsvöllur,1991,0,0
Mackerel,Hvolsvöllur,1992,0,0
Mackerel,Hvolsvöllur,1993,0,0
Mackerel,Hvolsvöllur,1994,0,0
Mackerel,Hvolsvöllur,1995,0,0
Mackerel,Hvolsvöllur,1996,0,0
Mackerel,Hvolsvöllur,1997,0,0
Mackerel,Hvolsvöllur,1998,0,0
Mackerel,Hvolsvöllur,1999,0,0
Mackerel,Hvolsvöllur,2000,0,0
Mackerel,Hvolsvöllur,2001,0,0
Mackerel,Hvolsvöllur,2002,0,0
Mackerel,Hvolsvöllur,2003,0,0
Mackerel,Hvolsvöllur,2004,0,0
Mackerel,Hvolsvöllur,2005,0,0
Mackerel,Hvolsvöllur,2006,0,0
Mackerel,Hvolsvöllur,2007,0,0
Mackerel,Hvolsvöllur,2008,0,0
Mackerel,Hvolsvöllur,2009,0,0
Mackerel,Hvolsvöllur,2010,0,0
Mackerel,Hvolsvöllur,2011,0,0
Mackerel,Hvolsvöllur,2012,0,0
Mackerel,Hvolsvöllur,2013,0,0
Mackerel,Hvolsvöllur,2014,0,0
Mackerel,Hvolsvöllur,2015,0,0
Mackerel,Hvolsvöllur,2016,0,0
Mackerel,Hvolsvöllur,2017,0,0
Mackerel,Hvolsvöllur,2018,0,0
Mackerel,Hvolsvöllur,2019,0,0
Mackerel,Hvolsvöllur,2020,0,0
Mackerel,Hvolsvöllur,2021,0,0
Mackerel,Hvolsvöllur,2022,0,0
Mackerel,Hvolsvöllur,2023,0,0
Mackerel,Hvolsvöllur,2024,0,0
Mackerel,Hólmavík,1982,0,0
Mackerel,Hólmavík,1983,0,0
Mackerel,Hólmavík,1984,0,0
Mackerel,Hólmavík,1985,0,0
Mackerel,Hólmavík,1986,0,0
Mackerel,Hólmavík,1987,0,0
Mackerel,Hólmavík,1988,0,0
Mackerel,Hólmavík,1989,0,0
Mackerel,Hólmavík,1990,0,0
Mackerel,Hólmavík,1991,0,0
Mackerel,Hólmavík,1992,0,0
Mackerel,Hólmavík,1993,0,0
Mackerel,Hólmavík,1994,0,0
Mackerel,Hólmavík,1995,0,0
Mackerel,Hólmavík,1996,0,0
Mackerel,Hólmavík,1997,0,0
Mackerel,Hólmavík,1998,0,0
Mackerel,Hólmavík,1999,0,0
Mackerel,Hólmavík,2000,0,0
Mackerel,Hólmavík,2001,0,0
Mackerel,Hólmavík,2002,0,0
Mackerel,Hólmavík,2003,0,0
Mackerel,Hólmavík,2004,0,0
Mackerel,Hólmavík,2005,0,0
Mackerel,Hólmavík,2006,0,0
Mackerel,Hólmavík,2007,0,0
Mackerel,Hólmavík,2008,0,0
Mackerel,Hólmavík,2009,0,0
Mackerel,Hólmavík,2010,0,0
Mackerel,Hólmavík,2011,1,62
Mackerel,Hólmavík,2012,54,5886
Mackerel,Hólmavík,2013,1362,121631
Mackerel,Hólmavík,2014,264,20451
Mackerel,Hólmavík,2015,0,0
Mackerel,Hólmavík,2016,163,9788
Mackerel,Hólmavík,2017,97,4363
Mackerel,Hólmavík,2018,184,12960
Mackerel,Hólmavík,2019,0,0
Mackerel,Hólmavík,2020,0,0
Mackerel,Hólmavík,2021,0,0
Mackerel,Hólmavík,2022,0,0
Mackerel,Hólmavík,2023,0,0
Mackerel,Hólmavík,2024,0,0
Mackerel,Húsavík,1982,0,0
Mackerel,Húsavík,1983,0,0
Mackerel,Húsavík,1984,0,0
Mackerel,Húsavík,1985,0,0
Mackerel,Húsavík,1986,0,0
Mackerel,Húsavík,1987,0,0
Mackerel,Húsavík,1988,0,0
Mackerel,Húsavík,1989,0,0
Mackerel,Húsavík,1990,0,0
Mackerel,Húsavík,1991,0,0
Mackerel,Húsavík,1992,0,0
Mackerel,Húsavík,1993,0,0
Mackerel,Húsavík,1994,0,0
Mackerel,Húsavík,1995,0,0
Mackerel,Húsavík,1996,0,0
Mackerel,Húsavík,1997,0,0
Mackerel,Húsavík,1998,0,0
Mackerel,Húsavík,1999,0,0
Mackerel,Húsavík,2000,0,0
Mackerel,Húsavík,2001,0,0
Mackerel,Húsavík,2002,0,0
Mackerel,Húsavík,2003,0,0
Mackerel,Húsavík,2004,0,0
Mackerel,Húsavík,2005,0,0
Mackerel,Húsavík,2006,0,0
Mackerel,Húsavík,2007,0,0
Mackerel,Húsavík,2008,0,0
Mackerel,Húsavík,2009,0,0
Mackerel,Húsavík,2010,0,3
Mackerel,Húsavík,2011,0,20
Mackerel,Húsavík,2012,0,0
Mackerel,Húsavík,2013,1,156
Mackerel,Húsavík,2014,0,0
Mackerel,Húsavík,2015,0,0
Mackerel,Húsavík,2016,0,0
Mackerel,Húsavík,2017,0,0
Mackerel,Húsavík,2018,0,0
Mackerel,Húsavík,2019,0,0
Mackerel,Húsavík,2020,0,0
Mackerel,Húsavík,2021,0,0
Mackerel,Húsavík,2022,0,0
Mackerel,Húsavík,2023,0,0
Mackerel,Húsavík,2024,0,0
Mackerel,Keflavík,1982,0,0
Mackerel,Keflavík,1983,0,0
Mackerel,Keflavík,1984,0,0
Mackerel,Keflavík,1985,0,0
Mackerel,Keflavík,1986,0,0
Mackerel,Keflavík,1987,0,0
Mackerel,Keflavík,1988,0,0
Mackerel,Keflavík,1989,0,0
Mackerel,Keflavík,1990,0,0
Mackerel,Keflavík,1991,0,0
Mackerel,Keflavík,1992,0,0
Mackerel,Keflavík,1993,0,0
Mackerel,Keflavík,1994,0,0
Mackerel,Keflavík,1995,0,0
Mackerel,Keflavík,1996,0,0
Mackerel,Keflavík,1997,0,0
Mackerel,Keflavík,1998,0,1
Mackerel,Keflavík,1999,0,0
Mackerel,Keflavík,2000,0,0
Mackerel,Keflavík,2001,0,0
Mackerel,Keflavík,2002,0,0
Mackerel,Keflavík,2003,0,0
Mackerel,Keflavík,2004,0,0
Mackerel,Keflavík,2005,0,0
Mackerel,Keflavík,2006,0,0
Mackerel,Keflavík,2007,0,0
Mackerel,Keflavík,2008,0,9
Mackerel,Keflavík,2009,0,0
Mackerel,Keflavík,2010,102,4794
Mackerel,Keflavík,2011,582,61081
Mackerel,Keflavík,2012,409,53169
Mackerel,Keflavík,2013,1699,150423
Mackerel,Keflavík,2014,2781,212944
Mackerel,Keflavík,2015,2842,138775
Mackerel,Keflavík,2016,4654,283922
Mackerel,Keflavík,2017,3325,161345
Mackerel,Keflavík,2018,2639,163961
Mackerel,Keflavík,2019,1360,147881
Mackerel,Keflavík,2020,4,483
Mackerel,Keflavík,2021,0,0
Mackerel,Keflavík,2022,145,23955
Mackerel,Keflavík,2023,11,1932
Mackerel,Keflavík,2024,0,0
Mackerel,Kópasker,1982,0,0
Mackerel,Kópasker,1983,0,0
Mackerel,Kópasker,1984,0,0
Mackerel,Kópasker,1985,0,0
Mackerel,Kópasker,1986,0,0
Mackerel,Kópasker,1987,0,0
Mackerel,Kópasker,1988,0,0
Mackerel,Kópasker,1989,0,0
Mackerel,Kópasker,1990,0,0
Mackerel,Kópasker,1991,0,0
Mackerel,Kópasker,1992,0,0
Mackerel,Kópasker,1993,0,0
Mackerel,Kópasker,1994,0,0
Mackerel,Kópasker,1995,0,0
Mackerel,Kópasker,1996,0,0
Mackerel,Kópasker,1997,0,0
Mackerel,Kópasker,1998,0,0
Mackerel,Kópasker,1999,0,0
Mackerel,Kópasker,2000,0,0
Mackerel,Kópasker,2001,0,0
Mackerel,Kópasker,2002,0,0
Mackerel,Kópasker,2003,0,0
Mackerel,Kópasker,2004,0,0
Mackerel,Kópasker,2005,0,0
Mackerel,Kópasker,2006,0,0
Mackerel,Kópasker,2007,0,0
Mackerel,Kópasker,2008,0,0
Mackerel,Kópasker,2009,0,0
Mackerel,Kópasker,2010,0,0
Mackerel,Kópasker,2011,0,0
Mackerel,Kópasker,2012,0,0
Mackerel,Kópasker,2013,0,0
Mackerel,Kópasker,2014,0,0
Mackerel,Kópasker,2015,0,0
Mackerel,Kópasker,2016,0,0
Mackerel,Kópasker,2017,0,0
Mackerel,Kópasker,2018,0,0
Mackerel,Kópasker,2019,0,0
Mackerel,Kópasker,2020,0,0
Mackerel,Kópasker,2021,0,0
Mackerel,Kópasker,2022,0,0
Mackerel,Kópasker,2023,0,0
Mackerel,Kópasker,2024,0,0
Mackerel,"Miðsandur, Hvalfirði",1982,0,0
Mackerel,"Miðsandur, Hvalfirði",1983,0,0
Mackerel,"Miðsandur, Hvalfirði",1984,0,0
Mackerel,"Miðsandur, Hvalfirði",1985,0,0
Mackerel,"Miðsandur, Hvalfirði",1986,0,0
Mackerel,"Miðsandur, Hvalfirði",1987,0,0
Mackerel,"Miðsandur, Hvalfirði",1988,0,0
Mackerel,"Miðsandur, Hvalfirði",1989,0,0
Mackerel,"Miðsandur, Hvalfirði",1990,0,0
Mackerel,"Miðsandur, Hvalfirði",1991,0,0
Mackerel,"Miðsandur, Hvalfirði",1992,0,0
Mackerel,"Miðsandur, Hvalfirði",1993,0,0
Mackerel,"Miðsandur, Hvalfirði",1994,0,0
Mackerel,"Miðsandur, Hvalfirði",1995,0,0
Mackerel,"Miðsandur, Hvalfirði",1996,0,0
Mackerel,"Miðsandur, Hvalfirði",1997,0,0
Mackerel,"Miðsandur, Hvalfirði",1998,0,0
Mackerel,"Miðsandur, Hvalfirði",1999,0,0
Mackerel,"Miðsandur, Hvalfirði",2000,0,0
Mackerel,"Miðsandur, Hvalfirði",2001,0,0
Mackerel,"Miðsandur, Hvalfirði",2002,0,0
Mackerel,"Miðsandur, Hvalfirði",2003,0,0
Mackerel,"Miðsandur, Hvalfirði",2004,0,0
Mackerel,"Miðsandur, Hvalfirði",2005,0,0
Mackerel,"Miðsandur, Hvalfirði",2006,0,0
Mackerel,"Miðsandur, Hvalfirði",2007,0,0
Mackerel,"Miðsandur, Hvalfirði",2008,0,0
Mackerel,"Miðsandur, Hvalfirði",2009,0,0
Mackerel,"Miðsandur, Hvalfirði",2010,0,0
Mackerel,"Miðsandur, Hvalfirði",2011,0,0
Mackerel,"Miðsandur, Hvalfirði",2012,0,0
Mackerel,"Miðsandur, Hvalfirði",2013,0,0
Mackerel,"Miðsandur, Hvalfirði",2014,0,0
Mackerel,"Miðsandur, Hvalfirði",2015,0,0
Mackerel,"Miðsandur, Hvalfirði",2016,0,0
Mackerel,"Miðsandur, Hvalfirði",2017,0,0
Mackerel,"Miðsandur, Hvalfirði",2018,0,0
Mackerel,"Miðsandur, Hvalfirði",2019,0,0
Mackerel,"Miðsandur, Hvalfirði",2020,0,0
Mackerel,"Miðsandur, Hvalfirði",2021,0,0
Mackerel,"Miðsandur, Hvalfirði",2022,0,0
Mackerel,"Miðsandur, Hvalfirði",2023,0,0
Mackerel,"Miðsandur, Hvalfirði",2024,0,0
Mackerel,Mjóifjörður,1982,0,0
Mackerel,Mjóifjörður,1983,0,0
Mackerel,Mjóifjörður,1984,0,0
Mackerel,Mjóifjörður,1985,0,0
Mackerel,Mjóifjörður,1986,0,0
Mackerel,Mjóifjörður,1987,0,0
Mackerel,Mjóifjörður,1988,0,0
Mackerel,Mjóifjörður,1989,0,0
Mackerel,Mjóifjörður,1990,0,0
Mackerel,Mjóifjörður,1991,0,0
Mackerel,Mjóifjörður,1992,0,0
Mackerel,Mjóifjörður,1993,0,0
Mackerel,Mjóifjörður,1994,0,0
Mackerel,Mjóifjörður,1995,0,0
Mackerel,Mjóifjörður,1996,0,0
Mackerel,Mjóifjörður,1997,0,0
Mackerel,Mjóifjörður,1998,0,0
Mackerel,Mjóifjörður,1999,0,0
Mackerel,Mjóifjörður,2000,0,0
Mackerel,Mjóifjörður,2001,0,0
Mackerel,Mjóifjörður,2002,0,0
Mackerel,Mjóifjörður,2003,0,0
Mackerel,Mjóifjörður,2004,0,0
Mackerel,Mjóifjörður,2005,0,0
Mackerel,Mjóifjörður,2006,0,0
Mackerel,Mjóifjörður,2007,0,0
Mackerel,Mjóifjörður,2008,0,0
Mackerel,Mjóifjörður,2009,0,0
Mackerel,Mjóifjörður,2010,0,0
Mackerel,Mjóifjörður,2011,0,0
Mackerel,Mjóifjörður,2012,0,0
Mackerel,Mjóifjörður,2013,0,0
Mackerel,Mjóifjörður,2014,0,0
Mackerel,Mjóifjörður,2015,0,0
Mackerel,Mjóifjörður,2016,0,0
Mackerel,Mjóifjörður,2017,0,0
Mackerel,Mjóifjörður,2018,0,0
Mackerel,Mjóifjörður,2019,0,0
Mackerel,Mjóifjörður,2020,0,0
Mackerel,Mjóifjörður,2021,0,0
Mackerel,Mjóifjörður,2022,0,0
Mackerel,Mjóifjörður,2023,0,0
Mackerel,Mjóifjörður,2024,0,0
Mackerel,Neskaupstaður,1982,0,0
Mackerel,Neskaupstaður,1983,0,0
Mackerel,Neskaupstaður,1984,0,0
Mackerel,Neskaupstaður,1985,0,0
Mackerel,Neskaupstaður,1986,0,0
Mackerel,Neskaupstaður,1987,0,0
Mackerel,Neskaupstaður,1988,0,0
Mackerel,Neskaupstaður,1989,0,0
Mackerel,Neskaupstaður,1990,0,0
Mackerel,Neskaupstaður,1991,0,0
Mackerel,Neskaupstaður,1992,0,0
Mackerel,Neskaupstaður,1993,0,0
Mackerel,Neskaupstaður,1994,0,0
Mackerel,Neskaupstaður,1995,0,0
Mackerel,Neskaupstaður,1996,0,0
Mackerel,Neskaupstaður,1997,0,0
Mackerel,Neskaupstaður,1998,160,5610
Mackerel,Neskaupstaður,1999,0,0
Mackerel,Neskaupstaður,2000,0,0
Mackerel,Neskaupstaður,2001,0,0
Mackerel,Neskaupstaður,2002,0,0
Mackerel,Neskaupstaður,2003,0,0
Mackerel,Neskaupstaður,2004,0,0
Mackerel,Neskaupstaður,2005,33,3281
Mackerel,Neskaupstaður,2006,1068,23154
Mackerel,Neskaupstaður,2007,8872,125010
Mackerel,Neskaupstaður,2008,21940,672135
Mackerel,Neskaupstaður,2009,23447,1183365
Mackerel,Neskaupstaður,2010,35537,2653908
Mackerel,Neskaupstaður,2011,40064,4562622
Mackerel,Neskaupstaður,2012,37204,3478390
Mackerel,Neskaupstaður,2013,34254,3059178
Mackerel,Neskaupstaður,2014,38533,3354156
Mackerel,Neskaupstaður,2015,37188,2202779
Mackerel,Neskaupstaður,2016,42618,3049142
Mackerel,Neskaupstaður,2017,37570,2250365
Mackerel,Neskaupstaður,2018,28585,2098189
Mackerel,Neskaupstaður,2019,32743,2444360
Mackerel,Neskaupstaður,2020,34331,2573460
Mackerel,Neskaupstaður,2021,35771,2291267
Mackerel,Neskaupstaður,2022,37201,2860361
Mackerel,Neskaupstaður,2023,36216,3465924
Mackerel,Neskaupstaður,2024,27229,2200261
Mackerel,Njarðvík,1982,0,0
Mackerel,Njarðvík,1983,0,0
Mackerel,Njarðvík,1984,0,0
Mackerel,Njarðvík,1985,0,0
Mackerel,Njarðvík,1986,0,0
Mackerel,Njarðvík,1987,0,0
Mackerel,Njarðvík,1988,0,0
Mackerel,Njarðvík,1989,0,0
Mackerel,Njarðvík,1990,0,0
Mackerel,Njarðvík,1991,0,0
Mackerel,Njarðvík,1992,0,0
Mackerel,Njarðvík,1993,0,0
Mackerel,Njarðvík,1994,0,0
Mackerel,Njarðvík,1995,0,0
Mackerel,Njarðvík,1996,0,0
Mackerel,Njarðvík,1997,0,0
Mackerel,Njarðvík,1998,0,0
Mackerel,Njarðvík,1999,0,0
Mackerel,Njarðvík,2000,0,0
Mackerel,Njarðvík,2001,0,0
Mackerel,Njarðvík,2002,0,0
Mackerel,Njarðvík,2003,0,0
Mackerel,Njarðvík,2004,0,0
Mackerel,Njarðvík,2005,0,0
Mackerel,Njarðvík,2006,0,0
Mackerel,Njarðvík,2007,0,0
Mackerel,Njarðvík,2008,0,0
Mackerel,Njarðvík,2009,0,0
Mackerel,Njarðvík,2010,0,3
Mackerel,Njarðvík,2011,9,1305
Mackerel,Njarðvík,2012,0,0
Mackerel,Njarðvík,2013,0,0
Mackerel,Njarðvík,2014,0,0
Mackerel,Njarðvík,2015,0,0
Mackerel,Njarðvík,2016,0,0
Mackerel,Njarðvík,2017,0,0
Mackerel,Njarðvík,2018,0,0
Mackerel,Njarðvík,2019,0,0
Mackerel,Njarðvík,2020,0,0
Mackerel,Njarðvík,2021,0,0
Mackerel,Njarðvík,2022,0,0
Mackerel,Njarðvík,2023,0,0
Mackerel,Njarðvík,2024,0,0
Mackerel,Norðurfjörður,1982,0,0
Mackerel,Norðurfjörður,1983,0,0
Mackerel,Norðurfjörður,1984,0,0
Mackerel,Norðurfjörður,1985,0,0
Mackerel,Norðurfjörður,1986,0,0
Mackerel,Norðurfjörður,1987,0,0
Mackerel,Norðurfjörður,1988,0,0
Mackerel,Norðurfjörður,1989,0,0
Mackerel,Norðurfjörður,1990,0,0
Mackerel,Norðurfjörður,1991,0,0
Mackerel,Norðurfjörður,1992,0,0
Mackerel,Norðurfjörður,1993,0,0
Mackerel,Norðurfjörður,1994,0,0
Mackerel,Norðurfjörður,1995,0,0
Mackerel,Norðurfjörður,1996,0,0
Mackerel,Norðurfjörður,1997,0,0
Mackerel,Norðurfjörður,1998,0,0
Mackerel,Norðurfjörður,1999,0,0
Mackerel,Norðurfjörður,2000,0,0
Mackerel,Norðurfjörður,2001,0,0
Mackerel,Norðurfjörður,2002,0,0
Mackerel,Norðurfjörður,2003,0,0
Mackerel,Norðurfjörður,2004,0,0
Mackerel,Norðurfjörður,2005,0,0
Mackerel,Norðurfjörður,2006,0,0
Mackerel,Norðurfjörður,2007,0,0
Mackerel,Norðurfjörður,2008,0,0
Mackerel,Norðurfjörður,2009,0,0
Mackerel,Norðurfjörður,2010,0,0
Mackerel,Norðurfjörður,2011,0,0
Mackerel,Norðurfjörður,2012,0,0
Mackerel,Norðurfjörður,2013,0,0
Mackerel,Norðurfjörður,2014,0,0
Mackerel,Norðurfjörður,2015,0,0
Mackerel,Norðurfjörður,2016,0,0
Mackerel,Norðurfjörður,2017,0,0
Mackerel,Norðurfjörður,2018,0,0
Mackerel,Norðurfjörður,2019,0,0
Mackerel,Norðurfjörður,2020,0,0
Mackerel,Norðurfjörður,2021,0,0
Mackerel,Norðurfjörður,2022,0,0
Mackerel,Norðurfjörður,2023,0,0
Mackerel,Norðurfjörður,2024,0,0
Mackerel,Patreksfjörður,1982,0,0
Mackerel,Patreksfjörður,1983,0,0
Mackerel,Patreksfjörður,1984,0,0
Mackerel,Patreksfjörður,1985,0,0
Mackerel,Patreksfjörður,1986,0,0
Mackerel,Patreksfjörður,1987,0,0
Mackerel,Patreksfjörður,1988,0,0
Mackerel,Patreksfjörður,1989,0,0
Mackerel,Patreksfjörður,1990,0,0
Mackerel,Patreksfjörður,1991,0,0
Mackerel,Patreksfjörður,1992,0,0
Mackerel,Patreksfjörður,1993,0,0
Mackerel,Patreksfjörður,1994,0,0
Mackerel,Patreksfjörður,1995,0,0
Mackerel,Patreksfjörður,1996,0,0
Mackerel,Patreksfjörður,1997,0,0
Mackerel,Patreksfjörður,1998,0,0
Mackerel,Patreksfjörður,1999,0,0
Mackerel,Patreksfjörður,2000,0,0
Mackerel,Patreksfjörður,2001,0,0
Mackerel,Patreksfjörður,2002,0,0
Mackerel,Patreksfjörður,2003,0,0
Mackerel,Patreksfjörður,2004,0,0
Mackerel,Patreksfjörður,2005,0,0
Mackerel,Patreksfjörður,2006,0,0
Mackerel,Patreksfjörður,2007,0,0
Mackerel,Patreksfjörður,2008,0,0
Mackerel,Patreksfjörður,2009,0,0
Mackerel,Patreksfjörður,2010,0,0
Mackerel,Patreksfjörður,2011,186,18770
Mackerel,Patreksfjörður,2012,184,18400
Mackerel,Patreksfjörður,2013,6,678
Mackerel,Patreksfjörður,2014,18,1646
Mackerel,Patreksfjörður,2015,0,0
Mackerel,Patreksfjörður,2016,7,427
Mackerel,Patreksfjörður,2017,3,172
Mackerel,Patreksfjörður,2018,0,0
Mackerel,Patreksfjörður,2019,0,0
Mackerel,Patreksfjörður,2020,0,0
Mackerel,Patreksfjörður,2021,0,0
Mackerel,Patreksfjörður,2022,0,0
Mackerel,Patreksfjörður,2023,0,0
Mackerel,Patreksfjörður,2024,0,0
Mackerel,Raufarhöfn,1982,0,0
Mackerel,Raufarhöfn,1983,0,0
Mackerel,Raufarhöfn,1984,0,0
Mackerel,Raufarhöfn,1985,0,0
Mackerel,Raufarhöfn,1986,0,0
Mackerel,Raufarhöfn,1987,0,0
Mackerel,Raufarhöfn,1988,0,0
Mackerel,Raufarhöfn,1989,0,0
Mackerel,Raufarhöfn,1990,0,0
Mackerel,Raufarhöfn,1991,0,0
Mackerel,Raufarhöfn,1992,0,0
Mackerel,Raufarhöfn,1993,0,0
Mackerel,Raufarhöfn,1994,0,0
Mackerel,Raufarhöfn,1995,0,0
Mackerel,Raufarhöfn,1996,0,0
Mackerel,Raufarhöfn,1997,0,0
Mackerel,Raufarhöfn,1998,0,0
Mackerel,Raufarhöfn,1999,0,0
Mackerel,Raufarhöfn,2000,0,0
Mackerel,Raufarhöfn,2001,0,0
Mackerel,Raufarhöfn,2002,0,0
Mackerel,Raufarhöfn,2003,0,0
Mackerel,Raufarhöfn,2004,0,0
Mackerel,Raufarhöfn,2005,0,0
Mackerel,Raufarhöfn,2006,0,0
Mackerel,Raufarhöfn,2007,0,0
Mackerel,Raufarhöfn,2008,0,0
Mackerel,Raufarhöfn,2009,0,0
Mackerel,Raufarhöfn,2010,76,5268
Mackerel,Raufarhöfn,2011,53,5340
Mackerel,Raufarhöfn,2012,0,0
Mackerel,Raufarhöfn,2013,0,0
Mackerel,Raufarhöfn,2014,30,2365
Mackerel,Raufarhöfn,2015,66,4491
Mackerel,Raufarhöfn,2016,78,4427
Mackerel,Raufarhöfn,2017,0,0
Mackerel,Raufarhöfn,2018,0,0
Mackerel,Raufarhöfn,2019,0,0
Mackerel,Raufarhöfn,2020,0,0
Mackerel,Raufarhöfn,2021,0,4
Mackerel,Raufarhöfn,2022,0,0
Mackerel,Raufarhöfn,2023,0,0
Mackerel,Raufarhöfn,2024,0,0
Mackerel,Reykhólar,1982,0,0
Mackerel,Reykhólar,1983,0,0
Mackerel,Reykhólar,1984,0,0
Mackerel,Reykhólar,1985,0,0
Mackerel,Reykhólar,1986,0,0
Mackerel,Reykhólar,1987,0,0
Mackerel,Reykhólar,1988,0,0
Mackerel,Reykhólar,1989,0,0
Mackerel,Reykhólar,1990,0,0
Mackerel,Reykhólar,1991,0,0
Mackerel,Reykhólar,1992,0,0
Mackerel,Reykhólar,1993,0,0
Mackerel,Reykhólar,1994,0,0
Mackerel,Reykhólar,1995,0,0
Mackerel,Reykhólar,1996,0,0
Mackerel,Reykhólar,1997,0,0
Mackerel,Reykhólar,1998,0,0
Mackerel,Reykhólar,1999,0,0
Mackerel,Reykhólar,2000,0,0
Mackerel,Reykhólar,2001,0,0
Mackerel,Reykhólar,2002,0,0
Mackerel,Reykhólar,2003,0,0
Mackerel,Reykhólar,2004,0,0
Mackerel,Reykhólar,2005,0,0
Mackerel,Reykhólar,2006,0,0
Mackerel,Reykhólar,2007,0,0
Mackerel,Reykhólar,2008,0,0
Mackerel,Reykhólar,2009,0,0
Mackerel,Reykhólar,2010,0,0
Mackerel,Reykhólar,2011,0,0
Mackerel,Reykhólar,2012,0,0
Mackerel,Reykhólar,2013,0,0
Mackerel,Reykhólar,2014,0,0
Mackerel,Reykhólar,2015,0,0
Mackerel,Reykhólar,2016,0,0
Mackerel,Reykhólar,2017,0,0
Mackerel,Reykhólar,2018,0,0
Mackerel,Reykhólar,2019,0,0
Mackerel,Reykhólar,2020,0,0
Mackerel,Reykhólar,2021,0,0
Mackerel,Reykhólar,2022,0,0
Mackerel,Reykhólar,2023,0,0
Mackerel,Reykhólar,2024,0,0
Mackerel,Reykjavík,1982,0,0
Mackerel,Reykjavík,1983,0,0
Mackerel,Reykjavík,1984,0,0
Mackerel,Reykjavík,1985,0,0
Mackerel,Reykjavík,1986,0,0
Mackerel,Reykjavík,1987,0,0
Mackerel,Reykjavík,1988,0,0
Mackerel,Reykjavík,1989,0,0
Mackerel,Reykjavík,1990,0,0
Mackerel,Reykjavík,1991,0,0
Mackerel,Reykjavík,1992,0,0
Mackerel,Reykjavík,1993,0,0
Mackerel,Reykjavík,1994,0,0
Mackerel,Reykjavík,1995,0,0
Mackerel,Reykjavík,1996,0,0
Mackerel,Reykjavík,1997,0,0
Mackerel,Reykjavík,1998,50,1542
Mackerel,Reykjavík,1999,0,0
Mackerel,Reykjavík,2000,0,0
Mackerel,Reykjavík,2001,0,0
Mackerel,Reykjavík,2002,0,0
Mackerel,Reykjavík,2003,0,0
Mackerel,Reykjavík,2004,0,0
Mackerel,Reykjavík,2005,0,0
Mackerel,Reykjavík,2006,0,0
Mackerel,Reykjavík,2007,0,0
Mackerel,Reykjavík,2008,0,0
Mackerel,Reykjavík,2009,0,2
Mackerel,Reykjavík,2010,3282,427582
Mackerel,Reykjavík,2011,16076,2908742
Mackerel,Reykjavík,2012,15136,2369722
Mackerel,Reykjavík,2013,19611,3179581
Mackerel,Reykjavík,2014,21192,3140776
Mackerel,Reykjavík,2015,12744,1626495
Mackerel,Reykjavík,2016,5251,641272
Mackerel,Reykjavík,2017,1749,202187
Mackerel,Reykjavík,2018,1878,252083
Mackerel,Reykjavík,2019,1,138
Mackerel,Reykjavík,2020,0,2
Mackerel,Reykjavík,2021,0,0
Mackerel,Reykjavík,2022,0,0
Mackerel,Reykjavík,2023,0,0
Mackerel,Reykjavík,2024,0,0
Mackerel,Reyðarfjörður,1982,0,0
Mackerel,Reyðarfjörður,1983,0,0
Mackerel,Reyðarfjörður,1984,0,0
Mackerel,Reyðarfjörður,1985,0,0
Mackerel,Reyðarfjörður,1986,0,0
Mackerel,Reyðarfjörður,1987,0,0
Mackerel,Reyðarfjörður,1988,0,0
Mackerel,Reyðarfjörður,1989,0,0
Mackerel,Reyðarfjörður,1990,0,0
Mackerel,Reyðarfjörður,1991,0,0
Mackerel,Reyðarfjörður,1992,0,0
Mackerel,Reyðarfjörður,1993,0,0
Mackerel,Reyðarfjörður,1994,0,0
Mackerel,Reyðarfjörður,1995,0,0
Mackerel,Reyðarfjörður,1996,0,0
Mackerel,Reyðarfjörður,1997,0,0
Mackerel,Reyðarfjörður,1998,0,0
Mackerel,Reyðarfjörður,1999,0,0
Mackerel,Reyðarfjörður,2000,0,0
Mackerel,Reyðarfjörður,2001,0,0
Mackerel,Reyðarfjörður,2002,0,0
Mackerel,Reyðarfjörður,2003,0,0
Mackerel,Reyðarfjörður,2004,0,0
Mackerel,Reyðarfjörður,2005,0,0
Mackerel,Reyðarfjörður,2006,0,0
Mackerel,Reyðarfjörður,2007,45,2329
Mackerel,Reyðarfjörður,2008,1762,232800
Mackerel,Reyðarfjörður,2009,700,69451
Mackerel,Reyðarfjörður,2010,5622,729795
Mackerel,Reyðarfjörður,2011,5346,1130254
Mackerel,Reyðarfjörður,2012,7245,1008479
Mackerel,Reyðarfjörður,2013,5293,800283
Mackerel,Reyðarfjörður,2014,3958,600926
Mackerel,Reyðarfjörður,2015,3182,299465
Mackerel,Reyðarfjörður,2016,5104,502221
Mackerel,Reyðarfjörður,2017,1919,217820
Mackerel,Reyðarfjörður,2018,0,0
Mackerel,Reyðarfjörður,2019,0,0
Mackerel,Reyðarfjörður,2020,0,0
Mackerel,Reyðarfjörður,2021,21,3024
Mackerel,Reyðarfjörður,2022,0,0
Mackerel,Reyðarfjörður,2023,0,0
Mackerel,Reyðarfjörður,2024,0,0
Mackerel,Rif,1982,0,0
Mackerel,Rif,1983,0,0
Mackerel,Rif,1984,0,0
Mackerel,Rif,1985,0,0
Mackerel,Rif,1986,0,0
Mackerel,Rif,1987,0,0
Mackerel,Rif,1988,0,0
Mackerel,Rif,1989,0,0
Mackerel,Rif,1990,0,0
Mackerel,Rif,1991,0,0
Mackerel,Rif,1992,0,0
Mackerel,Rif,1993,0,0
Mackerel,Rif,1994,0,0
Mackerel,Rif,1995,0,0
Mackerel,Rif,1996,0,0
Mackerel,Rif,1997,0,0
Mackerel,Rif,1998,0,0
Mackerel,Rif,1999,0,0
Mackerel,Rif,2000,0,0
Mackerel,Rif,2001,0,1
Mackerel,Rif,2002,0,0
Mackerel,Rif,2003,0,0
Mackerel,Rif,2004,0,0
Mackerel,Rif,2005,0,0
Mackerel,Rif,2006,0,0
Mackerel,Rif,2007,0,0
Mackerel,Rif,2008,0,0
Mackerel,Rif,2009,0,1
Mackerel,Rif,2010,23,3337
Mackerel,Rif,2011,84,12545
Mackerel,Rif,2012,376,38157
Mackerel,Rif,2013,794,67615
Mackerel,Rif,2014,1354,122805
Mackerel,Rif,2015,416,23328
Mackerel,Rif,2016,518,34211
Mackerel,Rif,2017,199,10553
Mackerel,Rif,2018,167,11599
Mackerel,Rif,2019,85,8833
Mackerel,Rif,2020,0,0
Mackerel,Rif,2021,0,0
Mackerel,Rif,2022,0,0
Mackerel,Rif,2023,0,0
Mackerel,Rif,2024,0,0
Mackerel,Sandgerði,1982,0,0
Mackerel,Sandgerði,1983,0,0
Mackerel,Sandgerði,1984,0,0
Mackerel,Sandgerði,1985,0,0
Mackerel,Sandgerði,1986,0,0
Mackerel,Sandgerði,1987,0,0
Mackerel,Sandgerði,1988,0,0
Mackerel,Sandgerði,1989,0,0
Mackerel,Sandgerði,1990,0,0
Mackerel,Sandgerði,1991,0,0
Mackerel,Sandgerði,1992,0,0
Mackerel,Sandgerði,1993,0,0
Mackerel,Sandgerði,1994,0,0
Mackerel,Sandgerði,1995,0,0
Mackerel,Sandgerði,1996,0,0
Mackerel,Sandgerði,1997,0,0
Mackerel,Sandgerði,1998,0,0
Mackerel,Sandgerði,1999,0,0
Mackerel,Sandgerði,2000,0,0
Mackerel,Sandgerði,2001,0,1
Mackerel,Sandgerði,2002,0,0
Mackerel,Sandgerði,2003,0,0
Mackerel,Sandgerði,2004,0,0
Mackerel,Sandgerði,2005,0,2
Mackerel,Sandgerði,2006,0,0
Mackerel,Sandgerði,2007,0,0
Mackerel,Sandgerði,2008,0,0
Mackerel,Sandgerði,2009,0,22
Mackerel,Sandgerði,2010,14,847
Mackerel,Sandgerði,2011,53,5390
Mackerel,Sandgerði,2012,762,69029
Mackerel,Sandgerði,2013,535,48848
Mackerel,Sandgerði,2014,1753,133563
Mackerel,Sandgerði,2015,937,49009
Mackerel,Sandgerði,2016,1275,76946
Mackerel,Sandgerði,2017,78,3526
Mackerel,Sandgerði,2018,232,15675
Mackerel,Sandgerði,2019,59,6500
Mackerel,Sandgerði,2020,2,235
Mackerel,Sandgerði,2021,0,10
Mackerel,Sandgerði,2022,2,352
Mackerel,Sandgerði,2023,1,151
Mackerel,Sandgerði,2024,0,0
Mackerel,Sauðárkrókur,1982,0,0
Mackerel,Sauðárkrókur,1983,0,0
Mackerel,Sauðárkrókur,1984,0,0
Mackerel,Sauðárkrókur,1985,0,0
Mackerel,Sauðárkrókur,1986,0,0
Mackerel,Sauðárkrókur,1987,0,0
Mackerel,Sauðárkrókur,1988,0,0
Mackerel,Sauðárkrókur,1989,0,0
Mackerel,Sauðárkrókur,1990,0,0
Mackerel,Sauðárkrókur,1991,0,0
Mackerel,Sauðárkrókur,1992,0,0
Mackerel,Sauðárkrókur,1993,0,0
Mackerel,Sauðárkrókur,1994,0,0
Mackerel,Sauðárkrókur,1995,0,0
Mackerel,Sauðárkrókur,1996,0,0
Mackerel,Sauðárkrókur,1997,0,0
Mackerel,Sauðárkrókur,1998,0,0
Mackerel,Sauðárkrókur,1999,0,0
Mackerel,Sauðárkrókur,2000,0,0
Mackerel,Sauðárkrókur,2001,0,0
Mackerel,Sauðárkrókur,2002,0,0
Mackerel,Sauðárkrókur,2003,0,0
Mackerel,Sauðárkrókur,2004,0,0
Mackerel,Sauðárkrókur,2005,0,0
Mackerel,Sauðárkrókur,2006,0,0
Mackerel,Sauðárkrókur,2007,0,0
Mackerel,Sauðárkrókur,2008,0,0
Mackerel,Sauðárkrókur,2009,0,0
Mackerel,Sauðárkrókur,2010,319,32196
Mackerel,Sauðárkrókur,2011,535,114150
Mackerel,Sauðárkrókur,2012,127,10375
Mackerel,Sauðárkrókur,2013,71,6689
Mackerel,Sauðárkrókur,2014,77,5405
Mackerel,Sauðárkrókur,2015,956,66970
Mackerel,Sauðárkrókur,2016,0,0
Mackerel,Sauðárkrókur,2017,0,0
Mackerel,Sauðárkrókur,2018,0,0
Mackerel,Sauðárkrókur,2019,0,0
Mackerel,Sauðárkrókur,2020,0,0
Mackerel,Sauðárkrókur,2021,0,0
Mackerel,Sauðárkrókur,2022,0,0
Mackerel,Sauðárkrókur,2023,0,0
Mackerel,Sauðárkrókur,2024,0,0
Mackerel,Selfoss,1982,0,0
Mackerel,Selfoss,1983,0,0
Mackerel,Selfoss,1984,0,0
Mackerel,Selfoss,1985,0,0
Mackerel,Selfoss,1986,0,0
Mackerel,Selfoss,1987,0,0
Mackerel,Selfoss,1988,0,0
Mackerel,Selfoss,1989,0,0
Mackerel,Selfoss,1990,0,0
Mackerel,Selfoss,1991,0,0
Mackerel,Selfoss,1992,0,0
Mackerel,Selfoss,1993,0,0
Mackerel,Selfoss,1994,0,0
Mackerel,Selfoss,1995,0,0
Mackerel,Selfoss,1996,0,0
Mackerel,Selfoss,1997,0,0
Mackerel,Selfoss,1998,0,0
Mackerel,Selfoss,1999,0,0
Mackerel,Selfoss,2000,0,0
Mackerel,Selfoss,2001,0,0
Mackerel,Selfoss,2002,0,0
Mackerel,Selfoss,2003,0,0
Mackerel,Selfoss,2004,0,0
Mackerel,Selfoss,2005,0,0
Mackerel,Selfoss,2006,0,0
Mackerel,Selfoss,2007,0,0
Mackerel,Selfoss,2008,0,0
Mackerel,Selfoss,2009,0,0
Mackerel,Selfoss,2010,0,0
Mackerel,Selfoss,2011,0,0
Mackerel,Selfoss,2012,0,0
Mackerel,Selfoss,2013,0,0
Mackerel,Selfoss,2014,0,0
Mackerel,Selfoss,2015,0,0
Mackerel,Selfoss,2016,0,0
Mackerel,Selfoss,2017,0,0
Mackerel,Selfoss,2018,0,0
Mackerel,Selfoss,2019,0,0
Mackerel,Selfoss,2020,0,0
Mackerel,Selfoss,2021,0,0
Mackerel,Selfoss,2022,0,0
Mackerel,Selfoss,2023,0,0
Mackerel,Selfoss,2024,0,0
Mackerel,Seyðisfjörður,1982,0,0
Mackerel,Seyðisfjörður,1983,0,0
Mackerel,Seyðisfjörður,1984,0,0
Mackerel,Seyðisfjörður,1985,0,0
Mackerel,Seyðisfjörður,1986,0,0
Mackerel,Seyðisfjörður,1987,0,0
Mackerel,Seyðisfjörður,1988,0,0
Mackerel,Seyðisfjörður,1989,0,0
Mackerel,Seyðisfjörður,1990,0,0
Mackerel,Seyðisfjörður,1991,0,0
Mackerel,Seyðisfjörður,1992,0,0
Mackerel,Seyðisfjörður,1993,0,0
Mackerel,Seyðisfjörður,1994,0,0
Mackerel,Seyðisfjörður,1995,0,0
Mackerel,Seyðisfjörður,1996,0,0
Mackerel,Seyðisfjörður,1997,0,0
Mackerel,Seyðisfjörður,1998,0,0
Mackerel,Seyðisfjörður,1999,0,0
Mackerel,Seyðisfjörður,2000,0,0
Mackerel,Seyðisfjörður,2001,0,0
Mackerel,Seyðisfjörður,2002,0,0
Mackerel,Seyðisfjörður,2003,0,0
Mackerel,Seyðisfjörður,2004,0,0
Mackerel,Seyðisfjörður,2005,0,0
Mackerel,Seyðisfjörður,2006,557,11595
Mackerel,Seyðisfjörður,2007,3183,44795
Mackerel,Seyðisfjörður,2008,14775,401079
Mackerel,Seyðisfjörður,2009,10191,271834
Mackerel,Seyðisfjörður,2010,46,1393
Mackerel,Seyðisfjörður,2011,0,0
Mackerel,Seyðisfjörður,2012,16,407
Mackerel,Seyðisfjörður,2013,34,851
Mackerel,Seyðisfjörður,2014,32,1265
Mackerel,Seyðisfjörður,2015,42,753
Mackerel,Seyðisfjörður,2016,105,3038
Mackerel,Seyðisfjörður,2017,45,785
Mackerel,Seyðisfjörður,2018,38,718
Mackerel,Seyðisfjörður,2019,209,5019
Mackerel,Seyðisfjörður,2020,191,4586
Mackerel,Seyðisfjörður,2021,15,345
Mackerel,Seyðisfjörður,2022,125,4235
Mackerel,Seyðisfjörður,2023,103,3099
Mackerel,Seyðisfjörður,2024,65,2251
Mackerel,Siglufjörður,1982,0,0
Mackerel,Siglufjörður,1983,0,0
Mackerel,Siglufjörður,1984,0,0
Mackerel,Siglufjörður,1985,0,0
Mackerel,Siglufjörður,1986,0,0
Mackerel,Siglufjörður,1987,0,0
Mackerel,Siglufjörður,1988,0,0
Mackerel,Siglufjörður,1989,0,0
Mackerel,Siglufjörður,1990,0,0
Mackerel,Siglufjörður,1991,0,0
Mackerel,Siglufjörður,1992,0,0
Mackerel,Siglufjörður,1993,0,0
Mackerel,Siglufjörður,1994,0,0
Mackerel,Siglufjörður,1995,0,0
Mackerel,Siglufjörður,1996,0,0
Mackerel,Siglufjörður,1997,0,0
Mackerel,Siglufjörður,1998,0,0
Mackerel,Siglufjörður,1999,0,0
Mackerel,Siglufjörður,2000,0,0
Mackerel,Siglufjörður,2001,0,0
Mackerel,Siglufjörður,2002,0,0
Mackerel,Siglufjörður,2003,0,0
Mackerel,Siglufjörður,2004,0,0
Mackerel,Siglufjörður,2005,0,0
Mackerel,Siglufjörður,2006,0,0
Mackerel,Siglufjörður,2007,0,0
Mackerel,Siglufjörður,2008,0,0
Mackerel,Siglufjörður,2009,0,0
Mackerel,Siglufjörður,2010,0,1
Mackerel,Siglufjörður,2011,584,130100
Mackerel,Siglufjörður,2012,1476,251058
Mackerel,Siglufjörður,2013,676,128116
Mackerel,Siglufjörður,2014,963,149860
Mackerel,Siglufjörður,2015,1220,153530
Mackerel,Siglufjörður,2016,0,0
Mackerel,Siglufjörður,2017,0,0
Mackerel,Siglufjörður,2018,0,0
Mackerel,Siglufjörður,2019,0,0
Mackerel,Siglufjörður,2020,0,0
Mackerel,Siglufjörður,2021,0,12
Mackerel,Siglufjörður,2022,0,0
Mackerel,Siglufjörður,2023,0,0
Mackerel,Siglufjörður,2024,0,0
Mackerel,Skagaströnd,1982,0,0
Mackerel,Skagaströnd,1983,0,0
Mackerel,Skagaströnd,1984,0,0
Mackerel,Skagaströnd,1985,0,0
Mackerel,Skagaströnd,1986,0,0
Mackerel,Skagaströnd,1987,0,0
Mackerel,Skagaströnd,1988,0,0
Mackerel,Skagaströnd,1989,0,0
Mackerel,Skagaströnd,1990,0,0
Mackerel,Skagaströnd,1991,0,0
Mackerel,Skagaströnd,1992,0,0
Mackerel,Skagaströnd,1993,0,0
Mackerel,Skagaströnd,1994,0,0
Mackerel,Skagaströnd,1995,0,0
Mackerel,Skagaströnd,1996,0,0
Mackerel,Skagaströnd,1997,0,0
Mackerel,Skagaströnd,1998,0,0
Mackerel,Skagaströnd,1999,0,0
Mackerel,Skagaströnd,2000,0,0
Mackerel,Skagaströnd,2001,0,0
Mackerel,Skagaströnd,2002,0,0
Mackerel,Skagaströnd,2003,0,0
Mackerel,Skagaströnd,2004,0,0
Mackerel,Skagaströnd,2005,0,0
Mackerel,Skagaströnd,2006,0,0
Mackerel,Skagaströnd,2007,0,0
Mackerel,Skagaströnd,2008,0,0
Mackerel,Skagaströnd,2009,0,0
Mackerel,Skagaströnd,2010,238,23445
Mackerel,Skagaströnd,2011,0,0
Mackerel,Skagaströnd,2012,1304,198846
Mackerel,Skagaströnd,2013,835,137918
Mackerel,Skagaströnd,2014,175,31052
Mackerel,Skagaströnd,2015,638,73967
Mackerel,Skagaströnd,2016,51,3052
Mackerel,Skagaströnd,2017,0,0
Mackerel,Skagaströnd,2018,0,0
Mackerel,Skagaströnd,2019,0,0
Mackerel,Skagaströnd,2020,0,0
Mackerel,Skagaströnd,2021,0,0
Mackerel,Skagaströnd,2022,0,7
Mackerel,Skagaströnd,2023,0,0
Mackerel,Skagaströnd,2024,0,0
Mackerel,Skarðsstöð,1982,0,0
Mackerel,Skarðsstöð,1983,0,0
Mackerel,Skarðsstöð,1984,0,0
Mackerel,Skarðsstöð,1985,0,0
Mackerel,Skarðsstöð,1986,0,0
Mackerel,Skarðsstöð,1987,0,0
Mackerel,Skarðsstöð,1988,0,0
Mackerel,Skarðsstöð,1989,0,0
Mackerel,Skarðsstöð,1990,0,0
Mackerel,Skarðsstöð,1991,0,0
Mackerel,Skarðsstöð,1992,0,0
Mackerel,Skarðsstöð,1993,0,0
Mackerel,Skarðsstöð,1994,0,0
Mackerel,Skarðsstöð,1995,0,0
Mackerel,Skarðsstöð,1996,0,0
Mackerel,Skarðsstöð,1997,0,0
Mackerel,Skarðsstöð,1998,0,0
Mackerel,Skarðsstöð,1999,0,0
Mackerel,Skarðsstöð,2000,0,0
Mackerel,Skarðsstöð,2001,0,0
Mackerel,Skarðsstöð,2002,0,0
Mackerel,Skarðsstöð,2003,0,0
Mackerel,Skarðsstöð,2004,0,0
Mackerel,Skarðsstöð,2005,0,0
Mackerel,Skarðsstöð,2006,0,0
Mackerel,Skarðsstöð,2007,0,0
Mackerel,Skarðsstöð,2008,0,0
Mackerel,Skarðsstöð,2009,0,0
Mackerel,Skarðsstöð,2010,0,0
Mackerel,Skarðsstöð,2011,0,0
Mackerel,Skarðsstöð,2012,0,0
Mackerel,Skarðsstöð,2013,0,13
Mackerel,Skarðsstöð,2014,0,0
Mackerel,Skarðsstöð,2015,0,27
Mackerel,Skarðsstöð,2016,0,0
Mackerel,Skarðsstöð,2017,0,0
Mackerel,Skarðsstöð,2018,0,0
Mackerel,Skarðsstöð,2019,0,0
Mackerel,Skarðsstöð,2020,0,0
Mackerel,Skarðsstöð,2021,0,0
Mackerel,Skarðsstöð,2022,0,0
Mackerel,Skarðsstöð,2023,0,0
Mackerel,Skarðsstöð,2024,0,0
Mackerel,Stokkseyri,1982,0,0
Mackerel,Stokkseyri,1983,0,0
Mackerel,Stokkseyri,1984,0,0
Mackerel,Stokkseyri,1985,0,0
Mackerel,Stokkseyri,1986,0,0
Mackerel,Stokkseyri,1987,0,0
Mackerel,Stokkseyri,1988,0,0
Mackerel,Stokkseyri,1989,0,0
Mackerel,Stokkseyri,1990,0,0
Mackerel,Stokkseyri,1991,0,0
Mackerel,Stokkseyri,1992,0,0
Mackerel,Stokkseyri,1993,0,0
Mackerel,Stokkseyri,1994,0,0
Mackerel,Stokkseyri,1995,0,0
Mackerel,Stokkseyri,1996,0,0
Mackerel,Stokkseyri,1997,0,0
Mackerel,Stokkseyri,1998,0,0
Mackerel,Stokkseyri,1999,0,0
Mackerel,Stokkseyri,2000,0,0
Mackerel,Stokkseyri,2001,0,0
Mackerel,Stokkseyri,2002,0,0
Mackerel,Stokkseyri,2003,0,0
Mackerel,Stokkseyri,2004,0,0
Mackerel,Stokkseyri,2005,0,0
Mackerel,Stokkseyri,2006,0,0
Mackerel,Stokkseyri,2007,0,0
Mackerel,Stokkseyri,2008,0,0
Mackerel,Stokkseyri,2009,0,0
Mackerel,Stokkseyri,2010,0,0
Mackerel,Stokkseyri,2011,0,0
Mackerel,Stokkseyri,2012,0,0
Mackerel,Stokkseyri,2013,0,0
Mackerel,Stokkseyri,2014,0,0
Mackerel,Stokkseyri,2015,0,0
Mackerel,Stokkseyri,2016,0,0
Mackerel,Stokkseyri,2017,0,0
Mackerel,Stokkseyri,2018,0,0
Mackerel,Stokkseyri,2019,0,0
Mackerel,Stokkseyri,2020,0,0
Mackerel,Stokkseyri,2021,0,0
Mackerel,Stokkseyri,2022,0,0
Mackerel,Stokkseyri,2023,0,0
Mackerel,Stokkseyri,2024,0,0
Mackerel,Stykkishólmur,1982,0,0
Mackerel,Stykkishólmur,1983,0,0
Mackerel,Stykkishólmur,1984,0,0
Mackerel,Stykkishólmur,1985,0,0
Mackerel,Stykkishólmur,1986,0,0
Mackerel,Stykkishólmur,1987,0,0
Mackerel,Stykkishólmur,1988,0,0
Mackerel,Stykkishólmur,1989,0,0
Mackerel,Stykkishólmur,1990,0,0
Mackerel,Stykkishólmur,1991,0,0
Mackerel,Stykkishólmur,1992,0,0
Mackerel,Stykkishólmur,1993,0,0
Mackerel,Stykkishólmur,1994,0,0
Mackerel,Stykkishólmur,1995,0,0
Mackerel,Stykkishólmur,1996,0,0
Mackerel,Stykkishólmur,1997,0,0
Mackerel,Stykkishólmur,1998,0,0
Mackerel,Stykkishólmur,1999,0,0
Mackerel,Stykkishólmur,2000,0,0
Mackerel,Stykkishólmur,2001,0,0
Mackerel,Stykkishólmur,2002,0,0
Mackerel,Stykkishólmur,2003,0,0
Mackerel,Stykkishólmur,2004,0,0
Mackerel,Stykkishólmur,2005,0,0
Mackerel,Stykkishólmur,2006,0,0
Mackerel,Stykkishólmur,2007,0,0
Mackerel,Stykkishólmur,2008,0,0
Mackerel,Stykkishólmur,2009,0,0
Mackerel,Stykkishólmur,2010,0,5
Mackerel,Stykkishólmur,2011,0,0
Mackerel,Stykkishólmur,2012,18,1882
Mackerel,Stykkishólmur,2013,38,2727
Mackerel,Stykkishólmur,2014,52,4702
Mackerel,Stykkishólmur,2015,7,391
Mackerel,Stykkishólmur,2016,23,1388
Mackerel,Stykkishólmur,2017,0,0
Mackerel,Stykkishólmur,2018,0,0
Mackerel,Stykkishólmur,2019,0,0
Mackerel,Stykkishólmur,2020,0,0
Mackerel,Stykkishólmur,2021,0,0
Mackerel,Stykkishólmur,2022,0,0
Mackerel,Stykkishólmur,2023,0,0
Mackerel,Stykkishólmur,2024,0,0
Mackerel,Stöðvarfjörður,1982,0,0
Mackerel,Stöðvarfjörður,1983,0,0
Mackerel,Stöðvarfjörður,1984,0,0
Mackerel,Stöðvarfjörður,1985,0,0
Mackerel,Stöðvarfjörður,1986,0,0
Mackerel,Stöðvarfjörður,1987,0,0
Mackerel,Stöðvarfjörður,1988,0,0
Mackerel,Stöðvarfjörður,1989,0,0
Mackerel,Stöðvarfjörður,1990,0,0
Mackerel,Stöðvarfjörður,1991,0,0
Mackerel,Stöðvarfjörður,1992,0,0
Mackerel,Stöðvarfjörður,1993,0,0
Mackerel,Stöðvarfjörður,1994,0,0
Mackerel,Stöðvarfjörður,1995,0,0
Mackerel,Stöðvarfjörður,1996,0,0
Mackerel,Stöðvarfjörður,1997,0,0
Mackerel,Stöðvarfjörður,1998,0,0
Mackerel,Stöðvarfjörður,1999,0,0
Mackerel,Stöðvarfjörður,2000,0,0
Mackerel,Stöðvarfjörður,2001,0,0
Mackerel,Stöðvarfjörður,2002,0,0
Mackerel,Stöðvarfjörður,2003,0,0
Mackerel,Stöðvarfjörður,2004,0,0
Mackerel,Stöðvarfjörður,2005,0,0
Mackerel,Stöðvarfjörður,2006,0,0
Mackerel,Stöðvarfjörður,2007,0,0
Mackerel,Stöðvarfjörður,2008,0,0
Mackerel,Stöðvarfjörður,2009,0,4
Mackerel,Stöðvarfjörður,2010,0,0
Mackerel,Stöðvarfjörður,2011,0,3
Mackerel,Stöðvarfjörður,2012,0,0
Mackerel,Stöðvarfjörður,2013,0,0
Mackerel,Stöðvarfjörður,2014,0,0
Mackerel,Stöðvarfjörður,2015,0,0
Mackerel,Stöðvarfjörður,2016,0,0
Mackerel,Stöðvarfjörður,2017,0,0
Mackerel,Stöðvarfjörður,2018,0,0
Mackerel,Stöðvarfjörður,2019,0,0
Mackerel,Stöðvarfjörður,2020,0,0
Mackerel,Stöðvarfjörður,2021,0,0
Mackerel,Stöðvarfjörður,2022,0,0
Mackerel,Stöðvarfjörður,2023,0,0
Mackerel,Stöðvarfjörður,2024,0,0
Mackerel,Súðavík,1982,0,0
Mackerel,Súðavík,1983,0,0
Mackerel,Súðavík,1984,0,0
Mackerel,Súðavík,1985,0,0
Mackerel,Súðavík,1986,0,0
Mackerel,Súðavík,1987,0,0
Mackerel,Súðavík,1988,0,0
Mackerel,Súðavík,1989,0,0
Mackerel,Súðavík,1990,0,0
Mackerel,Súðavík,1991,0,0
Mackerel,Súðavík,1992,0,0
Mackerel,Súðavík,1993,0,0
Mackerel,Súðavík,1994,0,0
Mackerel,Súðavík,1995,0,0
Mackerel,Súðavík,1996,0,0
Mackerel,Súðavík,1997,0,0
Mackerel,Súðavík,1998,0,0
Mackerel,Súðavík,1999,0,0
Mackerel,Súðavík,2000,0,0
Mackerel,Súðavík,2001,0,0
Mackerel,Súðavík,2002,0,0
Mackerel,Súðavík,2003,0,0
Mackerel,Súðavík,2004,0,0
Mackerel,Súðavík,2005,0,0
Mackerel,Súðavík,2006,0,0
Mackerel,Súðavík,2007,0,0
Mackerel,Súðavík,2008,0,0
Mackerel,Súðavík,2009,0,0
Mackerel,Súðavík,2010,0,0
Mackerel,Súðavík,2011,0,0
Mackerel,Súðavík,2012,0,0
Mackerel,Súðavík,2013,0,0
Mackerel,Súðavík,2014,0,0
Mackerel,Súðavík,2015,0,0
Mackerel,Súðavík,2016,0,0
Mackerel,Súðavík,2017,0,0
Mackerel,Súðavík,2018,0,0
Mackerel,Súðavík,2019,0,0
Mackerel,Súðavík,2020,0,0
Mackerel,Súðavík,2021,0,0
Mackerel,Súðavík,2022,0,0
Mackerel,Súðavík,2023,0,0
Mackerel,Súðavík,2024,0,0
Mackerel,Tálknafjörður,1982,0,0
Mackerel,Tálknafjörður,1983,0,0
Mackerel,Tálknafjörður,1984,0,0
Mackerel,Tálknafjörður,1985,0,0
Mackerel,Tálknafjörður,1986,0,0
Mackerel,Tálknafjörður,1987,0,0
Mackerel,Tálknafjörður,1988,0,0
Mackerel,Tálknafjörður,1989,0,0
Mackerel,Tálknafjörður,1990,0,0
Mackerel,Tálknafjörður,1991,0,0
Mackerel,Tálknafjörður,1992,0,0
Mackerel,Tálknafjörður,1993,0,0
Mackerel,Tálknafjörður,1994,0,0
Mackerel,Tálknafjörður,1995,0,0
Mackerel,Tálknafjörður,1996,0,0
Mackerel,Tálknafjörður,1997,0,0
Mackerel,Tálknafjörður,1998,0,0
Mackerel,Tálknafjörður,1999,0,0
Mackerel,Tálknafjörður,2000,0,0
Mackerel,Tálknafjörður,2001,0,0
Mackerel,Tálknafjörður,2002,0,0
Mackerel,Tálknafjörður,2003,0,0
Mackerel,Tálknafjörður,2004,0,0
Mackerel,Tálknafjörður,2005,0,0
Mackerel,Tálknafjörður,2006,0,0
Mackerel,Tálknafjörður,2007,0,0
Mackerel,Tálknafjörður,2008,0,0
Mackerel,Tálknafjörður,2009,0,0
Mackerel,Tálknafjörður,2010,0,0
Mackerel,Tálknafjörður,2011,0,0
Mackerel,Tálknafjörður,2012,59,4886
Mackerel,Tálknafjörður,2013,15,1142
Mackerel,Tálknafjörður,2014,84,6684
Mackerel,Tálknafjörður,2015,0,0
Mackerel,Tálknafjörður,2016,0,0
Mackerel,Tálknafjörður,2017,0,0
Mackerel,Tálknafjörður,2018,0,0
Mackerel,Tálknafjörður,2019,0,0
Mackerel,Tálknafjörður,2020,0,0
Mackerel,Tálknafjörður,2021,0,0
Mackerel,Tálknafjörður,2022,0,0
Mackerel,Tálknafjörður,2023,0,0
Mackerel,Tálknafjörður,2024,0,0
Mackerel,Vestmannaeyjar,1982,0,0
Mackerel,Vestmannaeyjar,1983,0,0
Mackerel,Vestmannaeyjar,1984,0,0
Mackerel,Vestmannaeyjar,1985,0,0
Mackerel,Vestmannaeyjar,1986,0,0
Mackerel,Vestmannaeyjar,1987,0,0
Mackerel,Vestmannaeyjar,1988,0,0
Mackerel,Vestmannaeyjar,1989,0,0
Mackerel,Vestmannaeyjar,1990,0,0
Mackerel,Vestmannaeyjar,1991,0,0
Mackerel,Vestmannaeyjar,1992,0,0
Mackerel,Vestmannaeyjar,1993,0,0
Mackerel,Vestmannaeyjar,1994,0,0
Mackerel,Vestmannaeyjar,1995,0,0
Mackerel,Vestmannaeyjar,1996,0,0
Mackerel,Vestmannaeyjar,1997,0,0
Mackerel,Vestmannaeyjar,1998,0,0
Mackerel,Vestmannaeyjar,1999,0,0
Mackerel,Vestmannaeyjar,2000,0,6
Mackerel,Vestmannaeyjar,2001,0,0
Mackerel,Vestmannaeyjar,2002,0,0
Mackerel,Vestmannaeyjar,2003,0,0
Mackerel,Vestmannaeyjar,2004,0,1
Mackerel,Vestmannaeyjar,2005,3,27
Mackerel,Vestmannaeyjar,2006,1135,23412
Mackerel,Vestmannaeyjar,2007,4308,59396
Mackerel,Vestmannaeyjar,2008,13918,368668
Mackerel,Vestmannaeyjar,2009,22545,789602
Mackerel,Vestmannaeyjar,2010,25665,1245628
Mackerel,Vestmannaeyjar,2011,36411,2757418
Mackerel,Vestmannaeyjar,2012,32208,2478239
Mackerel,Vestmannaeyjar,2013,32023,2534622
Mackerel,Vestmannaeyjar,2014,32184,2047626
Mackerel,Vestmannaeyjar,2015,36993,1611276
Mackerel,Vestmannaeyjar,2016,32692,1577152
Mackerel,Vestmannaeyjar,2017,26766,1171106
Mackerel,Vestmannaeyjar,2018,21576,900375
Mackerel,Vestmannaeyjar,2019,20310,1072502
Mackerel,Vestmannaeyjar,2020,23984,1286496
Mackerel,Vestmannaeyjar,2021,23361,1376889
Mackerel,Vestmannaeyjar,2022,25110,1539344
Mackerel,Vestmannaeyjar,2023,24938,2125311
Mackerel,Vestmannaeyjar,2024,13874,1000564
Mackerel,Vogar,1982,0,0
Mackerel,Vogar,1983,0,0
Mackerel,Vogar,1984,0,0
Mackerel,Vogar,1985,0,0
Mackerel,Vogar,1986,0,0
Mackerel,Vogar,1987,0,0
Mackerel,Vogar,1988,0,0
Mackerel,Vogar,1989,0,0
Mackerel,Vogar,1990,0,0
Mackerel,Vogar,1991,0,0
Mackerel,Vogar,1992,0,0
Mackerel,Vogar,1993,0,0
Mackerel,Vogar,1994,0,0
Mackerel,Vogar,1995,0,0
Mackerel,Vogar,1996,0,0
Mackerel,Vogar,1997,0,0
Mackerel,Vogar,1998,0,0
Mackerel,Vogar,1999,0,0
Mackerel,Vogar,2000,0,0
Mackerel,Vogar,2001,0,0
Mackerel,Vogar,2002,0,0
Mackerel,Vogar,2003,0,0
Mackerel,Vogar,2004,0,0
Mackerel,Vogar,2005,0,0
Mackerel,Vogar,2006,0,0
Mackerel,Vogar,2007,0,0
Mackerel,Vogar,2008,0,0
Mackerel,Vogar,2009,0,0
Mackerel,Vogar,2010,0,0
Mackerel,Vogar,2011,0,0
Mackerel,Vogar,2012,0,0
Mackerel,Vogar,2013,0,0
Mackerel,Vogar,2014,0,0
Mackerel,Vogar,2015,0,0
Mackerel,Vogar,2016,0,0
Mackerel,Vogar,2017,0,0
Mackerel,Vogar,2018,0,0
Mackerel,Vogar,2019,0,0
Mackerel,Vogar,2020,0,0
Mackerel,Vogar,2021,0,0
Mackerel,Vogar,2022,0,0
Mackerel,Vogar,2023,0,0
Mackerel,Vogar,2024,0,0
Mackerel,Vopnafjörður,1982,0,0
Mackerel,Vopnafjörður,1983,0,0
Mackerel,Vopnafjörður,1984,0,0
Mackerel,Vopnafjörður,1985,0,0
Mackerel,Vopnafjörður,1986,0,0
Mackerel,Vopnafjörður,1987,0,0
Mackerel,Vopnafjörður,1988,0,0
Mackerel,Vopnafjörður,1989,0,0
Mackerel,Vopnafjörður,1990,0,0
Mackerel,Vopnafjörður,1991,0,0
Mackerel,Vopnafjörður,1992,0,0
Mackerel,Vopnafjörður,1993,0,0
Mackerel,Vopnafjörður,1994,0,0
Mackerel,Vopnafjörður,1995,0,0
Mackerel,Vopnafjörður,1996,0,0
Mackerel,Vopnafjörður,1997,0,0
Mackerel,Vopnafjörður,1998,0,0
Mackerel,Vopnafjörður,1999,0,0
Mackerel,Vopnafjörður,2000,0,0
Mackerel,Vopnafjörður,2001,0,0
Mackerel,Vopnafjörður,2002,0,0
Mackerel,Vopnafjörður,2003,0,0
Mackerel,Vopnafjörður,2004,0,0
Mackerel,Vopnafjörður,2005,35,350
Mackerel,Vopnafjörður,2006,0,0
Mackerel,Vopnafjörður,2007,1738,24124
Mackerel,Vopnafjörður,2008,17453,491751
Mackerel,Vopnafjörður,2009,13506,392697
Mackerel,Vopnafjörður,2010,15098,555559
Mackerel,Vopnafjörður,2011,16458,1000452
Mackerel,Vopnafjörður,2012,15757,796442
Mackerel,Vopnafjörður,2013,12049,668639
Mackerel,Vopnafjörður,2014,18577,1009086
Mackerel,Vopnafjörður,2015,18811,831632
Mackerel,Vopnafjörður,2016,22621,1065870
Mackerel,Vopnafjörður,2017,23123,956423
Mackerel,Vopnafjörður,2018,18925,896389
Mackerel,Vopnafjörður,2019,18592,1068138
Mackerel,Vopnafjörður,2020,21533,1383020
Mackerel,Vopnafjörður,2021,17153,976936
Mackerel,Vopnafjörður,2022,20548,1445351
Mackerel,Vopnafjörður,2023,26277,2255053
Mackerel,Vopnafjörður,2024,15358,1337189
Mackerel,Vík í Mýrdal,1982,0,0
Mackerel,Vík í Mýrdal,1983,0,0
Mackerel,Vík í Mýrdal,1984,0,0
Mackerel,Vík í Mýrdal,1985,0,0
Mackerel,Vík í Mýrdal,1986,0,0
Mackerel,Vík í Mýrdal,1987,0,0
Mackerel,Vík í Mýrdal,1988,0,0
Mackerel,Vík í Mýrdal,1989,0,0
Mackerel,Vík í Mýrdal,1990,0,0
Mackerel,Vík í Mýrdal,1991,0,0
Mackerel,Vík í Mýrdal,1992,0,0
Mackerel,Vík í Mýrdal,1993,0,0
Mackerel,Vík í Mýrdal,1994,0,0
Mackerel,Vík í Mýrdal,1995,0,0
Mackerel,Vík í Mýrdal,1996,0,0
Mackerel,Vík í Mýrdal,1997,0,0
Mackerel,Vík í Mýrdal,1998,0,0
Mackerel,Vík í Mýrdal,1999,0,0
Mackerel,Vík í Mýrdal,2000,0,0
Mackerel,Vík í Mýrdal,2001,0,0
Mackerel,Vík í Mýrdal,2002,0,0
Mackerel,Vík í Mýrdal,2003,0,0
Mackerel,Vík í Mýrdal,2004,0,0
Mackerel,Vík í Mýrdal,2005,0,0
Mackerel,Vík í Mýrdal,2006,0,0
Mackerel,Vík í Mýrdal,2007,0,0
Mackerel,Vík í Mýrdal,2008,0,0
Mackerel,Vík í Mýrdal,2009,0,0
Mackerel,Vík í Mýrdal,2010,0,0
Mackerel,Vík í Mýrdal,2011,0,0
Mackerel,Vík í Mýrdal,2012,0,0
Mackerel,Vík í Mýrdal,2013,0,0
Mackerel,Vík í Mýrdal,2014,0,0
Mackerel,Vík í Mýrdal,2015,0,0
Mackerel,Vík í Mýrdal,2016,0,0
Mackerel,Vík í Mýrdal,2017,0,0
Mackerel,Vík í Mýrdal,2018,0,0
Mackerel,Vík í Mýrdal,2019,0,0
Mackerel,Vík í Mýrdal,2020,0,0
Mackerel,Vík í Mýrdal,2021,0,0
Mackerel,Vík í Mýrdal,2022,0,0
Mackerel,Vík í Mýrdal,2023,0,0
Mackerel,Vík í Mýrdal,2024,0,0
Mackerel,Árskógssandur,1982,0,0
Mackerel,Árskógssandur,1983,0,0
Mackerel,Árskógssandur,1984,0,0
Mackerel,Árskógssandur,1985,0,0
Mackerel,Árskógssandur,1986,0,0
Mackerel,Árskógssandur,1987,0,0
Mackerel,Árskógssandur,1988,0,0
Mackerel,Árskógssandur,1989,0,0
Mackerel,Árskógssandur,1990,0,0
Mackerel,Árskógssandur,1991,0,0
Mackerel,Árskógssandur,1992,0,0
Mackerel,Árskógssandur,1993,0,0
Mackerel,Árskógssandur,1994,0,0
Mackerel,Árskógssandur,1995,0,0
Mackerel,Árskógssandur,1996,0,0
Mackerel,Árskógssandur,1997,0,0
Mackerel,Árskógssandur,1998,0,0
Mackerel,Árskógssandur,1999,0,0
Mackerel,Árskógssandur,2000,0,0
Mackerel,Árskógssandur,2001,0,0
Mackerel,Árskógssandur,2002,0,0
Mackerel,Árskógssandur,2003,0,0
Mackerel,Árskógssandur,2004,0,0
Mackerel,Árskógssandur,2005,0,0
Mackerel,Árskógssandur,2006,0,0
Mackerel,Árskógssandur,2007,0,0
Mackerel,Árskógssandur,2008,0,0
Mackerel,Árskógssandur,2009,0,0
Mackerel,Árskógssandur,2010,0,0
Mackerel,Árskógssandur,2011,0,0
Mackerel,Árskógssandur,2012,0,0
Mackerel,Árskógssandur,2013,0,0
Mackerel,Árskógssandur,2014,0,0
Mackerel,Árskógssandur,2015,0,0
Mackerel,Árskógssandur,2016,0,0
Mackerel,Árskógssandur,2017,0,0
Mackerel,Árskógssandur,2018,0,0
Mackerel,Árskógssandur,2019,0,0
Mackerel,Árskógssandur,2020,0,0
Mackerel,Árskógssandur,2021,0,3
Mackerel,Árskógssandur,2022,0,0
Mackerel,Árskógssandur,2023,0,0
Mackerel,Árskógssandur,2024,0,0
Mackerel,Ísafjörður,1982,0,0
Mackerel,Ísafjörður,1983,0,0
Mackerel,Ísafjörður,1984,0,0
Mackerel,Ísafjörður,1985,0,0
Mackerel,Ísafjörður,1986,0,0
Mackerel,Ísafjörður,1987,0,0
Mackerel,Ísafjörður,1988,0,0
Mackerel,Ísafjörður,1989,0,0
Mackerel,Ísafjörður,1990,0,0
Mackerel,Ísafjörður,1991,0,0
Mackerel,Ísafjörður,1992,0,0
Mackerel,Ísafjörður,1993,0,0
Mackerel,Ísafjörður,1994,0,0
Mackerel,Ísafjörður,1995,0,0
Mackerel,Ísafjörður,1996,0,0
Mackerel,Ísafjörður,1997,0,0
Mackerel,Ísafjörður,1998,0,0
Mackerel,Ísafjörður,1999,0,0
Mackerel,Ísafjörður,2000,0,0
Mackerel,Ísafjörður,2001,0,0
Mackerel,Ísafjörður,2002,0,0
Mackerel,Ísafjörður,2003,0,0
Mackerel,Ísafjörður,2004,0,0
Mackerel,Ísafjörður,2005,0,0
Mackerel,Ísafjörður,2006,0,0
Mackerel,Ísafjörður,2007,0,0
Mackerel,Ísafjörður,2008,0,0
Mackerel,Ísafjörður,2009,0,0
Mackerel,Ísafjörður,2010,360,46068
Mackerel,Ísafjörður,2011,157,12595
Mackerel,Ísafjörður,2012,207,18788
Mackerel,Ísafjörður,2013,598,86620
Mackerel,Ísafjörður,2014,473,81349
Mackerel,Ísafjörður,2015,541,69202
Mackerel,Ísafjörður,2016,276,38428
Mackerel,Ísafjörður,2017,0,0
Mackerel,Ísafjörður,2018,0,0
Mackerel,Ísafjörður,2019,0,0
Mackerel,Ísafjörður,2020,0,0
Mackerel,Ísafjörður,2021,0,0
Mackerel,Ísafjörður,2022,0,0
Mackerel,Ísafjörður,2023,0,0
Mackerel,Ísafjörður,2024,0,0
Mackerel,Ólafsfjörður,1982,0,0
Mackerel,Ólafsfjörður,1983,0,0
Mackerel,Ólafsfjörður,1984,0,0
Mackerel,Ólafsfjörður,1985,0,0
Mackerel,Ólafsfjörður,1986,0,0
Mackerel,Ólafsfjörður,1987,0,0
Mackerel,Ólafsfjörður,1988,0,0
Mackerel,Ólafsfjörður,1989,0,0
Mackerel,Ólafsfjörður,1990,0,0
Mackerel,Ólafsfjörður,1991,0,0
Mackerel,Ólafsfjörður,1992,0,0
Mackerel,Ólafsfjörður,1993,0,0
Mackerel,Ólafsfjörður,1994,0,0
Mackerel,Ólafsfjörður,1995,0,0
Mackerel,Ólafsfjörður,1996,0,0
Mackerel,Ólafsfjörður,1997,0,0
Mackerel,Ólafsfjörður,1998,0,0
Mackerel,Ólafsfjörður,1999,0,0
Mackerel,Ólafsfjörður,2000,0,0
Mackerel,Ólafsfjörður,2001,0,0
Mackerel,Ólafsfjörður,2002,0,0
Mackerel,Ólafsfjörður,2003,0,0
Mackerel,Ólafsfjörður,2004,0,0
Mackerel,Ólafsfjörður,2005,0,0
Mackerel,Ólafsfjörður,2006,0,0
Mackerel,Ólafsfjörður,2007,0,0
Mackerel,Ólafsfjörður,2008,0,0
Mackerel,Ólafsfjörður,2009,0,0
Mackerel,Ólafsfjörður,2010,0,0
Mackerel,Ólafsfjörður,2011,137,30330
Mackerel,Ólafsfjörður,2012,1,6
Mackerel,Ólafsfjörður,2013,0,0
Mackerel,Ólafsfjörður,2014,0,10
Mackerel,Ólafsfjörður,2015,0,0
Mackerel,Ólafsfjörður,2016,0,0
Mackerel,Ólafsfjörður,2017,0,0
Mackerel,Ólafsfjörður,2018,0,0
Mackerel,Ólafsfjörður,2019,0,0
Mackerel,Ólafsfjörður,2020,0,0
Mackerel,Ólafsfjörður,2021,0,0
Mackerel,Ólafsfjörður,2022,0,0
Mackerel,Ólafsfjörður,2023,0,0
Mackerel,Ólafsfjörður,2024,0,0
Mackerel,Ólafsvík,1982,0,0
Mackerel,Ólafsvík,1983,0,0
Mackerel,Ólafsvík,1984,0,0
Mackerel,Ólafsvík,1985,0,0
Mackerel,Ólafsvík,1986,0,0
Mackerel,Ólafsvík,1987,0,0
Mackerel,Ólafsvík,1988,0,0
Mackerel,Ólafsvík,1989,0,0
Mackerel,Ólafsvík,1990,0,0
Mackerel,Ólafsvík,1991,0,0
Mackerel,Ólafsvík,1992,0,0
Mackerel,Ólafsvík,1993,0,0
Mackerel,Ólafsvík,1994,0,0
Mackerel,Ólafsvík,1995,0,0
Mackerel,Ólafsvík,1996,0,0
Mackerel,Ólafsvík,1997,0,0
Mackerel,Ólafsvík,1998,0,0
Mackerel,Ólafsvík,1999,0,0
Mackerel,Ólafsvík,2000,0,0
Mackerel,Ólafsvík,2001,0,0
Mackerel,Ólafsvík,2002,0,0
Mackerel,Ólafsvík,2003,0,0
Mackerel,Ólafsvík,2004,0,0
Mackerel,Ólafsvík,2005,0,0
Mackerel,Ólafsvík,2006,0,0
Mackerel,Ólafsvík,2007,0,0
Mackerel,Ólafsvík,2008,0,0
Mackerel,Ólafsvík,2009,1,136
Mackerel,Ólafsvík,2010,11,651
Mackerel,Ólafsvík,2011,12,1501
Mackerel,Ólafsvík,2012,174,21097
Mackerel,Ólafsvík,2013,1007,98501
Mackerel,Ólafsvík,2014,2262,198497
Mackerel,Ólafsvík,2015,648,40207
Mackerel,Ólafsvík,2016,1055,65326
Mackerel,Ólafsvík,2017,1089,47022
Mackerel,Ólafsvík,2018,846,55934
Mackerel,Ólafsvík,2019,493,37467
Mackerel,Ólafsvík,2020,0,0
Mackerel,Ólafsvík,2021,0,0
Mackerel,Ólafsvík,2022,14,0
Mackerel,Ólafsvík,2023,1,210
Mackerel,Ólafsvík,2024,0,0
Mackerel,Þingeyri,1982,0,0
Mackerel,Þingeyri,1983,0,0
Mackerel,Þingeyri,1984,0,0
Mackerel,Þingeyri,1985,0,0
Mackerel,Þingeyri,1986,0,0
Mackerel,Þingeyri,1987,0,0
Mackerel,Þingeyri,1988,0,0
Mackerel,Þingeyri,1989,0,0
Mackerel,Þingeyri,1990,0,0
Mackerel,Þingeyri,1991,0,0
Mackerel,Þingeyri,1992,0,0
Mackerel,Þingeyri,1993,0,0
Mackerel,Þingeyri,1994,0,0
Mackerel,Þingeyri,1995,0,0
Mackerel,Þingeyri,1996,0,0
Mackerel,Þingeyri,1997,0,0
Mackerel,Þingeyri,1998,0,0
Mackerel,Þingeyri,1999,0,0
Mackerel,Þingeyri,2000,0,0
Mackerel,Þingeyri,2001,0,0
Mackerel,Þingeyri,2002,0,0
Mackerel,Þingeyri,2003,0,0
Mackerel,Þingeyri,2004,0,0
Mackerel,Þingeyri,2005,0,0
Mackerel,Þingeyri,2006,0,0
Mackerel,Þingeyri,2007,0,0
Mackerel,Þingeyri,2008,0,0
Mackerel,Þingeyri,2009,0,0
Mackerel,Þingeyri,2010,0,0
Mackerel,Þingeyri,2011,0,0
Mackerel,Þingeyri,2012,0,0
Mackerel,Þingeyri,2013,0,0
Mackerel,Þingeyri,2014,0,0
Mackerel,Þingeyri,2015,0,0
Mackerel,Þingeyri,2016,0,0
Mackerel,Þingeyri,2017,0,0
Mackerel,Þingeyri,2018,0,0
Mackerel,Þingeyri,2019,0,0
Mackerel,Þingeyri,2020,0,0
Mackerel,Þingeyri,2021,0,0
Mackerel,Þingeyri,2022,0,0
Mackerel,Þingeyri,2023,0,0
Mackerel,Þingeyri,2024,0,0
Mackerel,Þorlákshöfn,1982,0,0
Mackerel,Þorlákshöfn,1983,0,0
Mackerel,Þorlákshöfn,1984,0,0
Mackerel,Þorlákshöfn,1985,0,0
Mackerel,Þorlákshöfn,1986,0,0
Mackerel,Þorlákshöfn,1987,0,0
Mackerel,Þorlákshöfn,1988,0,0
Mackerel,Þorlákshöfn,1989,0,0
Mackerel,Þorlákshöfn,1990,0,0
Mackerel,Þorlákshöfn,1991,0,0
Mackerel,Þorlákshöfn,1992,0,0
Mackerel,Þorlákshöfn,1993,0,0
Mackerel,Þorlákshöfn,1994,0,0
Mackerel,Þorlákshöfn,1995,0,0
Mackerel,Þorlákshöfn,1996,0,0
Mackerel,Þorlákshöfn,1997,0,0
Mackerel,Þorlákshöfn,1998,0,0
Mackerel,Þorlákshöfn,1999,0,0
Mackerel,Þorlákshöfn,2000,0,0
Mackerel,Þorlákshöfn,2001,0,0
Mackerel,Þorlákshöfn,2002,0,0
Mackerel,Þorlákshöfn,2003,0,0
Mackerel,Þorlákshöfn,2004,0,0
Mackerel,Þorlákshöfn,2005,0,0
Mackerel,Þorlákshöfn,2006,0,0
Mackerel,Þorlákshöfn,2007,0,0
Mackerel,Þorlákshöfn,2008,0,3
Mackerel,Þorlákshöfn,2009,0,0
Mackerel,Þorlákshöfn,2010,15,1169
Mackerel,Þorlákshöfn,2011,1784,168884
Mackerel,Þorlákshöfn,2012,2677,283051
Mackerel,Þorlákshöfn,2013,2144,180407
Mackerel,Þorlákshöfn,2014,2242,241843
Mackerel,Þorlákshöfn,2015,146,10255
Mackerel,Þorlákshöfn,2016,0,5
Mackerel,Þorlákshöfn,2017,1,66
Mackerel,Þorlákshöfn,2018,0,10
Mackerel,Þorlákshöfn,2019,0,0
Mackerel,Þorlákshöfn,2020,0,0
Mackerel,Þorlákshöfn,2021,0,5
Mackerel,Þorlákshöfn,2022,0,0
Mackerel,Þorlákshöfn,2023,0,0
Mackerel,Þorlákshöfn,2024,0,0
Mackerel,Þórshöfn,1982,0,0
Mackerel,Þórshöfn,1983,0,0
Mackerel,Þórshöfn,1984,0,0
Mackerel,Þórshöfn,1985,0,0
Mackerel,Þórshöfn,1986,0,0
Mackerel,Þórshöfn,1987,0,0
Mackerel,Þórshöfn,1988,0,0
Mackerel,Þórshöfn,1989,0,0
Mackerel,Þórshöfn,1990,0,0
Mackerel,Þórshöfn,1991,0,0
Mackerel,Þórshöfn,1992,0,0
Mackerel,Þórshöfn,1993,0,0
Mackerel,Þórshöfn,1994,0,0
Mackerel,Þórshöfn,1995,0,0
Mackerel,Þórshöfn,1996,0,0
Mackerel,Þórshöfn,1997,0,0
Mackerel,Þórshöfn,1998,0,0
Mackerel,Þórshöfn,1999,0,0
Mackerel,Þórshöfn,2000,0,0
Mackerel,Þórshöfn,2001,0,0
Mackerel,Þórshöfn,2002,0,0
Mackerel,Þórshöfn,2003,0,0
Mackerel,Þórshöfn,2004,0,3
Mackerel,Þórshöfn,2005,0,0
Mackerel,Þórshöfn,2006,101,1725
Mackerel,Þórshöfn,2007,10333,135818
Mackerel,Þórshöfn,2008,15890,631031
Mackerel,Þórshöfn,2009,8810,373659
Mackerel,Þórshöfn,2010,7482,523718
Mackerel,Þórshöfn,2011,4046,649878
Mackerel,Þórshöfn,2012,7271,646022
Mackerel,Þórshöfn,2013,5216,373776
Mackerel,Þórshöfn,2014,6530,339052
Mackerel,Þórshöfn,2015,8005,309868
Mackerel,Þórshöfn,2016,7944,335105
Mackerel,Þórshöfn,2017,10963,385080
Mackerel,Þórshöfn,2018,8619,363799
Mackerel,Þórshöfn,2019,8576,468700
Mackerel,Þórshöfn,2020,12921,689514
Mackerel,Þórshöfn,2021,12575,691470
Mackerel,Þórshöfn,2022,9940,663806
Mackerel,Þórshöfn,2023,13905,1271875
Mackerel,Þórshöfn,2024,5371,422217
